fWAR,bWAR,Off,Def,BsR,Barrel%,HardHit%,EV,maxEV,wRC+,wOBA,xwOBA,wOBA-xwOBA,xBA,xSLG,OPS,SLG,OBP,AVG,ISO,BABIP,G,PA,AB,R,RBI,HR,XBH,TB,H,1B,2B,3B,SB,BB,IBB,SO,K%,BB%,Chase%,Whiff%,WPA,Clutch,FRV,OAA,DRS,FRM,TZ,Swing%,Z-Swing%,O-Contact%,Z-Contact%,Zone%,BatSpd,Squared-Up%
,8.34,72.0570279767379,0.7407407164573669,0.536618284881115,,,,,186.41261951325515,0.5061828277607587,,,,,1.106377188,0.643382352,0.462994836,0.426470588,0.216911764,,131,582,544,145,125,14,76,350,232,156,48,14,27,24,,,,0.041237113,,,,,,,,,0.0,,,,,,,
,7.17,51.029007466196326,5.839506149291992,4.760226264595985,,,,,156.6983437769656,0.425513188827214,,,,,0.910701947,0.493624772,0.417077175,0.353369763,0.140255009,,140,619,549,101,126,6,54,271,194,140,37,11,49,53,,,,0.08562197,,,,,,,,,4.0,,,,,,,
,7.24,59.88451534360709,-7.012345790863037,-0.8997172713279724,,,,,168.50919054769471,0.4440215742410119,,,,,0.949449921,0.509151414,0.440298507,0.376039933,0.133111481,,142,673,601,142,75,10,45,306,226,181,20,15,27,59,,,,0.087667161,,,,,,,,,0.0,,,,,,,
,6.59,44.02932033459171,8.185184955596924,1.4138058573007584,,,,,152.8188907042246,0.4172250187655721,,,,,0.89899833,0.5,0.39899833,0.333333333,0.166666667,,138,612,540,112,88,8,57,270,180,123,32,17,30,52,,,,0.08496732,,,,,,,,,15.0,,,,,,,
,7.84,19.24726368165789,33.27160453796387,-0.7798303663730621,,,,,126.0568759130548,0.3718696816013329,,,,,0.80169443,0.45090909,0.35078534,0.323636363,0.127272727,,134,583,550,69,91,2,51,248,178,127,34,15,15,20,,,,0.034305317,,,,,,,,,25.0,,,,,,,
,6.52,56.16427416366128,-3.788645267486572,0.7854250743985176,,,,,167.6433780694054,0.4424206960806089,,,,,0.954843852,0.527675276,0.427168576,0.354243542,0.173431734,,139,621,542,106,108,8,62,286,192,130,38,16,29,65,,,,0.104669887,,,,,,,,,2.0,,,,,,,
,6.67,28.045053917007067,20.25925922393799,-0.2822167873382568,,,,,132.38916699336295,0.4017646158512552,,,,,0.869473554,0.494680851,0.374792703,0.331560283,0.163120568,,138,615,564,108,94,6,64,279,187,123,42,16,19,34,,,,0.055284552,,,,,,,,,16.0,,,,,,,
,6.32,50.789765328989574,-1.580246925354004,2.2374137863516808,,,,,160.47361610497552,0.4350813355776343,,,,,0.943536952,0.534296028,0.409240924,0.353790613,0.180505415,,133,609,554,116,104,11,59,296,196,137,29,19,35,47,,,,0.077175697,,,,,,,,,4.0,,,,,,,
,5.6,49.17229237006411,-8.913580417633057,2.80744206905365,,,,,155.2973995684582,0.4166901241546558,,,,,0.888812447,0.474910394,0.413902053,0.335125448,0.139784946,,140,636,558,111,54,7,48,265,187,139,25,16,41,74,,,,0.116352201,,,,,,,,,-2.0,,,,,,,
,5.03,33.57968638261567,1.8209877014160156,-0.1121885105967521,,,,,142.52297779399308,0.4014207572758603,,,,,0.855658392,0.461100569,0.394557823,0.324478178,0.136622391,,129,601,527,118,60,6,45,243,171,126,24,15,23,51,,,,0.084858569,,,,,,,,,8.0,,,,,,,
,4.98,10.208130619357991,19.518518447875977,-1.1342054903507233,,,,,113.56423634014882,0.3672516295518824,,,,,0.774966824,0.408123791,0.366843033,0.305609284,0.102514507,,138,588,517,87,59,4,36,211,158,122,23,9,16,41,,,,0.069727891,,,,,,,,,11.0,,,,,,,
,4.24,27.183852006282365,-0.2592592239379883,0.0074420273303985,,,,,129.8128996123071,0.3893383064528591,,,,,0.80707807,0.400379506,0.406698564,0.294117647,0.106261859,,132,641,527,112,60,2,41,211,155,114,28,11,27,86,,,,0.134165366,,,,,,,,,3.0,,,,,,,
,4.79,34.411351714149916,-3.9692306518554688,-0.7830122709274292,,,,,145.16091415373904,0.4251799018294723,,,,,0.920408163,0.520408163,0.4,0.33877551,0.181632653,,129,548,490,88,114,12,50,255,166,116,23,15,17,44,,,,0.08029197,,,,,,,,,0.0,,,,,,,
,3.87,26.826150444954447,0.8148148059844971,-0.8745184019207954,,,,,134.8454362107242,0.3866773614672577,,,,,0.771104056,0.334029227,0.437074829,0.308977035,0.025052192,,129,603,479,102,28,1,8,160,148,140,5,2,27,100,,,,0.165837479,,,,,,,,,4.0,,,,,,,
,4.21,28.78858487720383,-0.0802469253540039,2.164999082684517,,,,,134.73345171218278,0.4137132962544759,,,,,0.883452815,0.474789915,0.4086629,0.340336134,0.134453781,,121,539,476,107,67,5,41,226,162,121,23,13,33,53,,,,0.098330241,,,,,,,,,5.0,,,,,,,
,4.87,18.228563999440237,10.5,1.6201696693897247,,,,,123.41630327836222,0.3672235694208914,,,,,0.782134709,0.425661914,0.356472795,0.301425661,0.124236253,,130,538,491,69,65,7,40,209,148,108,26,7,27,40,,,,0.074349442,,,,,,,,,3.0,,,,,,,
,4.22,20.37715092814146,4.740740776062012,1.390197940170765,,,,,122.40160715405015,0.3834537640213966,,,,,0.815571062,0.438834951,0.376736111,0.302912621,0.13592233,,131,596,515,105,72,6,42,226,156,114,20,16,29,54,,,,0.090604026,,,,,,,,,8.0,,,,,,,
,4.52,27.882041623283737,-0.9135801792144777,2.620169684290886,,,,,135.5508285027894,0.3880055897108471,,,,,0.836531734,0.470119521,0.366412213,0.338645418,0.131474103,,118,539,502,94,67,6,42,236,170,128,24,12,32,21,,,,0.038961038,,,,,,,,,2.0,,,,,,,
,3.76,24.133498941274745,-1.4444446563720703,1.779061280190945,,,,,124.99097877066812,0.3804979611145494,,,,,0.777121926,0.364683301,0.412438625,0.310940499,0.053742802,,133,629,521,120,65,2,21,190,162,141,16,3,38,84,,,,0.13354531,,,,,,,,,5.0,,,,,,,
,3.92,22.882582255230744,0.7160494327545166,1.7398002073168757,,,,,127.36764823605677,0.3692207591287021,,,,,0.784649713,0.42085661,0.363793103,0.312849162,0.108007448,,133,586,537,82,61,6,34,226,168,134,16,12,31,40,,,,0.068259385,,,,,,,,,4.0,,,,,,,
,3.67,25.922522394192463,-3.2839505672454834,2.0594307482242584,,,,,129.38454424966247,0.3790906945995937,,,,,0.800013055,0.417562724,0.382450331,0.331541218,0.086021506,,133,616,558,120,72,8,27,233,185,158,14,5,36,44,,,,0.071428571,,,,,,,,,0.0,,,,,,,
,4.8,34.81714690052837,-10.271605014801024,-1.3814213275909424,,,,,149.11934280287343,0.4145856986174712,,,,,0.902650222,0.524271844,0.378378378,0.330097087,0.194174757,,131,559,515,91,104,16,52,270,170,118,20,16,13,37,,,,0.066189624,,,,,,,,,-4.0,,,,,,,
,4.35,25.46444876452049,-3.5,3.068976476788521,,,,,125.94428437913822,0.3869635092085273,,,,,0.835561774,0.475694444,0.35986733,0.329861111,0.145833333,,138,607,576,90,99,8,61,274,190,129,46,7,35,24,,,,0.039538714,,,,,,,,,1.0,,,,,,,
,3.81,15.955491334258037,8.672839403152466,2.6469595059752464,,,,,118.17159630809476,0.3679955377146102,,,,,0.786319225,0.43128964,0.355029585,0.308668076,0.122621564,,120,515,473,77,89,3,39,204,146,107,23,13,31,25,,,,0.048543689,,,,,,,,,5.0,,,,,,,
,3.87,19.74069428509729,5.469135761260986,0.5177832245826721,,,,,126.6088194023317,0.3919947902041097,,,,,0.825418159,0.42824074,0.397177419,0.30787037,0.12037037,,121,508,432,76,76,3,35,185,133,98,21,11,23,57,,,,0.112204724,,,,,,,,,-2.0,,,,,,,
,4.0,25.955846893289348,-3.0,0.0925843492150306,,,,,132.0188061164655,0.4087363575353605,,,,,0.883203182,0.49500998,0.388193202,0.317365269,0.177644711,,130,568,501,113,96,7,54,248,159,105,26,21,21,56,,,,0.098591549,,,,,,,,,-3.0,,,,,,,
,3.79,24.330614628522923,-3.0,2.193379856646061,,,,,129.15236881783727,0.3818477889253057,,,,,0.815255503,0.444230769,0.371024734,0.315384615,0.128846154,,133,576,520,88,90,3,51,231,164,113,38,10,31,42,,,,0.072916666,,,,,,,,,-3.0,,,,,,,
,3.67,12.926823112081332,5.753086417913437,4.890993468463421,,,,,109.07011589281406,0.3513091937028749,,,,,0.742930606,0.396330275,0.346600331,0.27706422,0.119266055,,137,623,545,94,98,5,38,216,151,113,16,17,46,52,,,,0.083467094,,,,,,,,,6.0,,,,,,,
,3.81,25.54900081273054,-6.308823585510254,-0.4161658957600593,,,,,132.55432560437825,0.3827545389682553,,,,,0.801477607,0.405156537,0.39632107,0.335174953,0.069981584,,135,605,543,82,47,1,30,220,182,152,23,6,24,51,,,,0.08429752,,,,,,,,,-3.0,,,,,,,
,3.66,31.258728575396276,-1.870370388031006,1.4485504403710363,,,,,168.0587575188998,0.4748107761824169,,,,,0.995212287,0.487068965,0.508143322,0.349137931,0.137931034,,73,308,232,71,28,0,23,113,81,58,14,9,24,61,,,,0.198051948,,,,,,,,,-4.0,,,,,,,
,3.58,13.261079418177864,10.086419582366943,1.6517323479056358,,,,,118.1411762532848,0.3810162904026272,,,,,0.822730749,0.464622641,0.358108108,0.327830188,0.136792453,,100,450,424,82,73,2,42,197,139,97,28,12,23,19,,,,0.042222222,,,,,,,,,7.0,,,,,,,
,3.46,15.198843869494668,0.9506173133850098,2.0594307482242584,,,,,114.95056667693405,0.3662470734722268,,,,,0.759960156,0.376599634,0.383360522,0.308957952,0.067641682,,137,618,547,102,40,0,31,206,169,138,25,6,36,58,,,,0.093851132,,,,,,,,,5.0,,,,,,,
,3.3,26.47386614537165,-5.760708332061768,-0.8050292357802391,,,,,138.05979155269864,0.4175344008591867,,,,,0.900518176,0.503340757,0.397177419,0.334075723,0.169265034,,114,504,449,74,90,8,46,226,150,104,24,14,15,40,,,,0.079365079,,,,,,,,,-1.0,,,,,,,
,3.14,17.844551331284723,-0.5185184478759766,2.064203605055809,,,,,119.53612362073385,0.3704972155860339,,,,,0.766864924,0.382663847,0.384201077,0.274841437,0.10782241,,132,568,473,83,59,4,34,181,130,96,21,9,33,75,,,,0.132042253,,,,,,,,,6.0,,,,,,,
,2.76,12.272983146765622,2.6666667461395264,-0.1169613674283027,,,,,113.82926101576804,0.3685651833900096,,,,,0.763461526,0.378228782,0.385232744,0.293357933,0.084870849,,135,630,542,110,65,4,29,205,159,130,16,9,26,76,,,,0.12063492,,,,,,,,,6.0,,,,,,,
,3.58,-5.099831898493386,21.962963104248047,1.0469594821333883,,,,,91.56866579169368,0.3179705815437512,,,,,0.671308143,0.35812133,0.313186813,0.266144814,0.091976516,,131,553,511,69,82,4,30,183,136,106,17,9,23,30,,,,0.054249547,,,,,,,,,14.0,,,,,,,
,3.05,19.172627544796544,-7.779209136962891,-0.3893760740756988,,,,,123.00523015706882,0.3714001209357003,,,,,0.789349447,0.420168067,0.36918138,0.339495798,0.080672269,,136,645,595,123,43,2,32,250,202,170,18,12,23,21,,,,0.032558139,,,,,,,,,-2.0,,,,,,,
,3.34,4.909312939656298,7.061728395521641,-1.71218853443861,,,,,108.22031068826554,0.3431199938058853,,,,,0.711811811,0.353703703,0.358108108,0.296296296,0.057407407,,140,611,540,66,74,1,25,191,160,135,20,4,15,47,,,,0.076923076,,,,,,,,,7.0,,,,,,,
,3.41,2.897258169202253,11.074304103851318,-0.6034382805228233,,,,,104.46758698301018,0.3470279357650063,,,,,0.739464411,0.403100775,0.336363636,0.292635658,0.110465117,,133,551,516,95,55,1,42,208,151,109,28,13,15,26,,,,0.047186932,,,,,,,,,7.0,,,,,,,
,3.07,9.987929919800436,8.086419820785522,0.402925543487072,,,,,117.8198939316499,0.3594354316217815,,,,,0.769193561,0.422459893,0.346733668,0.304812834,0.117647059,,98,408,374,64,44,2,27,158,114,87,12,13,16,20,,,,0.049019607,,,,,,,,,5.0,,,,,,,
,3.11,15.429328968186468,-2.395061731338501,-0.3310235738754272,,,,,122.17941693788356,0.3699965699810848,,,,,0.787413569,0.424796747,0.362616822,0.306910569,0.117886178,,120,539,492,77,65,4,38,209,151,113,22,12,18,40,,,,0.074211502,,,,,,,,,1.0,,,,,,,
,2.45,17.116804451819295,-4.382715940475464,0.94139114767313,,,,,124.3927274645039,0.3710143066610885,,,,,0.768945657,0.38028169,0.388663967,0.291079812,0.089201878,,112,503,426,98,40,2,23,162,124,101,10,11,26,66,,,,0.131212723,,,,,,,,,1.0,,,,,,,
,2.74,8.518977082948371,2.3888888359069824,0.8989481702446938,,,,,110.20627997106097,0.3664687219828424,,,,,0.791344188,0.451612903,0.339731285,0.306451612,0.145161291,,117,525,496,92,76,8,46,224,152,106,28,10,21,23,,,,0.043809523,,,,,,,,,6.0,,,,,,,
,2.3,-3.222244362384436,10.919753074645996,2.566590040922165,,,,,93.14709292488352,0.3306472012677143,,,,,0.692458953,0.357407407,0.335051546,0.283333333,0.074074074,,128,594,540,105,46,2,27,193,153,126,16,9,34,32,,,,0.053872053,,,,,,,,,7.0,,,,,,,
,2.39,12.697319389578912,1.5308642387390137,0.1697719097137451,,,,,122.35888229241874,0.3737702429867707,,,,,0.760167992,0.356321839,0.403846153,0.287356321,0.068965518,,102,425,348,71,38,3,16,124,100,84,11,2,20,64,,,,0.150588235,,,,,,,,,4.0,,,,,,,
,3.87,12.020184612633637,-6.320987701416016,-3.257017962634563,,,,,118.2491682143543,0.3621187944722369,,,,,0.775651807,0.429310344,0.346341463,0.306896551,0.122413793,,140,635,580,78,79,3,52,249,178,126,36,13,4,28,,,,0.044094488,,,,,,,,,-2.0,,,,,,,
,3.08,7.307134698239338,-0.617283821105957,-0.6350009590387344,,,,,110.10797137532568,0.3447629464838149,,,,,0.716806306,0.363461538,0.353344768,0.275,0.088461538,,142,596,520,77,79,2,30,189,143,113,16,12,19,50,,,,0.083892617,,,,,,,,,-5.0,,,,,,,
,2.78,6.995113140564762,-0.3703703880310058,1.4421866312623024,,,,,107.28730672752192,0.3399689489222587,,,,,0.714969747,0.370998116,0.343971631,0.303201506,0.06779661,,130,578,531,92,73,1,29,197,161,132,23,5,28,27,,,,0.046712802,,,,,,,,,6.0,,,,,,,
,2.54,10.662420197967876,2.9567900896072388,0.3305108398199081,,,,,118.96932927055816,0.3800566311906145,,,,,0.820525974,0.469740634,0.35078534,0.285302593,0.184438041,,94,383,347,57,56,9,36,163,99,63,17,10,14,27,,,,0.070496083,,,,,,,,,4.0,,,,,,,
,2.52,5.630804447420159,6.870370388031006,-0.5750575065612793,,,,,111.3979046970304,0.3468259707715646,,,,,0.725658495,0.369393139,0.356265356,0.308707124,0.060686015,,93,413,379,42,43,0,19,140,117,98,15,4,13,22,,,,0.053268765,,,,,,,,,4.0,,,,,,,
,2.07,8.102984048409212,-2.4691357612609863,2.99337986856699,,,,,106.10017262832883,0.354394936150518,,,,,0.752510755,0.405959031,0.346551724,0.294227188,0.111731843,,131,589,537,90,62,4,42,218,158,116,28,10,35,37,,,,0.062818336,,,,,,,,,4.0,,,,,,,
,2.27,-5.323057098094797,9.617283940315248,0.7665900141000748,,,,,92.53767018536271,0.3230861539600276,,,,,0.684959876,0.363951473,0.321008403,0.299826689,0.064124784,,140,619,577,83,72,5,23,210,173,150,14,4,25,17,,,,0.027463651,,,,,,,,,9.0,,,,,,,
,2.32,10.60386062749177,-5.232360124588013,3.4138058871030807,,,,,109.45212259721605,0.3434900681035095,,,,,0.705223214,0.340770791,0.364452423,0.281947261,0.05882353,,135,577,493,55,34,1,21,168,139,118,14,6,40,59,,,,0.102253032,,,,,,,,,-8.0,,,,,,,
,2.08,-4.865289699825939,8.0,2.3177832514047623,,,,,91.65118064746328,0.3279046466795065,,,,,0.690921203,0.363802559,0.327118644,0.274223034,0.089579525,,135,605,547,82,75,3,31,199,150,119,16,12,32,41,,,,0.067768595,,,,,,,,,8.0,,,,,,,
,2.04,7.472038281176257,-5.290123462677002,0.593379832804203,,,,,108.56760459807582,0.3437102540334065,,,,,0.732526501,0.397526501,0.335,0.295053003,0.102473498,,139,609,566,92,91,0,42,225,167,125,26,16,23,29,,,,0.047619047,,,,,,,,,-1.0,,,,,,,
,1.92,10.309790076673384,-1.1234567165374756,0.004516489803791,,,,,121.1266561634468,0.3682072992893415,,,,,0.78784937,0.43283582,0.35501355,0.289552238,0.143283582,,91,370,335,47,53,3,28,145,97,69,11,14,13,32,,,,0.086486486,,,,,,,,,1.0,,,,,,,
,1.81,-6.968278436085617,5.009824514389038,6.368181049823761,,,,,84.67645353908013,0.3065866844880959,,,,,0.639654219,0.32913669,0.310517529,0.257194244,0.071942446,,137,612,556,93,70,3,26,183,143,117,15,8,52,36,,,,0.058823529,,,,,,,,,9.0,,,,,,,
,2.47,5.652351640660765,3.635802388191223,-1.6175004988908768,,,,,118.62974151252746,0.3627656163001547,,,,,0.765432566,0.401486988,0.363945578,0.304832713,0.096654275,,82,296,269,24,24,1,19,108,82,63,13,5,3,23,,,,0.077702702,,,,,,,,,2.0,,,,,,,
,1.97,-1.0085029931172418,-1.5,1.0185787081718445,,,,,97.67847671664558,0.3410227077179833,,,,,0.7211119,0.385585585,0.335526315,0.272072072,0.113513513,,135,614,555,100,63,3,46,214,151,105,32,11,25,52,,,,0.084690553,,,,,,,,,0.0,,,,,,,
,1.55,-2.9576681129338818,0.4009623527526855,3.416987791657448,,,,,92.35056616108432,0.336009958308676,,,,,0.710334631,0.372943327,0.337391304,0.303473491,0.069469836,,134,586,547,84,77,1,28,204,166,138,19,8,38,28,,,,0.047781569,,,,,,,,,7.0,,,,,,,
,1.93,9.309173156664984,-5.222222328186035,-1.2994609102606771,,,,,118.8379849179215,0.373374133590678,,,,,0.784295225,0.402332361,0.381962864,0.320699708,0.081632653,,86,396,343,60,32,0,21,138,110,89,14,7,9,30,,,,0.075757575,,,,,,,,,-1.0,,,,,,,
,2.43,8.44812449364289,-12.171329498291016,-2.7861942052841187,,,,,112.95051581382504,0.3690219437223107,,,,,0.782747298,0.415026833,0.367720465,0.320214669,0.094812164,,138,610,559,70,73,1,39,232,179,140,26,12,9,40,,,,0.06557377,,,,,,,,,-6.0,,,,,,,
,1.78,5.9698664809995545,-5.310778886079788,-1.3262507319450378,,,,,110.75582146880306,0.3641400179442237,,,,,0.774486843,0.421545667,0.352941176,0.278688524,0.142857143,,115,477,427,69,60,7,36,180,119,83,18,11,10,45,,,,0.094339622,,,,,,,,,0.0,,,,,,,
,1.81,-8.671502389769968,5.654321193695068,0.6217606067657471,,,,,88.33055067679724,0.318003771727874,,,,,0.666171162,0.349900596,0.316270566,0.256461232,0.093439364,,131,560,503,74,64,5,31,176,129,98,20,6,21,36,,,,0.064285714,,,,,,,,,-2.0,,,,,,,
,1.35,-6.5165402473632525,4.574074029922485,-0.8302281051874161,,,,,91.50936941084004,0.321338455448811,,,,,0.661629959,0.32150776,0.340122199,0.281596452,0.039911308,,115,508,451,66,22,1,15,145,127,112,13,1,15,37,,,,0.072834645,,,,,,,,,8.0,,,,,,,
,1.57,-18.78728682627667,14.06128429993987,-0.6002563759684563,,,,,77.3247099216657,0.3008113168719886,,,,,0.639759469,0.349904397,0.289855072,0.250478011,0.099426386,,138,564,523,68,63,2,33,183,131,98,16,15,13,23,,,,0.040780141,,,,,,,,,14.0,,,,,,,
,1.83,2.39489696345922,-9.209876537322998,-0.9641772136092186,,,,,103.62834660614438,0.3493238447234034,,,,,0.734176421,0.377926421,0.35625,0.311036789,0.066889632,,141,651,598,102,52,0,31,226,186,155,22,9,20,38,,,,0.058371735,,,,,,,,,-4.0,,,,,,,
,1.8,6.165245233066941,-6.179012298583984,0.2753402441740036,,,,,109.52595243617642,0.3437737479354396,,,,,0.725768321,0.392434988,0.333333333,0.271867612,0.120567376,,103,469,423,73,56,6,30,166,115,85,15,9,17,16,,,,0.034115138,,,,,,,,,-3.0,,,,,,,
,2.33,-6.577878846236364,6.209876537322998,-1.8758530020713808,,,,,92.88946594802628,0.332242698585961,,,,,0.694981695,0.360189573,0.334792122,0.279620853,0.08056872,,110,465,422,58,54,3,23,152,118,95,15,5,7,23,,,,0.049462365,,,,,,,,,3.0,,,,,,,
,1.95,-5.603260798332653,2.493827164173126,1.6469594910740852,,,,,89.83454319122556,0.3103062572227808,,,,,0.645789284,0.331288343,0.314500941,0.255623721,0.075664622,,123,541,489,71,62,2,26,162,125,99,17,7,26,31,,,,0.057301293,,,,,,,,,2.0,,,,,,,
,1.48,6.617726871449593,5.717617511749268,-1.1087502539157867,,,,,147.2447814640801,0.4212973245552608,,,,,0.873394863,0.426966292,0.446428571,0.303370786,0.123595506,,35,115,89,21,14,2,6,38,27,21,3,1,0,23,,,,0.2,,,,,,,,,0.0,,,,,,,
,1.56,11.058375418189032,-5.2452380657196045,3.15730070322752,,,,,121.17740271642502,0.3586998267840313,,,,,0.737339936,0.36099585,0.376344086,0.278008298,0.082987552,,69,283,241,38,36,0,16,87,67,51,12,4,27,29,,,,0.102473498,,,,,,,,,-3.0,,,,,,,
,1.64,-5.416883508737077,1.2283949851989746,-0.1766484528779983,,,,,93.2758038871392,0.3329509973969983,,,,,0.711830472,0.395256916,0.316573556,0.274703557,0.120553359,,137,548,506,75,68,6,36,200,139,103,17,13,16,25,,,,0.045620437,,,,,,,,,-3.0,,,,,,,
,1.56,16.678633368218485,-17.086419582366943,1.5745447874069214,,,,,122.50208117006596,0.391288718351951,,,,,0.847285067,0.481900452,0.365384615,0.328054298,0.153846154,,115,472,442,78,93,2,43,213,145,102,20,21,24,18,,,,0.038135593,,,,,,,,,-24.0,,,,,,,
,1.07,-33.401731375192654,26.518518447875977,1.102130077779293,,,,,53.180275306722194,0.2561943824676906,,,,,0.537460253,0.283783783,0.25367647,0.216216216,0.067567567,,138,559,518,54,68,3,23,147,112,89,14,6,20,25,,,,0.044722719,,,,,,,,,18.0,,,,,,,
,0.9,-6.579542935017326,-1.3157894611358645,2.8405956998467445,,,,,89.17629283902833,0.3279130602843009,,,,,0.688616324,0.354723707,0.333892617,0.292335115,0.062388592,,132,612,561,95,52,0,26,199,164,138,17,9,36,32,,,,0.052287581,,,,,,,,,1.0,,,,,,,
,1.47,9.318509647446994,-3.222222328186035,1.4612780585885048,,,,,124.33962363481724,0.3831405362912586,,,,,0.817857142,0.442857142,0.375,0.333333333,0.109523809,,62,227,210,32,27,1,15,93,70,55,8,6,16,11,,,,0.048458149,,,,,,,,,-1.0,,,,,,,
,1.18,2.6750657533741804,-1.407407283782959,0.2817040532827377,,,,,105.23180832275555,0.3363460822794641,,,,,0.696487525,0.354304635,0.34218289,0.261589403,0.092715232,,82,347,302,38,39,1,24,107,79,55,21,2,13,25,,,,0.072046109,,,,,,,,,1.0,,,,,,,
,1.73,-2.178791522853978,2.5987653732299805,-1.118295967578888,,,,,97.9735719162636,0.3351220298599411,,,,,0.711316139,0.384393063,0.326923076,0.291907514,0.092485549,,98,368,346,45,49,1,27,133,101,74,23,3,6,12,,,,0.032608695,,,,,,,,,0.0,,,,,,,
,0.86,0.5578758024279593,0.407407283782959,-1.4678982347249985,,,,,104.71353094901708,0.3403115753801713,,,,,0.717030188,0.375415282,0.341614906,0.295681063,0.079734219,,85,326,301,28,40,0,20,113,89,69,16,4,4,18,,,,0.055214723,,,,,,,,,-2.0,,,,,,,
,0.5,4.535115077370134,1.006172776222229,0.4376701265573501,,,,,116.44463678602553,0.3554033893410877,,,,,0.740909937,0.369942196,0.370967741,0.323699421,0.046242775,,51,189,173,14,23,0,7,64,56,49,6,1,10,11,,,,0.058201058,,,,,,,,,0.0,,,,,,,
,0.95,-13.23462017325151,1.3007936477661133,2.265794560313225,,,,,83.0223157637521,0.3112571132464671,,,,,0.651660965,0.336700336,0.314960629,0.267676767,0.069023569,,138,642,594,104,52,3,28,200,159,131,18,7,33,38,,,,0.059190031,,,,,,,,,8.0,,,,,,,
,1.32,7.305013167311721,0.1851851791143417,1.0424429923295977,,,,,133.36175093593178,0.3958446495234966,,,,,0.848914194,0.466101694,0.3828125,0.330508474,0.13559322,,45,132,118,15,19,1,11,55,39,28,7,3,10,10,,,,0.075757575,,,,,,,,,0.0,,,,,,,
,1.29,5.954656430504057,-5.197530746459961,0.45968709141016,,,,,112.30568480658488,0.3619589655604583,,,,,0.779656093,0.438596491,0.341059602,0.301754385,0.136842106,,79,314,285,40,45,2,26,125,86,60,15,9,12,16,,,,0.050955414,,,,,,,,,-3.0,,,,,,,
,1.15,-14.166250923812449,9.00617265701294,-0.37187559902668,,,,,77.40075087937697,0.2842970925478634,,,,,0.592031347,0.304449648,0.287581699,0.234192037,0.070257611,,115,463,427,45,32,1,22,130,100,78,15,6,12,31,,,,0.066954643,,,,,,,,,2.0,,,,,,,
,1.06,0.4219919717625675,-8.518518447875977,-2.0050292536616325,,,,,103.16632121564436,0.3490161129571859,,,,,0.728441757,0.373101952,0.355339805,0.279826464,0.093275488,,132,539,461,72,66,3,32,172,129,97,24,5,9,51,,,,0.094619666,,,,,,,,,-2.0,,,,,,,
,1.75,1.40329118659713,-0.9012346267700196,-1.067898228764534,,,,,105.6602787758311,0.3527607831231045,,,,,0.742149928,0.385714285,0.356435643,0.303571428,0.082142857,,86,307,280,37,38,0,18,108,85,67,13,5,6,19,,,,0.06188925,,,,,,,,,-3.0,,,,,,,
,1.66,-6.050340031987062,-1.0864195823669434,-0.6790348887443542,,,,,92.19483147481468,0.317836881379673,,,,,0.654652342,0.323913043,0.330739299,0.252173913,0.07173913,,127,522,460,47,53,1,24,149,116,92,16,7,15,52,,,,0.099616858,,,,,,,,,-8.0,,,,,,,
,1.42,5.678316247427695,-14.172839641571043,-2.3310236036777496,,,,,110.9465357844289,0.3460299705981339,,,,,0.726220798,0.376494023,0.349726775,0.288844621,0.087649402,,125,555,502,89,56,1,36,189,145,109,29,6,8,45,,,,0.081081081,,,,,,,,,-8.0,,,,,,,
,1.52,-7.55284166400853,-2.10493803024292,-1.4034382924437525,,,,,92.333025138991,0.3247808436302993,,,,,0.695569984,0.381386861,0.314183123,0.302919708,0.078467153,,133,564,548,81,75,1,32,209,166,134,22,9,11,7,,,,0.012411347,,,,,,,,,2.0,,,,,,,
,1.56,-0.7844362687177378,0.2839505672454834,0.058096133172512,,,,,97.97757469090418,0.3240167972759697,,,,,0.681810797,0.355932203,0.325878594,0.284745762,0.071186441,,74,316,295,33,32,1,17,105,84,67,14,2,11,18,,,,0.056962025,,,,,,,,,-2.0,,,,,,,
,0.71,-2.691005440930657,4.067901134490967,0.0612780377268791,,,,,92.38044500158456,0.3360647371565678,,,,,0.711230391,0.376569037,0.334661354,0.30125523,0.075313807,,68,254,239,32,26,0,15,90,72,57,12,3,9,10,,,,0.039370078,,,,,,,,,2.0,,,,,,,
,1.56,-3.23841513195737,-7.0,-2.1278416961431503,,,,,98.62268149040284,0.3363120852312863,,,,,0.720457923,0.400742115,0.319715808,0.28942486,0.111317255,,135,567,539,78,79,6,40,216,156,116,26,8,7,23,,,,0.040564373,,,,,,,,,-7.0,,,,,,,
,0.84,1.9484879553110008,4.6735310554504395,-0.6299717351794243,,,,,117.87471287858122,0.3798834334362994,,,,,0.816125734,0.453488372,0.362637362,0.325581395,0.127906977,,26,94,86,18,11,0,8,39,28,20,5,3,0,3,,,,0.031914893,,,,,,,,,0.0,,,,,,,
,1.63,-1.1613795493855308,0.2962962388992309,-0.5403129234910011,,,,,98.40845309087864,0.3295954741588255,,,,,0.703530707,0.383802816,0.319727891,0.295774647,0.088028169,,80,296,284,38,31,1,17,109,84,67,10,6,7,7,,,,0.023648648,,,,,,,,,-1.0,,,,,,,
,0.99,3.53618776592114,-6.320987701416016,-1.0726710855960846,,,,,109.259670335489,0.3670105336338369,,,,,0.766470008,0.388888888,0.37758112,0.310457516,0.078431372,,83,350,306,41,41,2,14,119,95,81,6,6,9,25,,,,0.071428571,,,,,,,,,-4.0,,,,,,,
,1.05,1.1877181461692237,2.740740716457367,-0.3071592897176742,,,,,107.72924083777866,0.3573816142865081,,,,,0.759283582,0.416,0.343283582,0.296,0.12,,41,136,125,18,17,2,10,52,37,27,7,1,3,4,,,,0.029411764,,,,,,,,,2.0,,,,,,,
,1.88,-14.593548489154031,7.487654209136963,-2.4474722370505333,,,,,78.4234953855338,0.2990977228551671,,,,,0.616056144,0.304461942,0.311594202,0.251968503,0.052493439,,114,427,381,24,40,2,16,116,96,80,14,0,2,32,,,,0.074941451,,,,,,,,,4.0,,,,,,,
,1.11,-6.697655086137317,2.987654320895672,-1.87108014523983,,,,,89.10385839548273,0.3056933389411674,,,,,0.605775325,0.266435986,0.339339339,0.238754325,0.027681661,,89,336,289,35,22,0,7,77,69,62,6,1,4,40,,,,0.119047619,,,,,,,,,3.0,,,,,,,
,0.93,-0.9673948406738356,-5.672839522361755,-1.6458812728524208,,,,,101.20245923097262,0.3294689521611293,,,,,0.702120067,0.386699507,0.31542056,0.278325123,0.108374384,,112,428,406,44,62,4,30,157,113,83,20,6,5,15,,,,0.035046728,,,,,,,,,-5.0,,,,,,,
,1.0,-0.583377070024858,-1.0,-1.6426993682980535,,,,,102.93258435638504,0.3276909598500737,,,,,0.655584527,0.296610169,0.358974358,0.258474576,0.038135593,,63,274,236,24,21,0,9,70,61,52,9,0,3,30,,,,0.109489051,,,,,,,,,-1.0,,,,,,,
,1.54,0.2545732983652768,1.1543209850788116,-0.8599434643983841,,,,,104.47298830749384,0.3351857374002645,,,,,0.702634714,0.367469879,0.335164835,0.271084337,0.096385542,,53,189,166,17,23,1,11,61,45,34,7,3,2,12,,,,0.063492063,,,,,,,,,1.0,,,,,,,
,1.18,3.304052599301045,-1.4506172835826874,-0.881960429251194,,,,,118.1441024432199,0.366606809242427,,,,,0.806587019,0.490797546,0.315789473,0.282208588,0.208588958,,55,175,163,16,28,4,19,80,46,27,8,7,0,8,,,,0.045714285,,,,,,,,,-1.0,,,,,,,
,0.65,-0.9518554976481336,-2.2839505672454834,0.9100848361849784,,,,,95.69312429999458,0.335315008421202,,,,,0.715783398,0.391459074,0.324324324,0.288256227,0.103202847,,74,304,281,40,42,1,21,110,81,60,14,6,14,15,,,,0.049342105,,,,,,,,,0.0,,,,,,,
,1.05,-21.66117925688615,9.45678997039795,-1.6034382954239843,,,,,73.73497042434828,0.297125499284766,,,,,0.612151456,0.304166666,0.30798479,0.241666666,0.0625,,137,537,480,66,55,2,19,146,116,97,10,7,10,42,,,,0.07821229,,,,,,,,,1.0,,,,,,,
,0.8,-13.079083481946103,6.024691343307495,0.4344882220029831,,,,,75.82047518892388,0.2903504355957633,,,,,0.622551268,0.351498637,0.271052631,0.245231607,0.10626703,,98,393,367,54,56,4,25,129,90,65,15,6,12,10,,,,0.025445292,,,,,,,,,3.0,,,,,,,
,1.08,-3.818752780203868,-4.3024691343307495,-0.3686936944723129,,,,,93.79863856457952,0.3205627095930785,,,,,0.682979209,0.379581151,0.303398058,0.248691099,0.130890052,,105,422,382,40,47,6,31,145,95,64,18,7,10,28,,,,0.06635071,,,,,,,,,-6.0,,,,,,,
,0.85,-5.740604003579956,-2.6111111640930176,0.4801131039857864,,,,,89.40842460983572,0.3199799090623855,,,,,0.679680851,0.369680851,0.31,0.265957446,0.103723405,,106,413,376,51,35,4,24,139,100,76,13,7,15,23,,,,0.055690072,,,,,,,,,-4.0,,,,,,,
,0.69,-10.578905906789494,0.6049380302429199,-0.3970744684338569,,,,,84.26435069969747,0.3058311491869808,,,,,0.645701908,0.344578313,0.301123595,0.250602409,0.093975904,,107,455,415,62,47,2,23,143,104,81,9,12,12,28,,,,0.061538461,,,,,,,,,-6.0,,,,,,,
,0.46,-1.3708281981519053,4.375220432877541,-0.429971732199192,,,,,92.48185212942585,0.3357190373300135,,,,,0.714285713,0.38095238,0.333333333,0.309523809,0.071428571,,25,88,84,12,10,0,4,32,26,22,2,2,1,3,,,,0.034090909,,,,,,,,,0.0,,,,,,,
,0.68,-9.19260830786972,-2.6172839403152466,1.098948173224926,,,,,84.00315996018209,0.2955185374858216,,,,,0.617494823,0.315217391,0.302277432,0.267391304,0.047826087,,116,488,460,46,66,1,15,145,123,108,9,5,22,16,,,,0.032786885,,,,,,,,,-1.0,,,,,,,
,0.42,-4.672467986128188,6.214801788330078,-0.5811649486422539,,,,,75.17297980085225,0.2869527979594905,,,,,0.593567881,0.300884955,0.292682926,0.230088495,0.07079646,,38,125,113,11,15,1,5,34,26,21,3,1,1,10,,,,0.08,,,,,,,,,0.0,,,,,,,
,0.83,4.923051904895866,-4.740740716457367,0.563664473593235,,,,,118.35604688105892,0.3789322601585853,,,,,0.781010452,0.378571428,0.402439024,0.3,0.078571428,,51,167,140,26,16,0,9,53,42,33,7,2,10,23,,,,0.13772455,,,,,,,,,-4.0,,,,,,,
,0.62,4.461688840747788,-2.8148148208856583,-0.132358156144619,,,,,126.9205760825826,0.3887534091452591,,,,,0.825806957,0.439252336,0.386554621,0.317757009,0.121495327,,37,120,107,10,16,0,9,47,34,25,5,4,4,10,,,,0.083333333,,,,,,,,,-3.0,,,,,,,
,0.91,-1.6576353209661434,1.1419752836227417,-0.4347445890307426,,,,,95.00046781795216,0.3255143804209573,,,,,0.672619047,0.333333333,0.339285714,0.274509803,0.05882353,,48,172,153,21,19,0,8,51,42,34,7,1,4,13,,,,0.075581395,,,,,,,,,0.0,,,,,,,
,1.03,-5.82020998713498,0.0246913433074951,-0.1434948220849037,,,,,87.28730530653228,0.3160911212201978,,,,,0.658903334,0.331034482,0.327868852,0.293103448,0.037931034,,86,314,290,42,22,0,7,96,85,78,3,4,11,7,,,,0.022292993,,,,,,,,,-2.0,,,,,,,
,0.48,-0.2829661240918594,0.7592592197470367,-0.3323581591248512,,,,,100.2611412272818,0.3409393225007385,,,,,0.70202223,0.350877192,0.351145038,0.254385964,0.096491228,,38,133,114,19,11,0,9,40,29,20,7,2,3,12,,,,0.090225563,,,,,,,,,0.0,,,,,,,
,0.36000000000000004,-0.8679834054000697,3.2316969633102417,-0.3039773851633072,,,,,93.41822024737952,0.3161509893834591,,,,,0.63465909,0.29090909,0.34375,0.236363636,0.054545454,,24,65,55,10,2,0,2,16,13,11,1,1,1,9,,,,0.138461538,,,,,,,,,0.0,,,,,,,
,0.47,1.536478617396048,-8.83333334326744,0.9809085875749588,,,,,101.16270541195706,0.345342752026634,,,,,0.729179197,0.385620915,0.343558282,0.300653594,0.084967321,,90,336,306,45,57,3,16,118,92,76,9,4,17,15,,,,0.044642857,,,,,,,,,-9.0,,,,,,,
,0.7,-0.6549758458845728,-12.222222328186035,0.3225560784339905,,,,,98.48055812977704,0.3285200933240494,,,,,0.682353791,0.344827586,0.337526205,0.273563218,0.071264368,,109,488,435,71,27,2,23,150,119,96,17,4,19,36,,,,0.073770491,,,,,,,,,-10.0,,,,,,,
,0.26,1.3665839028762323,1.5412708520889282,-0.0267898216843605,,,,,131.60647658256235,0.3926265893443938,,,,,0.854838709,0.5,0.354838709,0.333333333,0.166666667,,9,31,30,4,4,1,2,15,10,8,0,1,1,1,,,,0.032258064,,,,,,,,,0.0,,,,,,,
,0.64,-11.931556897266024,-4.0,0.0705673843622207,,,,,84.45722888437724,0.3109025555578145,,,,,0.647311529,0.327235772,0.320075757,0.270325203,0.056910569,,127,543,492,77,43,0,21,161,133,112,14,7,19,31,,,,0.057090239,,,,,,,,,-4.0,,,,,,,
,0.44,-5.870540948950133,0.0493826866149902,-0.189119704067707,,,,,83.97944072394957,0.2954782243061782,,,,,0.621064379,0.3203125,0.300751879,0.2734375,0.046875,,74,269,256,26,21,0,9,82,70,61,6,3,8,9,,,,0.033457249,,,,,,,,,-2.0,,,,,,,
,-0.27,-11.375760654793904,-3.5061728954315186,0.1713628619909286,,,,,82.65575516349494,0.3030352812956988,,,,,0.612874484,0.287671232,0.325203252,0.242009132,0.0456621,,114,505,438,55,27,1,16,126,106,90,13,2,19,50,,,,0.0990099,,,,,,,,,2.0,,,,,,,
,0.6,-5.462842492247384,2.1419752836227417,-0.8851423338055611,,,,,83.14673160525463,0.3123128796401231,,,,,0.648137553,0.32748538,0.320652173,0.269005847,0.058479533,,55,191,171,20,23,1,8,56,46,38,7,0,2,10,,,,0.05235602,,,,,,,,,1.0,,,,,,,
,0.39,-2.068270581098705,3.380852222442627,-0.3779830411076545,,,,,81.14508236361485,0.2955376621502549,,,,,0.627332089,0.34375,0.283582089,0.25,0.09375,,23,68,64,11,9,1,4,22,16,12,3,0,0,3,,,,0.044117647,,,,,,,,,0.0,,,,,,,
,-0.05,-8.474838475878077,7.01029634475708,-0.2803694680333137,,,,,59.13308391966729,0.2682870763668911,,,,,0.566685112,0.307692307,0.258992805,0.207692307,0.1,,38,141,130,14,14,0,9,40,27,18,5,4,2,9,,,,0.063829787,,,,,,,,,0.0,,,,,,,
,0.33,-0.1063094920255472,1.3086419701576233,0.3464203625917434,,,,,95.02573037550324,0.3302784860134125,,,,,0.674278846,0.346153846,0.328125,0.173076923,0.173076923,,14,64,52,12,5,3,3,18,9,6,0,0,4,11,,,,0.171875,,,,,,,,,2.0,,,,,,,
,0.36,1.9785495804812436,-6.790123462677002,-0.615909531712532,,,,,107.82998754695086,0.3643894019334213,,,,,0.756395102,0.373786407,0.382608695,0.310679611,0.063106796,,58,233,206,33,23,0,8,77,64,56,3,5,7,20,,,,0.085836909,,,,,,,,,-5.0,,,,,,,
,0.21,-7.070954728008444,0.6666667461395264,-0.5371310189366341,,,,,81.15549967778738,0.3037410334044811,,,,,0.639460784,0.3375,0.301960784,0.258333333,0.079166667,,63,263,240,27,27,0,16,81,62,46,13,3,5,14,,,,0.053231939,,,,,,,,,3.0,,,,,,,
,0.37,-1.3385973715900823,-0.0432099103927612,-0.5323581621050835,,,,,95.4361424646472,0.3196973827347826,,,,,0.661691541,0.333333333,0.328358208,0.25,0.083333333,,33,134,120,14,24,0,7,40,30,23,4,3,2,12,,,,0.089552238,,,,,,,,,-1.0,,,,,,,
,0.32,1.6977605465214471,0.944649875164032,-0.2519886940717697,,,,,177.8391565177917,0.4598787709286338,,,,,0.926315789,0.4,0.526315789,0.4,0.0,,6,19,15,3,2,0,0,6,6,6,0,0,0,3,,,,0.157894736,,,,,,,,,0.0,,,,,,,
,0.4,-10.896062439509633,4.0987653732299805,-0.4631253629922867,,,,,70.36067635971035,0.2787738139812763,,,,,0.56773142,0.275423728,0.292307692,0.220338983,0.055084745,,69,267,236,17,21,0,10,65,52,42,7,3,6,20,,,,0.074906367,,,,,,,,,2.0,,,,,,,
,0.54,-0.9819009547317824,-2.2222222089767456,-0.3843468502163887,,,,,97.40992614840384,0.3183046579360962,,,,,0.65632832,0.328947368,0.327380952,0.256578947,0.072368421,,48,175,152,19,13,0,8,50,39,31,5,3,4,8,,,,0.045714285,,,,,,,,,-1.0,,,,,,,
,0.24,-7.288934013368232,6.015928268432617,-0.6047728657722473,,,,,58.0980240115655,0.2563669150616942,,,,,0.529878617,0.277777777,0.25210084,0.175925925,0.101851852,,38,121,108,11,17,1,6,30,19,13,2,3,0,10,,,,0.082644628,,,,,,,,,0.0,,,,,,,
,0.1,-7.648975158643192,6.165083408355713,-0.5543751269578934,,,,,56.601052862953686,0.2553879777590433,,,,,0.543390803,0.301724137,0.241666666,0.215517241,0.086206896,,36,124,116,9,8,1,7,35,25,18,5,1,0,3,,,,0.024193548,,,,,,,,,0.0,,,,,,,
,0.4,1.0077253227811047,-0.0740740746259689,-0.3779830411076545,,,,,118.73866539269642,0.3775659180604495,,,,,0.802884615,0.4375,0.365384615,0.3125,0.125,,20,52,48,10,7,1,4,21,15,11,3,0,0,3,,,,0.057692307,,,,,,,,,0.0,,,,,,,
,0.15,-8.543049824813147,6.513112545013428,-0.8063638210296631,,,,,58.47077398583219,0.2585420846939087,,,,,0.528410256,0.256410256,0.272,0.222222222,0.034188034,,41,131,117,17,12,1,2,30,26,24,1,0,0,7,,,,0.053435114,,,,,,,,,0.0,,,,,,,
,-0.34,-27.11060849924082,9.580246925354004,1.3729538321495056,,,,,60.501560321989,0.2603226173807073,,,,,0.517506325,0.236024844,0.281481481,0.19668737,0.039337474,,139,547,483,49,44,1,16,114,95,79,14,1,24,52,,,,0.095063985,,,,,,,,,1.0,,,,,,,
,0.24,0.9704964096877486,1.0440866947174072,-0.1259943470358848,,,,,136.7160406378011,0.4061511516571044,,,,,0.9,0.55,0.35,0.35,0.2,,6,21,20,3,0,0,2,11,7,5,0,2,0,0,,,,0.0,,,,,,,,,0.0,,,,,,,
,-0.17,-5.810709664759329,-3.1419754028320312,-0.1167050004005432,,,,,87.60388895944835,0.3273075620956182,,,,,0.692375537,0.369491525,0.322884012,0.26779661,0.101694915,,86,323,295,40,32,1,19,109,79,60,9,9,10,23,,,,0.07120743,,,,,,,,,-5.0,,,,,,,
,0.0,-7.095099909964629,5.568462371826172,-0.5291762575507164,,,,,55.53167530357587,0.2471284432844682,,,,,0.51903945,0.273584905,0.245454545,0.216981132,0.056603773,,35,112,106,12,2,0,6,29,23,17,6,0,0,4,,,,0.035714285,,,,,,,,,0.0,,,,,,,
,0.05,-4.614253478139067,-6.04938268661499,-0.3702846467494964,,,,,91.44899972599096,0.3320797636362115,,,,,0.686950145,0.34090909,0.346041055,0.275974025,0.064935065,,82,349,308,38,46,0,16,105,85,69,12,4,11,30,,,,0.085959885,,,,,,,,,-2.0,,,,,,,
,0.2,0.5122267197781797,1.1851851791143415,0.0740056559443473,,,,,127.7003314098293,0.3793799082438151,,,,,0.780303029,0.363636363,0.416666666,0.363636363,0.0,,3,12,11,1,2,0,0,4,4,4,0,0,1,1,,,,0.083333333,,,,,,,,,1.0,,,,,,,
,0.19,1.823305464000996,0.0308641977608203,-0.1007954776287078,,,,,308.4984229498411,0.6770703622273037,,,,,1.514285714,0.8,0.714285714,0.6,0.2,,2,7,5,0,0,0,1,4,3,2,1,0,0,2,,,,0.285714285,,,,,,,,,0.0,,,,,,,
,0.48000000000000004,-1.8378329052896436,0.1182910464704036,-0.0787785127758979,,,,,87.04566850499835,0.3008772123207166,,,,,0.658175525,0.396039603,0.262135922,0.247524752,0.148514851,,32,103,101,16,14,2,8,40,25,17,3,3,2,2,,,,0.019417475,,,,,,,,,0.0,,,,,,,
,0.22,1.427956767659854,-0.0493827164173126,-0.1007954776287078,,,,,163.23512015883648,0.4636899903416633,,,,,1.041666666,0.666666666,0.375,0.333333333,0.333333333,,7,17,15,5,3,1,2,10,5,3,0,1,0,1,,,,0.058823529,,,,,,,,,0.0,,,,,,,
,0.0,-12.168528536526791,8.104101181030273,-0.6063638180494308,,,,,50.12054387193875,0.2509361259639263,,,,,0.531331699,0.287581699,0.24375,0.209150326,0.078431373,,45,163,153,20,17,0,7,44,32,25,2,5,1,6,,,,0.036809815,,,,,,,,,0.0,,,,,,,
,0.22,-9.756004565178223,-0.8086419999599457,0.7840904891490936,,,,,76.34620712908712,0.2873815007326079,,,,,0.598075704,0.308441558,0.289634146,0.243506493,0.064935065,,93,338,308,50,33,1,15,95,75,60,11,3,14,10,,,,0.029585798,,,,,,,,,-1.0,,,,,,,
,0.53,-2.1299210565790334,-0.0478395074605941,-0.429971732199192,,,,,88.06052633362927,0.3071617962110161,,,,,0.654172559,0.357142857,0.297029702,0.275510204,0.081632653,,31,108,98,15,10,1,5,35,27,22,3,1,1,2,,,,0.018518518,,,,,,,,,0.0,,,,,,,
,0.24,-6.224590664151769,-1.5432097911834717,-0.3891197070479393,,,,,83.84479932968377,0.3097797480840532,,,,,0.628007612,0.298642533,0.329365079,0.235294117,0.063348416,,54,254,221,25,16,0,12,66,52,40,10,2,7,30,,,,0.118110236,,,,,,,,,1.0,,,,,,,
,0.17,0.0130839054466285,0.5277777910232544,-0.2267898246645927,,,,,105.6859845141244,0.3388126567006111,,,,,0.700892857,0.357142857,0.34375,0.25,0.107142857,,9,32,28,2,4,0,2,10,7,5,1,1,0,2,,,,0.0625,,,,,,,,,0.0,,,,,,,
,0.04,-9.696717777491708,6.513112545013428,-0.5307672098278999,,,,,46.926322961997975,0.2373795080929994,,,,,0.474137931,0.224137931,0.25,0.172413793,0.051724138,,39,131,116,13,10,1,3,26,20,17,1,1,1,10,,,,0.076335877,,,,,,,,,0.0,,,,,,,
,0.54,-2.147656448579527,-1.0987654328346252,-0.2315626814961433,,,,,88.98927821410663,0.3087403015656905,,,,,0.654592803,0.3515625,0.303030303,0.28125,0.0703125,,41,132,128,14,15,1,7,45,36,29,6,0,3,3,,,,0.022727272,,,,,,,,,-1.0,,,,,,,
,0.05,-3.07516625831829,2.585357666015625,-0.2015909552574157,,,,,61.14119861868959,0.2675948119163513,,,,,0.573333333,0.333333333,0.24,0.208333333,0.125,,17,52,48,6,8,1,4,16,10,6,3,0,0,1,,,,0.019230769,,,,,,,,,0.0,,,,,,,
,0.12,-1.6615390765130922,1.8271604925394056,-0.1511932164430618,,,,,61.811894205735726,0.2708646694819132,,,,,0.562962962,0.296296296,0.266666666,0.185185185,0.111111111,,7,30,27,2,3,0,2,8,5,3,1,1,0,3,,,,0.1,,,,,,,,,2.0,,,,,,,
,0.03,-10.337264689780053,6.711986064910889,-0.5543751269578934,,,,,45.03245448969417,0.2341606919727628,,,,,0.491129785,0.268907563,0.222222222,0.176470588,0.092436975,,45,135,119,14,8,2,6,32,21,15,3,1,0,6,,,,0.044444444,,,,,,,,,0.0,,,,,,,
,0.15,-1.0774287519255197,-0.6172839403152466,-0.4787785187363624,,,,,94.866312066625,0.3406222411143927,,,,,0.723765431,0.402777777,0.320987654,0.236111111,0.166666666,,20,82,72,13,14,2,7,29,17,10,4,1,0,8,,,,0.097560975,,,,,,,,,0.0,,,,,,,
,0.15,0.4150313076920608,0.0,-0.1763920858502388,,,,,119.80383803355524,0.3709880340666998,,,,,0.78095238,0.4,0.38095238,0.35,0.05,,5,21,20,2,5,0,1,8,7,6,1,0,0,1,,,,0.047619047,,,,,,,,,0.0,,,,,,,
,0.12,-0.4902945659157673,0.944649875164032,-0.1763920858502388,,,,,87.46818115456244,0.3098034733220151,,,,,0.568421052,0.2,0.368421052,0.2,0.0,,6,19,15,2,1,0,0,3,3,3,0,0,0,3,,,,0.157894736,,,,,,,,,0.0,,,,,,,
,0.03,0.8164463603468974,0.0123456781730055,-0.1007954776287078,,,,,186.9694715468524,0.4752384424209595,,,,,1.0,0.5,0.5,0.5,0.0,,4,8,8,0,1,0,0,4,4,4,0,0,0,0,,,,0.0,,,,,,,,,0.0,,,,,,,
,0.01,-5.021761505135533,3.4802889823913574,-0.5039773881435394,,,,,54.616540755546474,0.2668296821189649,,,,,0.523369286,0.220338983,0.303030303,0.220338983,0.0,,27,70,59,7,3,0,0,13,13,13,0,0,0,7,,,,0.1,,,,,,,,,0.0,,,,,,,
,0.16,0.5764490254592021,0.0,-0.1007954776287078,,,,,139.51619307296002,0.3963104303066547,,,,,0.839160838,0.454545454,0.384615384,0.272727272,0.181818182,,4,13,11,2,0,0,1,5,3,2,0,1,0,0,,,,0.0,,,,,,,,,0.0,,,,,,,
,0.23,-4.909378555813827,-15.567901134490969,3.1917889192700386,,,,,89.68962852330182,0.3135790420615155,,,,,0.650581063,0.327102803,0.32347826,0.272897196,0.054205607,,133,596,535,69,27,4,19,175,146,127,13,2,37,31,,,,0.052013422,,,,,,,,,-9.0,,,,,,,
,0.08,0.4652204858317795,0.2983104884624481,-0.0755966082215309,,,,,168.37102993779448,0.4473058382670085,,,,,0.9,0.4,0.5,0.4,0.0,,3,6,5,0,0,0,0,2,2,2,0,0,0,0,,,,0.0,,,,,,,,,0.0,,,,,,,
,0.08,0.8220509242623044,-0.0493827164173126,-0.0755966082215309,,,,,226.24261985958736,0.5702861309051513,,,,,1.2,0.6,0.6,0.6,0.0,,1,5,5,0,0,0,0,3,3,3,0,0,0,0,,,,0.0,,,,,,,,,0.0,,,,,,,
,0.08,0.4982974120602645,0.2485920786857605,-0.0755966082215309,,,,,180.71083807433035,0.490355920791626,,,,,0.933333333,0.333333333,0.6,0.333333333,0.0,,2,5,3,0,1,0,0,1,1,1,0,0,0,2,,,,0.4,,,,,,,,,0.0,,,,,,,
,0.61,-4.103942313687272,-0.1296296268701553,-0.8063638210296631,,,,,82.0049397977116,0.3017160866571509,,,,,0.64323853,0.353383458,0.289855072,0.263157894,0.090225564,,47,139,133,22,16,1,8,47,35,27,5,2,0,4,,,,0.028776978,,,,,,,,,0.0,,,,,,,
,-0.11,-9.394887126804514,5.8667731285095215,-0.429971732199192,,,,,42.371521933896894,0.2378238408461861,,,,,0.486468914,0.242990654,0.24347826,0.186915887,0.056074767,,38,118,107,8,8,1,3,26,20,17,1,1,1,7,,,,0.059322033,,,,,,,,,0.0,,,,,,,
,0.06,-0.8255188851108877,0.9446498900651932,-0.1007954776287078,,,,,71.0671210570908,0.27828427992369,,,,,0.596491227,0.333333333,0.263157894,0.222222222,0.111111111,,7,19,18,1,2,0,1,6,4,3,0,1,0,1,,,,0.052631578,,,,,,,,,0.0,,,,,,,
,0.08,-0.4204163208872239,0.0,0.1244033947587013,,,,,86.66895840050822,0.3047678351402282,,,,,0.681609195,0.448275862,0.233333333,0.206896551,0.241379311,,9,31,29,5,4,1,4,13,6,2,2,1,1,1,,,,0.032258064,,,,,,,,,0.0,,,,,,,
,0.05,0.6464849978310738,0.0308641977608203,0.1748011335730552,,,,,431.681448533913,0.950476884841919,,,,,2.0,1.0,1.0,1.0,0.0,,1,1,1,0,0,0,0,1,1,1,0,0,1,0,,,,0.0,,,,,,,,,0.0,,,,,,,
,0.01,-3.143002583604123,2.187610149383545,-0.1511932164430618,,,,,52.18640454341896,0.2511773976412686,,,,,0.545454545,0.318181818,0.227272727,0.227272727,0.090909091,,12,44,44,2,4,0,4,14,10,6,4,0,0,0,,,,0.0,,,,,,,,,0.0,,,,,,,
,0.06,0.3490004533876346,0.0617283955216407,-0.0755966082215309,,,,,146.00996539176626,0.4073472363608224,,,,,0.857142856,0.428571428,0.428571428,0.428571428,0.0,,2,7,7,0,1,0,0,3,3,3,0,0,0,0,,,,0.0,,,,,,,,,0.0,,,,,,,
,0.09,0.0788916202135827,-0.7716049402952194,-0.1275852993130684,,,,,103.82083318638078,0.3547618614660727,,,,,0.731319554,0.352941176,0.378378378,0.323529411,0.029411765,,11,38,34,3,3,0,1,12,11,10,1,0,1,2,,,,0.052631578,,,,,,,,,-1.0,,,,,,,
,0.05,0.5029650045564966,0.0497184135019779,0.1748011335730552,,,,,348.92225590746233,0.7506513595581055,,,,,1.0,0.0,1.0,0.0,0.0,,1,1,0,1,0,0,0,0,0,0,0,0,1,1,,,,1.0,,,,,,,,,0.0,,,,,,,
,0.12,-17.66498323892946,1.3333332538604736,-0.5450857803225517,,,,,73.65761330946381,0.2994616421168311,,,,,0.632733951,0.341067285,0.291666666,0.250580046,0.090487239,,116,457,431,53,47,1,32,147,108,76,26,5,10,18,,,,0.039387308,,,,,,,,,-2.0,,,,,,,
,0.05,-0.448391187677836,0.5469025373458862,-0.1007954776287078,,,,,77.77959940208002,0.3092960444363681,,,,,0.585858585,0.222222222,0.363636363,0.222222222,0.0,,4,11,9,1,0,0,0,2,2,2,0,0,0,2,,,,0.181818181,,,,,,,,,0.0,,,,,,,
,0.03,0.1380622380974654,0.1988736540079116,-0.0251988694071769,,,,,130.95962625335508,0.3753256797790527,,,,,0.5,0.0,0.5,0.0,0.0,,1,4,1,0,0,0,0,0,0,0,0,0,0,1,,,,0.25,,,,,,,,,0.0,,,,,,,
,0.0,-2.2258575339599416,1.5412708520889282,-0.1259943470358848,,,,,48.61903361015904,0.2402564366658528,,,,,0.492592592,0.259259259,0.233333333,0.148148148,0.111111111,,10,31,27,2,0,0,2,7,4,2,1,1,0,2,,,,0.064516129,,,,,,,,,0.0,,,,,,,
,-0.1,-6.757599900790048,4.126628339290619,-0.5039773881435394,,,,,47.018563211588706,0.247380867236998,,,,,0.494959348,0.226666666,0.268292682,0.2,0.026666666,,25,83,75,9,8,0,2,17,15,13,2,0,0,7,,,,0.084337349,,,,,,,,,0.0,,,,,,,
,0.06,0.215473762609941,-0.0308641977608203,0.0,,,,,121.64544491375182,0.3820674419403076,,,,,0.857142856,0.571428571,0.285714285,0.285714285,0.285714286,,3,7,7,2,1,0,2,4,2,0,2,0,0,0,,,,0.0,,,,,,,,,0.0,,,,,,,
,0.05,-0.1004652952426183,0.2983104884624481,-0.0503977388143539,,,,,93.67037314998102,0.3168256282806396,,,,,0.666666666,0.333333333,0.333333333,0.333333333,0.0,,3,6,6,1,0,0,0,2,2,2,0,0,0,0,,,,0.0,,,,,,,,,0.0,,,,,,,
,0.07,0.104382561218694,0.0,-0.0755966082215309,,,,,117.06495779804808,0.3564288318157196,,,,,0.75,0.375,0.375,0.375,0.0,,3,8,8,1,1,0,0,3,3,3,0,0,0,0,,,,0.0,,,,,,,,,0.0,,,,,,,
,0.04,0.2068123991781912,0.0308641977608203,-0.0503977388143539,,,,,145.21663640178502,0.4252820611000061,,,,,0.833333333,0.333333333,0.5,0.333333333,0.0,,1,4,3,1,1,0,0,1,1,1,0,0,0,1,,,,0.25,,,,,,,,,0.0,,,,,,,
,0.05,0.1353391412254479,0.0617283955216407,-0.0503977388143539,,,,,128.17741212411167,0.3801907539367676,,,,,0.8,0.4,0.4,0.4,0.0,,2,5,5,1,3,0,0,2,2,2,0,0,0,0,,,,0.0,,,,,,,,,0.0,,,,,,,
,-0.17,-0.7590509438307808,-0.6234568059444427,0.1228124424815177,,,,,86.3485685091236,0.3043814996878306,,,,,0.640503875,0.348837209,0.291666666,0.209302325,0.139534884,,16,49,43,2,6,1,3,15,9,6,1,1,2,5,,,,0.102040816,,,,,,,,,-1.0,,,,,,,
,0.33,-2.7315396149266036,-0.0740740746259689,-0.5291762575507164,,,,,81.3413146111783,0.3051899445207813,,,,,0.631524189,0.315068493,0.316455696,0.260273972,0.054794521,,30,83,73,2,9,0,4,23,19,15,4,0,0,6,,,,0.072289156,,,,,,,,,0.0,,,,,,,
,0.0,0.334439763015012,-0.8456790149211884,0.0236079171299934,,,,,110.2511038627702,0.3401295050330784,,,,,0.711462449,0.363636363,0.347826086,0.318181818,0.045454545,,6,23,22,2,6,0,1,8,7,6,1,0,1,0,,,,0.0,,,,,,,,,-1.0,,,,,,,
,0.2,-5.226813168818043,0.8518518209457397,0.4692328050732612,,,,,65.97934058211798,0.2732810709211561,,,,,0.564734298,0.286956521,0.277777777,0.208695652,0.078260869,,31,127,115,14,15,0,6,33,24,18,3,3,6,11,,,,0.086614173,,,,,,,,,-1.0,,,,,,,
,0.19,-2.5446798867458997,-1.1296296380460262,-0.056761547923088,,,,,83.47677261194487,0.3170605793739985,,,,,0.635228848,0.285714285,0.349514563,0.263736263,0.021978022,,28,106,91,5,7,0,2,26,24,22,2,0,4,10,,,,0.094339622,,,,,,,,,-1.0,,,,,,,
,0.02,-0.0502326476213091,0.149155244231224,-0.0251988694071769,,,,,93.67037314998102,0.3168256282806396,,,,,0.666666666,0.333333333,0.333333333,0.333333333,0.0,,3,3,3,1,0,0,0,1,1,1,0,0,0,0,,,,0.0,,,,,,,,,0.0,,,,,,,
,0.01,-0.0612092750903719,0.149155244231224,-0.0251988694071769,,,,,90.89500479141604,0.3168256282806396,,,,,0.666666666,0.333333333,0.333333333,0.333333333,0.0,,1,3,3,0,0,0,0,1,1,1,0,0,0,0,,,,0.0,,,,,,,,,0.0,,,,,,,
,-0.13,-6.67218556540207,3.9277548789978023,-0.2535796463489532,,,,,38.37079247904738,0.2244038535402966,,,,,0.443936344,0.197183098,0.246753246,0.183098591,0.014084507,,21,79,71,10,4,0,1,14,13,12,1,0,1,5,,,,0.063291139,,,,,,,,,0.0,,,,,,,
,0.02,-1.9949300619791817,1.1851851791143415,-0.1259943470358848,,,,,40.93148075234215,0.2287559956312179,,,,,0.44047619,0.19047619,0.25,0.142857142,0.047619048,,6,24,21,1,0,0,1,4,3,2,1,0,0,3,,,,0.125,,,,,,,,,1.0,,,,,,,
,0.02,-0.155537600372932,-0.1481481492519378,-0.1007954776287078,,,,,96.53970320635352,0.3168256282806396,,,,,0.666666666,0.333333333,0.333333333,0.333333333,0.0,,3,12,12,1,4,0,0,4,4,4,0,0,0,0,,,,0.0,,,,,,,,,0.0,,,,,,,
,0.13,-0.2378876490180825,-1.259259283542633,-0.3779830411076545,,,,,102.0960235347592,0.3432409205335252,,,,,0.710539336,0.348837209,0.361702127,0.302325581,0.046511628,,12,47,43,6,6,0,2,15,13,11,2,0,0,4,,,,0.085106382,,,,,,,,,-2.0,,,,,,,
,0.01,-0.2048644964027833,0.149155244231224,-0.0251988694071769,,,,,54.57272302528832,0.2502171198527018,,,,,0.333333333,0.0,0.333333333,0.0,0.0,,1,3,2,1,0,0,0,0,0,0,0,0,0,1,,,,0.333333333,,,,,,,,,0.0,,,,,,,
,0.0,-0.4865939308487003,0.2983104884624481,0.0,,,,,38.48395588929717,0.2228726744651794,,,,,0.499999999,0.333333333,0.166666666,0.166666666,0.166666667,,2,6,6,1,0,0,1,2,1,0,1,0,0,0,,,,0.0,,,,,,,,,0.0,,,,,,,
,-0.01,-0.4865939308487003,0.2983104884624481,0.0,,,,,38.48395588929717,0.2228726744651794,,,,,0.499999999,0.333333333,0.166666666,0.166666666,0.166666667,,2,6,6,0,0,0,1,2,1,0,1,0,0,0,,,,0.0,,,,,,,,,0.0,,,,,,,
,-0.09,-7.04054850171969,4.027191638946533,-0.4031819105148315,,,,,42.37897921588375,0.2337577266570849,,,,,0.468941855,0.225352112,0.243589743,0.169014084,0.056338028,,29,81,71,3,4,0,3,16,12,9,2,1,0,5,,,,0.061728395,,,,,,,,,0.0,,,,,,,
,0.21,-17.637406247954885,-4.666666507720947,-1.8318190723657608,,,,,81.32056093813783,0.3081371739455864,,,,,0.64439678,0.332110091,0.312286689,0.260550458,0.071559633,,136,595,545,71,62,3,23,181,142,119,10,10,11,39,,,,0.065546218,,,,,,,,,2.0,,,,,,,
,0.0,-0.0777257817622775,-0.0493827164173126,-0.0251988694071769,,,,,87.68793840032413,0.3168256282806396,,,,,0.666666666,0.333333333,0.333333333,0.333333333,0.0,,2,3,3,1,0,0,0,1,1,1,0,0,0,0,,,,0.0,,,,,,,,,0.0,,,,,,,
,-0.01,-0.2064204875192157,0.0308641977608203,-0.0251988694071769,,,,,57.52250369668453,0.2609604199727376,,,,,0.333333333,0.0,0.333333333,0.0,0.0,,1,3,2,0,0,0,0,0,0,0,0,0,0,0,,,,0.0,,,,,,,,,0.0,,,,,,,
,0.04,-0.8536545128862022,-1.462962955236435,-0.1275852993130684,,,,,90.82090775532583,0.3119826810113315,,,,,0.658488063,0.365384615,0.293103448,0.211538461,0.153846154,,15,60,52,7,7,2,4,19,11,7,2,0,1,6,,,,0.1,,,,,,,,,-1.0,,,,,,,
,-0.02,-0.2503160664071455,0.0497184135019779,0.0,,,,,-89.87233345712468,0.0,,,,,0.0,0.0,0.0,0.0,0.0,,1,1,1,0,0,0,0,0,0,0,0,0,0,0,,,,0.0,,,,,,,,,0.0,,,,,,,
,-0.02,-0.3152501400576599,0.0,-0.0251988694071769,,,,,44.99682704042451,0.2376192212104797,,,,,0.5,0.25,0.25,0.25,0.0,,1,4,4,0,0,0,0,1,1,1,0,0,0,0,,,,0.0,,,,,,,,,0.0,,,,,,,
,-0.03,-0.2697468676795377,0.0497184135019779,0.0,,,,,-89.68219731276056,0.0,,,,,0.0,0.0,0.0,0.0,0.0,,1,1,1,0,0,0,0,0,0,0,0,0,0,0,,,,0.0,,,,,,,,,0.0,,,,,,,
,-0.01,-0.2464104835319948,-0.0493827164173126,-0.0251988694071769,,,,,48.14903641668136,0.2502171198527018,,,,,0.333333333,0.0,0.333333333,0.0,0.0,,1,3,2,0,0,0,0,0,0,0,0,0,0,1,,,,0.333333333,,,,,,,,,0.0,,,,,,,
,-0.1,-0.3739894446002014,0.0308641977608203,-0.0251988694071769,,,,,38.683845271567186,0.2376192212104797,,,,,0.5,0.25,0.25,0.25,0.0,,1,4,4,0,0,0,0,1,1,1,0,0,0,0,,,,0.0,,,,,,,,,0.0,,,,,,,
,-0.14,-12.015519690144552,6.761704444885254,-0.5307672098278999,,,,,35.944607953571314,0.2185568023811687,,,,,0.458041957,0.23076923,0.227272727,0.215384615,0.015384615,,42,136,130,10,7,0,1,30,28,27,0,1,1,2,,,,0.014705882,,,,,,,,,0.0,,,,,,,
,-0.33,-21.821916836035445,2.425925970077514,1.124147042632103,,,,,66.46380372924618,0.278771048189376,,,,,0.58314634,0.299389002,0.283757338,0.254582484,0.044806518,,129,519,491,47,47,3,15,147,125,110,11,1,22,17,,,,0.032755298,,,,,,,,,-1.0,,,,,,,
,-0.02,-0.2539761045207395,0.0,0.0,,,,,-92.64858344836486,0.0,,,,,0.0,0.0,0.0,0.0,0.0,,1,1,1,0,0,0,0,0,0,0,0,0,0,0,,,,0.0,,,,,,,,,0.0,,,,,,,
,-0.16,-9.245542288440918,5.17071533203125,-0.3543751239776611,,,,,35.151729413652035,0.2220844379579178,,,,,0.440226439,0.197802197,0.242424242,0.175824175,0.021978022,,31,104,91,16,8,0,2,18,16,14,2,0,1,8,,,,0.076923076,,,,,,,,,0.0,,,,,,,
,-0.02,-0.259603714310111,0.0,0.0,,,,,-82.54967475431924,0.0,,,,,0.0,0.0,0.0,0.0,0.0,,1,1,1,0,0,0,0,0,0,0,0,0,0,0,,,,0.0,,,,,,,,,0.0,,,,,,,
,-0.01,-1.0173287676858214,0.447465717792511,-0.0503977388143539,,,,,18.505940918308873,0.1925953494177924,,,,,0.347222222,0.125,0.222222222,0.125,0.0,,3,9,8,0,1,0,0,1,1,1,0,0,0,0,,,,0.0,,,,,,,,,0.0,,,,,,,
,-0.19,-8.887618696848428,4.922122955322266,-0.2031819075345993,,,,,38.315418092219474,0.2263077321805452,,,,,0.487122059,0.276595744,0.210526315,0.202127659,0.074468085,,36,99,94,12,9,1,4,26,19,15,2,1,1,1,,,,0.01010101,,,,,,,,,0.0,,,,,,,
,-0.05,-1.0818596158570355,0.447465717792511,0.1496022641658783,,,,,3.783706010895846,0.1668114132351345,,,,,0.222222222,0.0,0.222222222,0.0,0.0,,4,9,7,0,0,0,0,0,0,0,0,0,1,2,,,,0.222222222,,,,,,,,,0.0,,,,,,,
,-0.03,-0.4959889573612061,0.0308641977608203,-0.0251988694071769,,,,,17.236760593010832,0.1876628398895263,,,,,0.25,0.0,0.25,0.0,0.0,,1,4,3,0,0,0,0,0,0,0,0,0,0,1,,,,0.25,,,,,,,,,0.0,,,,,,,
,0.06,-3.7858210302267494,-0.0493827164173126,-0.1291762515902519,,,,,72.6457330253371,0.2930607067214118,,,,,0.618300652,0.329411764,0.288888888,0.247058823,0.082352941,,31,94,85,7,10,0,5,28,21,16,3,2,2,4,,,,0.042553191,,,,,,,,,0.0,,,,,,,
,-0.03,-0.5155153828123836,0.0994368270039558,0.0,,,,,-95.51703187206216,0.0,,,,,0.0,0.0,0.0,0.0,0.0,,2,2,2,0,0,0,0,0,0,0,0,0,0,0,,,,0.0,,,,,,,,,0.0,,,,,,,
,0.06,-10.224770099861445,-7.007035553455353,-0.1498586311936378,,,,,84.46373724741117,0.3113864345020718,,,,,0.648571428,0.328571428,0.32,0.271428571,0.057142857,,103,456,420,59,44,0,19,138,114,95,14,5,15,25,,,,0.054824561,,,,,,,,,-2.0,,,,,,,
,-0.06,-3.856971753846456,2.2109053432941437,0.0992045253515243,,,,,6.1069068893147005,0.1705613328564551,,,,,0.361290322,0.2,0.161290322,0.133333333,0.066666667,,9,31,30,2,4,0,1,6,4,3,0,1,1,1,,,,0.032258064,,,,,,,,,2.0,,,,,,,
,-0.04,-1.070453345217686,0.0,-0.1007954776287078,,,,,61.28868833358162,0.2616604190123708,,,,,0.540935671,0.277777777,0.263157894,0.222222222,0.055555555,,5,19,18,2,0,0,1,5,4,3,1,0,0,0,,,,0.0,,,,,,,,,0.0,,,,,,,
,-0.04,-0.5394937353590755,0.0308641977608203,0.0,,,,,-89.68219731276056,0.0,,,,,0.0,0.0,0.0,0.0,0.0,,2,2,2,0,0,0,0,0,0,0,0,0,0,0,,,,0.0,,,,,,,,,0.0,,,,,,,
,0.27,-8.434400575812894,-7.222222208976746,-1.9954835399985311,,,,,88.23105062009488,0.308548778076918,,,,,0.649292721,0.34366925,0.305623471,0.26614987,0.07751938,,98,415,387,46,47,4,22,133,103,81,18,0,3,19,,,,0.045783132,,,,,,,,,-3.0,,,,,,,
,-0.04,0.3728152197585622,-0.9382716044783592,-0.0503977388143539,,,,,174.39934762163188,0.4752384424209595,,,,,1.0,0.5,0.5,0.5,0.0,,1,4,4,2,0,0,0,2,2,2,0,0,0,0,,,,0.0,,,,,,,,,-1.0,,,,,,,
,-0.06,-1.964031088004859,0.8452130407094955,-0.0503977388143539,,,,,13.889679992062977,0.1898977681994438,,,,,0.3875,0.2,0.1875,0.133333333,0.066666667,,5,17,15,1,0,0,1,3,2,1,1,0,0,1,,,,0.058823529,,,,,,,,,0.0,,,,,,,
,-0.05,-0.7620510246246499,0.1491552405059337,0.0,,,,,-92.67961013674228,0.0,,,,,0.0,0.0,0.0,0.0,0.0,,2,3,3,0,0,0,0,0,0,0,0,0,0,0,,,,0.0,,,,,,,,,0.0,,,,,,,
,-0.05,-0.7704854543893975,0.149155244231224,0.0,,,,,-94.81220045718412,0.0,,,,,0.0,0.0,0.0,0.0,0.0,,1,3,3,0,0,0,0,0,0,0,0,0,0,0,,,,0.0,,,,,,,,,0.0,,,,,,,
,-0.05,-1.1484891824082544,0.3480288982391357,-0.0251988694071769,,,,,-12.840274833044209,0.1357824121202741,,,,,0.285714284,0.142857142,0.142857142,0.142857142,0.0,,2,7,7,0,1,0,0,1,1,1,0,0,0,0,,,,0.0,,,,,,,,,0.0,,,,,,,
,-0.29,-13.666939941557612,7.507480621337891,-0.455170601606369,,,,,33.63226475978684,0.2195019580267526,,,,,0.453820253,0.237037037,0.216783216,0.17037037,0.066666667,,46,151,135,16,13,2,5,32,23,18,3,0,1,8,,,,0.052980132,,,,,,,,,0.0,,,,,,,
,-0.08,-1.8030479159237771,0.6960577964782715,-0.0755966082215309,,,,,6.405411071236188,0.1732272368211012,,,,,0.23076923,0.0,0.23076923,0.0,0.0,,6,14,10,2,0,0,0,0,0,0,0,0,0,3,,,,0.214285714,,,,,,,,,0.0,,,,,,,
,-0.05,-0.8117928279962338,-0.0493827164173126,-0.0251988694071769,,,,,0.5574348833742319,0.1584128141403198,,,,,0.333333332,0.166666666,0.166666666,0.166666666,0.0,,3,6,6,1,0,0,0,1,1,1,0,0,0,0,,,,0.0,,,,,,,,,0.0,,,,,,,
,-0.06,-1.335515800196511,0.3977473117411136,-0.0251988694071769,,,,,-22.37327143260999,0.1188096106052398,,,,,0.25,0.125,0.125,0.125,0.0,,3,8,8,0,0,0,0,1,1,1,0,0,0,0,,,,0.0,,,,,,,,,0.0,,,,,,,
,-0.1,-1.354719449966409,0.3977473080158233,-0.0251988694071769,,,,,-16.862517840528007,0.1357824121202741,,,,,0.285714284,0.142857142,0.142857142,0.142857142,0.0,,5,8,7,1,0,0,0,1,1,1,0,0,0,0,,,,0.0,,,,,,,,,0.0,,,,,,,
,-0.05,-0.7967364128320855,0.0,0.0,,,,,-86.75127384564222,0.0,,,,,0.0,0.0,0.0,0.0,0.0,,1,3,3,0,0,0,0,0,0,0,0,0,0,0,,,,0.0,,,,,,,,,0.0,,,,,,,
,-0.09,-2.35274206672583,0.944649875164032,-0.1007954776287078,,,,,16.65594119376934,0.1895832638991506,,,,,0.377192981,0.166666666,0.210526315,0.166666666,0.0,,6,19,18,2,0,0,0,3,3,3,0,0,0,1,,,,0.052631578,,,,,,,,,0.0,,,,,,,
,0.36,-5.554981340168633,-0.4938271641731262,-0.8063638210296631,,,,,74.9863159117509,0.2866355442831702,,,,,0.609929077,0.333333333,0.276595744,0.244444444,0.088888889,,42,144,135,19,12,1,7,45,33,26,3,3,0,6,,,,0.041666666,,,,,,,,,0.0,,,,,,,
,-0.07,-1.0623152171094474,0.1988736540079116,0.0,,,,,-86.75127384564222,0.0,,,,,0.0,0.0,0.0,0.0,0.0,,1,4,4,0,0,0,0,0,0,0,0,0,0,0,,,,0.0,,,,,,,,,0.0,,,,,,,
,-0.09,-1.9420406975772968,0.6960577964782715,0.1496022641658783,,,,,-5.0581332020603185,0.1462272130526029,,,,,0.307692306,0.153846153,0.153846153,0.153846153,0.0,,4,14,13,1,2,0,0,2,2,2,0,0,1,0,,,,0.0,,,,,,,,,0.0,,,,,,,
,-0.1,-2.9038846869415096,1.2429603338241575,-0.1007954776287078,,,,,14.950870441528268,0.1828758764266967,,,,,0.336363636,0.136363636,0.2,0.09090909,0.045454546,,11,25,22,0,1,0,1,3,2,1,1,0,0,2,,,,0.08,,,,,,,,,0.0,,,,,,,
,-0.07,-1.441230101776242,0.1851851791143417,-0.0755966082215309,,,,,26.1312127381081,0.2039696253263033,,,,,0.397435896,0.166666666,0.23076923,0.166666666,0.0,,3,13,12,0,0,0,0,2,2,2,0,0,0,1,,,,0.076923076,,,,,,,,,0.0,,,,,,,
,-0.11,-1.2698805226036978,0.2485920786857605,0.0,,,,,-92.64858344836487,0.0,,,,,0.0,0.0,0.0,0.0,0.0,,2,5,5,0,0,0,0,0,0,0,0,0,0,0,,,,0.0,,,,,,,,,0.0,,,,,,,
,-0.02,-2.1268296729026215,-2.8333333134651184,-0.6315626874566078,,,,,90.69512672831756,0.3261518500067971,,,,,0.67950089,0.343137254,0.336363636,0.284313725,0.058823529,,28,113,102,10,14,0,4,35,29,25,2,2,1,6,,,,0.053097345,,,,,,,,,-2.0,,,,,,,
,-0.08,-1.1277328632430246,-0.0138888889923691,-0.0251988694071769,,,,,-10.755196085352123,0.1357824121202741,,,,,0.285714284,0.142857142,0.142857142,0.142857142,0.0,,3,7,7,0,0,0,0,1,1,1,0,0,0,0,,,,0.0,,,,,,,,,0.0,,,,,,,
,0.44,-4.689100038032454,-1.3209876418113708,-0.8315626904368401,,,,,80.48513726582138,0.3095010251238726,,,,,0.653185035,0.348837209,0.304347826,0.255813953,0.093023256,,43,139,129,15,12,0,9,45,33,24,6,3,0,7,,,,0.050359712,,,,,,,,,-1.0,,,,,,,
,-0.14,-6.652944316474584,3.2814154624938965,-0.3779830411076545,,,,,33.144479230683906,0.2162665807283841,,,,,0.44951923,0.21875,0.23076923,0.21875,0.0,,20,66,64,7,6,0,0,14,14,14,0,0,0,1,,,,0.015151515,,,,,,,,,0.0,,,,,,,
,-0.13,-1.0513123784978446,-0.0493827164173126,0.0,,,,,-84.81701356814575,0.0,,,,,0.0,0.0,0.0,0.0,0.0,,1,4,4,0,0,0,0,0,0,0,0,0,0,0,,,,0.0,,,,,,,,,0.0,,,,,,,
,-0.1,-1.0513123784978446,-0.0493827164173126,0.0,,,,,-84.81701356814575,0.0,,,,,0.0,0.0,0.0,0.0,0.0,,1,4,4,0,0,0,0,0,0,0,0,0,0,0,,,,0.0,,,,,,,,,0.0,,,,,,,
,-0.11,-1.856221048836455,0.497184157371521,-0.0251988694071769,,,,,-38.888589458140665,0.0950476884841919,,,,,0.2,0.1,0.1,0.1,0.0,,3,10,10,0,0,0,0,1,1,1,0,0,0,0,,,,0.0,,,,,,,,,0.0,,,,,,,
,-0.1,-1.0513123784978446,-0.0987654328346252,0.0,,,,,-84.81701356814575,0.0,,,,,0.0,0.0,0.0,0.0,0.0,,2,4,4,0,0,0,0,0,0,0,0,0,0,0,,,,0.0,,,,,,,,,0.0,,,,,,,
,-0.14,-1.6873120975532574,-0.3703703582286834,0.2488067895174026,,,,,47.54982367820564,0.2383098644869668,,,,,0.48076923,0.23076923,0.25,0.192307692,0.038461538,,8,28,26,2,4,0,1,6,5,4,1,0,2,1,,,,0.035714285,,,,,,,,,0.0,,,,,,,
,-0.08,-0.4745736996703885,-2.6419752836227417,-0.4283807799220085,,,,,99.40612319350372,0.3347597667726419,,,,,0.702619413,0.363636363,0.33898305,0.29090909,0.072727273,,13,59,55,6,6,0,3,20,16,13,2,1,0,3,,,,0.050847457,,,,,,,,,-2.0,,,,,,,
,-0.09,-1.4459111423080986,0.0617283955216407,-0.0251988694071769,,,,,-24.878107015316157,0.1188096106052398,,,,,0.25,0.125,0.125,0.125,0.0,,2,8,8,1,0,0,0,1,1,1,0,0,0,0,,,,0.0,,,,,,,,,0.0,,,,,,,
,-0.11,-1.6725431846292955,-0.1543209850788116,0.1244033947587013,,,,,33.49539366996541,0.2204561421745701,,,,,0.473684209,0.263157894,0.210526315,0.210526315,0.052631579,,9,19,19,4,2,0,1,5,4,3,1,0,1,0,,,,0.0,,,,,,,,,0.0,,,,,,,
,-0.11,-1.4459111423080986,-0.0617283955216407,-0.0251988694071769,,,,,-24.878107015316157,0.1188096106052398,,,,,0.25,0.125,0.125,0.125,0.0,,2,8,8,0,0,0,0,1,1,1,0,0,0,0,,,,0.0,,,,,,,,,0.0,,,,,,,
,-0.31,-14.590828767511423,7.656635761260986,-0.7055683434009552,,,,,31.607847733460535,0.2148633313179016,,,,,0.439858156,0.219858156,0.22,0.170212765,0.049645391,,42,154,141,9,7,0,5,31,24,19,3,2,0,8,,,,0.051948051,,,,,,,,,0.0,,,,,,,
,-0.1,-0.9908164005022266,-0.9691358022391796,-0.1259943470358848,,,,,68.76220119594308,0.278010816801162,,,,,0.563492062,0.277777777,0.285714285,0.166666666,0.111111111,,6,21,18,2,1,0,1,5,3,2,0,1,0,3,,,,0.142857142,,,,,,,,,-1.0,,,,,,,
,-0.11,-2.099815832142081,0.0,-0.1259943470358848,,,,,34.90419556985884,0.2167885189964657,,,,,0.438095238,0.2,0.238095238,0.2,0.0,,5,23,20,0,0,0,0,4,4,4,0,0,0,1,,,,0.04347826,,,,,,,,,0.0,,,,,,,
,-0.24,-12.820665156810769,6.612549304962158,-0.7307672128081322,,,,,36.07935399503979,0.2251934869722886,,,,,0.449035812,0.20661157,0.242424242,0.173553719,0.033057851,,39,133,121,14,10,0,3,25,21,18,2,1,0,11,,,,0.082706766,,,,,,,,,0.0,,,,,,,
,-0.15,-3.0003782985447067,0.994368314743042,-0.0755966082215309,,,,,-10.926783958618952,0.1425715327262878,,,,,0.3,0.15,0.15,0.15,0.0,,8,20,20,2,0,0,0,3,3,3,0,0,0,0,,,,0.0,,,,,,,,,0.0,,,,,,,
,0.52,-14.049236847605776,3.129629611968994,-0.960738942027092,,,,,64.18814263060216,0.2775548487293477,,,,,0.585405071,0.316017316,0.269387755,0.225108225,0.090909091,,70,257,231,28,29,2,12,73,52,40,5,5,2,11,,,,0.042801556,,,,,,,,,1.0,,,,,,,
,-0.16,-2.1114563601879603,0.447465717792511,0.2000000029802322,,,,,-94.81220045718412,0.0,,,,,0.0,0.0,0.0,0.0,0.0,,3,9,9,0,0,0,0,0,0,0,0,0,1,0,,,,0.0,,,,,,,,,0.0,,,,,,,
,-0.15,-2.0846259275117034,0.3977473229169845,0.0,,,,,-88.56520865153514,0.0,,,,,0.0,0.0,0.0,0.0,0.0,,3,8,8,0,0,0,0,0,0,0,0,0,0,0,,,,0.0,,,,,,,,,0.0,,,,,,,
,-0.25,-11.07648549733693,5.518743991851807,-0.7055683434009552,,,,,34.3001545666451,0.2273050185737259,,,,,0.438698914,0.181818181,0.256880733,0.181818181,0.0,,33,111,99,10,3,0,0,18,18,18,0,0,0,5,,,,0.045045045,,,,,,,,,0.0,,,,,,,
,-0.18,-4.70758797010044,1.8395813703536987,-0.1763920858502388,,,,,7.106767570196422,0.1744192613137735,,,,,0.355855855,0.166666666,0.189189189,0.166666666,0.0,,14,37,36,3,2,0,0,6,6,6,0,0,0,1,,,,0.027027027,,,,,,,,,0.0,,,,,,,
,-0.17,-2.3114563631681926,0.447465717792511,0.0,,,,,-94.81220045718412,0.0,,,,,0.0,0.0,0.0,0.0,0.0,,3,9,9,0,0,0,0,0,0,0,0,0,0,0,,,,0.0,,,,,,,,,0.0,,,,,,,
,-0.30000000000000004,-12.600323802629005,6.314238786697388,-0.6299717351794243,,,,,33.721394154633956,0.2175730277621556,,,,,0.442561205,0.220338983,0.222222222,0.169491525,0.050847458,,43,127,118,8,11,1,3,26,20,17,1,1,0,5,,,,0.039370078,,,,,,,,,0.0,,,,,,,
,-0.16,-4.95602284639571,1.9390181303024292,-0.1511932164430618,,,,,13.3669613309545,0.1800071534357573,,,,,0.373399715,0.189189189,0.184210526,0.162162162,0.027027027,,12,39,37,1,2,0,1,7,6,5,1,0,0,1,,,,0.025641025,,,,,,,,,0.0,,,,,,,
,-0.1,-1.315324093495644,-1.1851851791143415,-0.1511932164430618,,,,,64.40867682026804,0.2800269904343978,,,,,0.554347826,0.25,0.304347826,0.2,0.05,,6,23,20,2,2,0,1,5,4,3,1,0,0,3,,,,0.130434782,,,,,,,,,-1.0,,,,,,,
,-0.12,-0.0651403884395737,-3.0617283955216408,-0.1527841687202453,,,,,101.46737789566552,0.3527244102387201,,,,,0.714285713,0.333333333,0.38095238,0.277777777,0.055555556,,14,42,36,7,4,0,2,12,10,8,2,0,1,5,,,,0.119047619,,,,,,,,,-3.0,,,,,,,
,-0.15,-0.8145399327963037,-1.0308641977608204,0.0,,,,,-90.9243353233216,0.0,,,,,0.0,0.0,0.0,0.0,0.0,,1,3,3,0,0,0,0,0,0,0,0,0,0,0,,,,0.0,,,,,,,,,-1.0,,,,,,,
,-0.14,-2.3741120933088133,-0.2469135820865631,-0.1259943470358848,,,,,28.14342140986563,0.2160174738277088,,,,,0.454545454,0.227272727,0.227272727,0.227272727,0.0,,5,22,22,5,2,0,0,5,5,5,0,0,0,0,,,,0.0,,,,,,,,,0.0,,,,,,,
,-0.21,-2.222147832742534,-0.2469135820865631,-0.0503977388143539,,,,,-17.66702562955715,0.1357824121202741,,,,,0.285714284,0.142857142,0.142857142,0.142857142,0.0,,7,14,14,1,2,0,0,2,2,2,0,0,0,0,,,,0.0,,,,,,,,,0.0,,,,,,,
,-0.19,-4.555782396930702,-0.9876543283462524,-0.028380773961544,,,,,64.227379817028,0.2666261605918407,,,,,0.568681318,0.318681318,0.25,0.208791208,0.10989011,,21,96,91,10,5,0,7,29,19,12,4,3,2,4,,,,0.041666666,,,,,,,,,0.0,,,,,,,
,-0.09999999999999999,-12.580005616170746,0.8317230492830276,-0.2851423248648643,,,,,64.80744545171487,0.2634169926514497,,,,,0.558826254,0.304,0.254826254,0.228,0.076,,71,265,250,21,21,1,15,76,57,42,12,2,5,9,,,,0.033962264,,,,,,,,,-1.0,,,,,,,
,-0.10000000000000003,-27.568559974936313,9.79629611968994,-1.541903890669346,,,,,54.92039498891858,0.2645629325918123,,,,,0.544490195,0.277333333,0.267156862,0.202666666,0.074666667,,108,414,375,50,40,1,24,104,76,52,21,2,3,28,,,,0.06763285,,,,,,,,,5.0,,,,,,,
,-0.3,-5.993651718692108,1.3580247163772583,-0.0519886910915374,,,,,29.579191628408378,0.2160820147347828,,,,,0.456349206,0.25,0.206349206,0.166666666,0.083333334,,13,64,60,6,1,0,3,15,10,7,1,2,1,3,,,,0.046875,,,,,,,,,2.0,,,,,,,
,-0.16,-4.872195393997879,-0.3888888955116272,-0.1779830381274223,,,,,56.57679827837621,0.2553467547021261,,,,,0.538774233,0.294871794,0.243902439,0.205128205,0.089743589,,26,82,78,6,4,1,5,23,16,11,4,0,1,4,,,,0.048780487,,,,,,,,,0.0,,,,,,,
,-0.17,-5.791340151944214,-0.6419752836227417,-0.0551705956459045,,,,,64.30448120252046,0.2733942663997685,,,,,0.561631391,0.277227722,0.284403669,0.227722772,0.04950495,,26,113,101,15,9,0,5,28,23,18,5,0,3,8,,,,0.07079646,,,,,,,,,0.0,,,,,,,
,0.0,-11.87754636677463,-1.0,-0.2379264906048774,,,,,71.18022280063613,0.2924417120581459,,,,,0.617565418,0.330827067,0.286738351,0.251879699,0.078947368,,66,284,266,33,34,2,15,88,67,52,11,2,7,11,,,,0.038732394,,,,,,,,,-1.0,,,,,,,
,-0.25,-2.08053224262322,-0.8765432089567184,-0.0755966082215309,,,,,-1.3869685631766062,0.1634519735972086,,,,,0.276923076,0.076923076,0.2,0.076923076,0.0,,4,15,13,0,0,0,0,1,1,1,0,0,0,2,,,,0.133333333,,,,,,,,,-1.0,,,,,,,
,-0.25,-2.103100776543047,-0.8765432089567184,-0.0251988694071769,,,,,-5.076777389423674,0.1525141954421997,,,,,0.333333333,0.2,0.133333333,0.133333333,0.066666667,,5,15,15,1,1,0,1,3,2,1,1,0,0,0,,,,0.0,,,,,,,,,-1.0,,,,,,,
,-0.53,-13.117766896395564,6.065646648406982,-0.1039773821830749,,,,,19.087259715034165,0.189934931883291,,,,,0.39327731,0.2,0.19327731,0.165217391,0.034782609,,35,122,115,10,5,0,3,23,19,16,2,1,2,3,,,,0.024590163,,,,,,,,,0.0,,,,,,,
,-0.22,-2.7553306001300704,-0.7839506268501282,0.0740056559443473,,,,,28.944664385655702,0.2174864453928811,,,,,0.464285714,0.25,0.214285714,0.214285714,0.035714286,,9,28,28,5,6,0,1,7,6,5,1,0,1,0,,,,0.0,,,,,,,,,-1.0,,,,,,,
,0.29,-17.542331167747207,3.592592477798462,-1.2647163271903992,,,,,59.51782005958226,0.2586217996300451,,,,,0.536253157,0.268041237,0.26821192,0.240549828,0.027491409,,87,305,291,19,20,0,7,78,70,63,6,1,3,3,,,,0.009836065,,,,,,,,,1.0,,,,,,,
,-0.36999999999999994,-34.10390860863488,14.759259223937988,0.1588916108012199,,,,,42.2465529990111,0.2353754402336916,,,,,0.4974343,0.265206812,0.232227488,0.211678832,0.05352798,,110,435,411,29,44,0,17,109,87,70,12,5,11,9,,,,0.020689655,,,,,,,,,8.0,,,,,,,
,-0.21,-2.60242307586548,-1.1172839477658272,0.1244033947587013,,,,,31.05397876353421,0.2185885608196258,,,,,0.474867724,0.296296296,0.178571428,0.148148148,0.148148148,,10,30,27,2,4,1,2,8,4,2,1,0,1,1,,,,0.033333333,,,,,,,,,-1.0,,,,,,,
,-0.25,-1.9034868033854653,-1.148148149251938,-0.0251988694071769,,,,,-32.07856149280998,0.1056085427602132,,,,,0.222222222,0.111111111,0.111111111,0.111111111,0.0,,3,10,9,0,0,0,0,1,1,1,0,0,0,0,,,,0.0,,,,,,,,,-1.0,,,,,,,
,-0.52,-11.57078494553595,5.021559715270996,-0.2787785157561302,,,,,21.382377761413625,0.198248551623656,,,,,0.418019801,0.22,0.198019801,0.19,0.03,,28,101,100,7,6,1,1,22,19,18,0,0,1,0,,,,0.0,,,,,,,,,0.0,,,,,,,
,-0.28,-2.0030693101928088,-1.0987654328346252,-0.0251988694071769,,,,,-39.0810630853661,0.0950476884841919,,,,,0.2,0.1,0.1,0.1,0.0,,3,10,10,0,1,0,0,1,1,1,0,0,0,0,,,,0.0,,,,,,,,,-1.0,,,,,,,
,-0.37,-4.028918827281692,0.2160493731498718,0.1244033947587013,,,,,-31.267539944123403,0.1080004132312277,,,,,0.178053829,0.047619047,0.130434782,0.047619047,0.0,,9,24,21,1,0,0,0,1,1,1,0,0,1,1,,,,0.041666666,,,,,,,,,0.0,,,,,,,
,-0.47,-10.318865878315902,4.226065158843994,0.1228124424815177,,,,,13.61834001415833,0.176311160836901,,,,,0.366666666,0.2,0.166666666,0.125,0.075,,27,85,80,7,8,1,3,16,10,7,1,1,2,4,,,,0.047058823,,,,,,,,,0.0,,,,,,,
,-0.28,-3.485087501244133,-2.388888895511627,-0.1543751209974289,,,,,69.5608864160578,0.2756909807044339,,,,,0.565472415,0.276315789,0.289156626,0.22368421,0.052631579,,23,83,76,11,6,0,2,21,17,15,0,2,2,7,,,,0.084337349,,,,,,,,,-2.0,,,,,,,
,-0.22,-3.204422910382596,-1.3024691343307495,-0.1511932164430618,,,,,51.204815713050536,0.2558194814726364,,,,,0.549631309,0.31707317,0.232558139,0.195121951,0.121951219,,11,44,41,8,3,0,4,13,8,4,3,1,0,2,,,,0.045454545,,,,,,,,,-1.0,,,,,,,
,-0.18,-14.91991528462736,0.6851851940155029,-0.0883242264389991,,,,,62.37387305648886,0.2587574327032172,,,,,0.539819244,0.277192982,0.262626262,0.231578947,0.045614035,,75,299,285,21,39,0,11,79,66,55,9,2,8,7,,,,0.023411371,,,,,,,,,3.0,,,,,,,
,-0.32,-4.635462974470565,0.6543209850788116,-0.0755966082215309,,,,,-33.030655024898756,0.1096704097894521,,,,,0.23076923,0.115384615,0.115384615,0.115384615,0.0,,7,26,26,4,1,0,0,3,3,3,0,0,0,0,,,,0.0,,,,,,,,,1.0,,,,,,,
,-0.54,-13.407220262592814,5.916491508483887,-0.3291762545704841,,,,,22.720199071914777,0.2015289342508907,,,,,0.408651062,0.196261682,0.21238938,0.168224299,0.028037383,,38,119,107,12,7,0,3,21,18,15,3,0,1,6,,,,0.050420168,,,,,,,,,0.0,,,,,,,
,-0.08,-3.816733828391743,-1.1975308656692505,-0.2771875634789467,,,,,53.90816536324721,0.2578802221226242,,,,,0.529457065,0.265306122,0.264150943,0.204081632,0.06122449,,17,54,49,4,6,0,3,13,10,7,3,0,0,4,,,,0.074074074,,,,,,,,,-1.0,,,,,,,
,-0.2,-4.927652905821071,0.0617283955216407,-0.1763920858502388,,,,,27.36913748781961,0.2092244728751804,,,,,0.445652173,0.25,0.195652173,0.159090909,0.090909091,,20,46,44,5,4,0,2,11,7,5,0,2,0,2,,,,0.04347826,,,,,,,,,0.0,,,,,,,
,-0.45,-15.30770020879435,6.91085958480835,-0.6551706045866013,,,,,25.87444315663484,0.2093796396956724,,,,,0.419000933,0.198412698,0.220588235,0.158730158,0.03968254,,42,139,126,8,7,0,4,25,20,16,3,1,0,8,,,,0.057553956,,,,,,,,,0.0,,,,,,,
,0.55,-18.10578069430757,3.85185182094574,-0.2883242294192314,,,,,56.496582000069154,0.262625736970428,,,,,0.545622948,0.276119402,0.269503546,0.231343283,0.044776119,,76,288,268,26,24,0,9,74,62,53,6,3,7,11,,,,0.038194444,,,,,,,,,2.0,,,,,,,
,-0.52,-17.216406197371434,-1.2839505672454834,-0.0678982138633728,,,,,69.7779718405092,0.294626133163254,,,,,0.620579419,0.329670329,0.29090909,0.25,0.079670329,,99,399,364,42,50,2,22,120,91,69,17,3,11,20,,,,0.050125313,,,,,,,,,2.0,,,,,,,
,-0.31,-4.37451150975664,-0.0493827164173126,-0.0251988694071769,,,,,-32.97284252462882,0.0994232098261515,,,,,0.195238095,0.1,0.095238095,0.05,0.05,,9,23,20,1,1,0,1,2,1,0,1,0,0,1,,,,0.04347826,,,,,,,,,0.0,,,,,,,
,-0.35,-4.545293936110663,-1.5044581592082975,0.6472158432006836,,,,,43.73319628329578,0.227075765381998,,,,,0.461028192,0.222222222,0.23880597,0.19047619,0.031746032,,17,70,63,4,4,0,2,14,12,10,2,0,5,3,,,,0.042857142,,,,,,,,,-2.0,,,,,,,
,-0.54,-13.013179704140398,5.369588851928711,-0.3543751239776611,,,,,17.5787680483667,0.1877289363316127,,,,,0.37113997,0.161616161,0.209523809,0.161616161,0.0,,31,108,99,5,6,0,0,16,16,16,0,0,1,6,,,,0.055555555,,,,,,,,,0.0,,,,,,,
,-0.18,-4.591320755807994,-1.8271604776382449,-0.4283807799220085,,,,,63.408490675910286,0.2717515879039523,,,,,0.57248945,0.306666666,0.265822784,0.226666666,0.08,,19,80,75,4,10,0,4,23,17,13,2,2,0,2,,,,0.025,,,,,,,,,-3.0,,,,,,,
,-0.49,-13.769572591529748,5.717617511749268,-0.5039773881435394,,,,,12.501247197378932,0.1831991902568884,,,,,0.374800637,0.181818181,0.192982456,0.163636363,0.018181818,,33,115,110,10,9,0,2,20,18,16,2,0,0,4,,,,0.034782608,,,,,,,,,0.0,,,,,,,
,-0.1,-9.608781818297633,-0.1851851791143417,0.7432384639978409,,,,,50.92299020176839,0.2523579039634802,,,,,0.521716378,0.265306122,0.256410256,0.210884353,0.054421769,,54,160,147,13,6,1,6,39,31,25,5,0,8,8,,,,0.05,,,,,,,,,0.0,,,,,,,
,-0.53,-13.562495966652037,5.469025611877441,-0.4787785187363624,,,,,16.361038241354844,0.1919380873441696,,,,,0.379006409,0.177083333,0.201923076,0.135416666,0.041666667,,32,110,96,10,8,1,2,17,13,11,1,0,0,7,,,,0.063636363,,,,,,,,,0.0,,,,,,,
,-0.47000000000000003,-4.786769536355584,-1.7901234328746796,0.0220169648528099,,,,,47.89127846093063,0.2466426154841547,,,,,0.490377761,0.229508196,0.260869565,0.163934426,0.06557377,,20,70,61,5,3,0,3,14,10,7,2,1,2,8,,,,0.114285714,,,,,,,,,-1.0,,,,,,,
,0.19,-8.422043940763382,-0.0493827164173126,-0.6551706045866013,,,,,50.07280381414354,0.2462463440039219,,,,,0.504116678,0.247706422,0.256410256,0.201834862,0.04587156,,41,118,109,11,10,0,4,27,22,18,3,1,0,8,,,,0.06779661,,,,,,,,,0.0,,,,,,,
,-0.23,-4.899712636651161,-0.9382716044783592,-0.2015909552574157,,,,,31.173896210277857,0.2126537809769312,,,,,0.43560606,0.227272727,0.208333333,0.136363636,0.090909091,,17,48,44,3,2,0,2,10,6,4,0,2,0,3,,,,0.0625,,,,,,,,,-1.0,,,,,,,
,-0.41,-3.844068427863328,-1.6913580298423767,-0.0267898216843605,,,,,27.611958072213543,0.1996761322021484,,,,,0.387162162,0.162162162,0.225,0.162162162,0.0,,10,40,37,4,3,0,0,6,6,6,0,0,1,2,,,,0.05,,,,,,,,,-2.0,,,,,,,
,-0.3,-5.232842232941251,-0.0246913582086563,-0.0755966082215309,,,,,-34.894045815351845,0.1018368090902056,,,,,0.214285714,0.107142857,0.107142857,0.107142857,0.0,,11,29,28,0,1,0,0,3,3,3,0,0,0,0,,,,0.0,,,,,,,,,0.0,,,,,,,
,-0.31,-4.168968523018114,-2.0,-0.2771875634789467,,,,,47.28510761999977,0.2415083795785904,,,,,0.509920634,0.277777777,0.232142857,0.203703703,0.074074074,,16,56,54,1,3,1,2,15,11,9,1,0,0,2,,,,0.035714285,,,,,,,,,-2.0,,,,,,,
,-0.62,-13.19975727159565,-7.777777791023254,-1.099460907280445,,,,,79.87183764019511,0.2942635206848449,,,,,0.610231979,0.304245283,0.305986696,0.261792452,0.042452831,,109,456,424,62,45,0,15,129,111,96,12,3,10,24,,,,0.052631578,,,,,,,,,-4.0,,,,,,,
,-0.52,-7.453085457175831,1.789862871170044,-0.0755966082215309,,,,,-55.44581107116344,0.0681049889988369,,,,,0.112745097,0.029411764,0.083333333,0.029411764,0.0,,13,36,34,1,0,0,0,1,1,1,0,0,0,2,,,,0.055555555,,,,,,,,,0.0,,,,,,,
,-0.12,-6.96108408925791,0.0617283955216407,-0.3023864328861236,,,,,25.72317259278527,0.2011844656046699,,,,,0.418003564,0.212121212,0.205882352,0.181818181,0.030303031,,25,68,66,8,3,0,2,14,12,10,2,0,0,2,,,,0.029411764,,,,,,,,,0.0,,,,,,,
,-0.38,-4.128062913027653,-2.842105269432068,-0.1527841687202453,,,,,61.17555539520625,0.267657800459526,,,,,0.577464787,0.323943661,0.253521126,0.253521126,0.070422535,,18,72,71,9,5,0,4,23,18,14,3,1,1,0,,,,0.0,,,,,,,,,-2.0,,,,,,,
,-0.66,-15.489846466187153,6.264520168304443,0.2456248849630355,,,,,12.182843001475094,0.1783971596164863,,,,,0.353991595,0.160714285,0.19327731,0.142857142,0.017857143,,37,126,112,6,8,0,1,18,16,15,0,1,4,6,,,,0.047619047,,,,,,,,,0.0,,,,,,,
,-0.31,-6.091719948741498,-0.8888888359069824,-0.3527841717004776,,,,,41.51393055691992,0.2316108475560727,,,,,0.492753622,0.260869565,0.231884057,0.231884057,0.028985508,,18,69,69,4,3,0,2,18,16,14,2,0,0,0,,,,0.0,,,,,,,,,-2.0,,,,,,,
,-0.6,-12.540540072311083,4.424938678741455,-0.1023864299058914,,,,,-6.008056578241584,0.1425356038592078,,,,,0.297152559,0.149425287,0.147727272,0.137931034,0.011494253,,27,89,87,4,6,0,1,13,12,11,1,0,1,1,,,,0.011235955,,,,,,,,,0.0,,,,,,,
,-0.18,-16.09132373466427,2.820987582206726,-0.6331536397337914,,,,,46.702312853912744,0.2385640935363056,,,,,0.495743499,0.257425742,0.238317757,0.193069306,0.064356436,,61,220,202,16,22,0,10,52,39,29,7,3,2,10,,,,0.045454545,,,,,,,,,1.0,,,,,,,
,0.09999999999999999,-14.361055643338776,0.1790123283863067,-0.8363355472683907,,,,,60.70490854753677,0.2637056608994801,,,,,0.549094202,0.278260869,0.270833333,0.239130434,0.039130435,,65,246,230,22,24,0,8,64,55,47,7,1,3,8,,,,0.032520325,,,,,,,,,-1.0,,,,,,,
,-0.45,-5.406571820474285,-1.2962962985038755,0.2740056589245796,,,,,7.104603283980011,0.1720721664882841,,,,,0.361788617,0.195121951,0.166666666,0.146341463,0.048780488,,10,43,41,6,6,0,2,8,6,4,2,0,2,1,,,,0.023255813,,,,,,,,,-1.0,,,,,,,
,-0.47000000000000003,-5.498163890200594,-1.3827160224318504,-0.2267898246645927,,,,,11.743905171809695,0.1854099943524315,,,,,0.345864661,0.131578947,0.214285714,0.131578947,0.0,,10,42,38,5,2,0,0,5,5,5,0,0,0,3,,,,0.071428571,,,,,,,,,-2.0,,,,,,,
,-0.47,-9.550492838987322,-2.3580247163772583,-0.2835513725876808,,,,,59.83282083576555,0.2628344548375983,,,,,0.536000297,0.261146496,0.274853801,0.210191082,0.050955414,,41,175,157,25,3,1,4,41,33,29,1,2,4,13,,,,0.074285714,,,,,,,,,-1.0,,,,,,,
,-0.46,-6.49181446679841,-4.018518447875977,0.5180395916104317,,,,,64.02021443021167,0.2793147967274028,,,,,0.552925792,0.252173913,0.300751879,0.191304347,0.060869566,,33,137,115,14,8,0,5,29,22,17,3,2,7,15,,,,0.109489051,,,,,,,,,-3.0,,,,,,,
,-0.15,-10.07393245595339,-0.0493827164173126,-0.5543751269578934,,,,,43.27102874852361,0.2437519135682479,,,,,0.505160502,0.261682242,0.24347826,0.186915887,0.074766355,,32,118,107,8,8,0,6,28,20,14,4,2,0,8,,,,0.06779661,,,,,,,,,0.0,,,,,,,
,-0.34,-11.032655737474464,-2.0832772105932236,0.4440339356660843,,,,,59.24117928728961,0.2753083367937619,,,,,0.598651019,0.356382978,0.242268041,0.218085106,0.138297872,,53,198,188,26,26,2,17,67,41,24,10,5,6,5,,,,0.025252525,,,,,,,,,-2.0,,,,,,,
,-0.68,-11.145646920393158,-2.305495023727417,0.1416475027799606,,,,,58.63886285447785,0.2620031360317679,,,,,0.554394345,0.299492385,0.25490196,0.228426395,0.07106599,,50,207,197,21,21,1,10,59,45,35,7,2,6,5,,,,0.024154589,,,,,,,,,-4.0,,,,,,,
,-0.6900000000000001,-12.781960638955246,-3.9626135900616646,0.2596870884299278,,,,,67.47977674245367,0.2867984231029238,,,,,0.579142857,0.272,0.307142857,0.224,0.048,,61,282,250,46,24,0,9,68,56,47,6,3,11,29,,,,0.102836879,,,,,,,,,-2.0,,,,,,,
,-0.87,-8.092297702778357,-6.345679044723511,-0.3371310159564018,,,,,73.50212026532043,0.2907333608087339,,,,,0.590936073,0.285,0.305936073,0.24,0.045,,49,222,200,22,13,1,6,57,48,42,4,1,6,9,,,,0.04054054,,,,,,,,,-4.0,,,,,,,
,-0.8799999999999999,-11.922766967828627,-6.407407388091087,0.8848859667778015,,,,,70.01545227501909,0.2772913254224337,,,,,0.572927642,0.287671232,0.28525641,0.236301369,0.051369863,,78,324,292,38,28,1,13,84,69,56,12,0,14,17,,,,0.052469135,,,,,,,,,-6.0,,,,,,,
,-1.37,-14.426102669201908,0.6234567761421204,-0.2567615509033203,,,,,43.72840168883871,0.2401299917179605,,,,,0.511594202,0.283333333,0.228260869,0.211111111,0.072222222,,52,191,180,12,18,2,8,51,38,30,5,1,3,3,,,,0.015706806,,,,,,,,,0.0,,,,,,,
,-0.66,-7.122808534453056,-2.0,-0.1527841687202453,,,,,18.661922746154417,0.1891831755638122,,,,,0.356681034,0.137931034,0.21875,0.137931034,0.0,,18,65,58,3,3,0,0,8,8,8,0,0,1,6,,,,0.092307692,,,,,,,,,-2.0,,,,,,,
,-0.64,-6.892551668224819,-8.370370388031006,-0.8127276301383972,,,,,81.80746121488966,0.3144032955169678,,,,,0.654897658,0.331753554,0.323144104,0.265402843,0.066350711,,51,235,211,35,17,0,10,70,56,46,6,4,4,18,,,,0.076595744,,,,,,,,,-6.0,,,,,,,
,-0.32,-23.755885811633423,-2.925925970077514,0.3761357218027115,,,,,66.41308121201308,0.2746017141271126,,,,,0.570296096,0.292828685,0.277467411,0.227091633,0.065737052,,132,545,502,50,45,0,29,147,114,85,25,4,17,28,,,,0.051376146,,,,,,,,,-7.0,,,,,,,
,-0.68,-10.354710426766664,0.5246913433074951,-0.1763920858502388,,,,,-2.940844977744208,0.1524671427408854,,,,,0.313333332,0.166666666,0.146666666,0.111111111,0.055555555,,22,75,72,3,4,0,4,12,8,4,4,0,0,2,,,,0.026666666,,,,,,,,,0.0,,,,,,,
,-0.65,-5.944058515241985,-4.425925940275192,-0.429971732199192,,,,,59.610123473573815,0.2653487192957025,,,,,0.514249037,0.219512195,0.294736842,0.182926829,0.036585366,,26,96,82,7,4,0,3,18,15,12,3,0,1,12,,,,0.125,,,,,,,,,-4.0,,,,,,,
,-0.76,-7.687860825510173,-1.740740716457367,0.7480113208293915,,,,,-1.5692865323686973,0.1500797310183125,,,,,0.308831305,0.147540983,0.161290322,0.147540983,0.0,,15,63,61,2,0,0,0,9,9,9,0,0,5,1,,,,0.015873015,,,,,,,,,-1.0,,,,,,,
,-0.54,-9.822993372475429,-0.0469135791063308,0.0488067865371704,,,,,-15.200923531329916,0.1316587851597712,,,,,0.279326923,0.15625,0.123076923,0.109375,0.046875,,19,65,64,2,5,0,2,10,7,5,1,1,1,0,,,,0.0,,,,,,,,,0.0,,,,,,,
,-0.8,-25.43581743746358,0.1666665077209472,0.9037210270762444,,,,,58.974662567172395,0.2529801394650128,,,,,0.529460403,0.272138228,0.257322175,0.233261339,0.038876889,,120,487,463,41,43,0,16,126,108,92,14,2,18,11,,,,0.022587268,,,,,,,,,-4.0,,,,,,,
,-0.51,-19.50797017032282,-10.49382734298706,-1.20343828946352,,,,,78.7599192164172,0.3004573021788855,,,,,0.628544527,0.327868852,0.300675675,0.245901639,0.081967213,,139,606,549,70,47,2,35,180,135,100,27,6,12,41,,,,0.067656765,,,,,,,,,-4.0,,,,,,,
,-0.53,-25.439981039910094,-0.3395062685012817,0.3257379829883575,,,,,62.24954616619076,0.2678936768085398,,,,,0.541863671,0.254629629,0.287234042,0.224537037,0.030092592,,120,486,432,48,51,0,13,110,97,84,13,0,17,33,,,,0.067901234,,,,,,,,,-5.0,,,,,,,
,-0.53,-16.93578244236921,-0.2160494327545166,-0.110341191291809,,,,,51.70851730379258,0.2504182959201446,,,,,0.515319811,0.260089686,0.255230125,0.201793721,0.058295965,,75,245,223,23,15,1,9,58,45,36,6,2,6,13,,,,0.053061224,,,,,,,,,-2.0,,,,,,,
,-1.02,-20.653800093193848,7.01029634475708,-0.5543751269578934,,,,,-8.127828751852997,0.1436513526099068,,,,,0.289495798,0.132352941,0.157142857,0.132352941,0.0,,45,141,136,11,6,0,0,18,18,18,0,0,0,4,,,,0.028368794,,,,,,,,,0.0,,,,,,,
,-0.55,-14.1816609012839,-0.0740740746259689,0.0944316685199737,,,,,33.518230585003636,0.2258714657940276,,,,,0.470631713,0.244604316,0.226027397,0.187050359,0.057553957,,43,151,139,17,8,0,5,34,26,21,2,3,4,6,,,,0.039735099,,,,,,,,,0.0,,,,,,,
,-0.96,-17.268831506763174,4.922122955322266,-0.1023864299058914,,,,,-21.93133683830802,0.1158533849214252,,,,,0.23384267,0.107526881,0.126315789,0.107526881,0.0,,37,99,93,6,5,0,0,10,10,10,0,0,1,2,,,,0.02020202,,,,,,,,,0.0,,,,,,,
,-1.01,-8.293032842852245,-4.104938268661499,0.4204260185360908,,,,,35.830844663547246,0.2267073152041194,,,,,0.457478005,0.215053763,0.242424242,0.193548387,0.021505376,,28,103,93,10,10,0,1,20,18,17,0,1,5,3,,,,0.029126213,,,,,,,,,-3.0,,,,,,,
,-1.1,-17.73314231745991,5.120996952056885,-0.0771875604987144,,,,,-30.02502466997435,0.1147787747996868,,,,,0.238811881,0.12,0.118811881,0.11,0.01,,34,103,100,3,1,0,1,12,11,10,1,0,1,1,,,,0.009708737,,,,,,,,,0.0,,,,,,,
,-0.41,-26.91535191345128,5.7037036418914795,-0.4111366719007492,,,,,37.369932513749674,0.2211374806893336,,,,,0.467532467,0.25,0.217532467,0.196666666,0.053333334,,83,321,300,27,31,0,11,75,59,48,6,5,5,7,,,,0.021806853,,,,,,,,,4.0,,,,,,,
,-1.09,-19.48541372685886,5.966209888458252,-0.3275853022933006,,,,,-21.098285830993454,0.1216356367127508,,,,,0.243249375,0.115044247,0.128205128,0.097345132,0.017699115,,34,120,113,11,2,0,2,13,11,9,2,0,0,4,,,,0.033333333,,,,,,,,,0.0,,,,,,,
,-0.93,-10.234720123963305,-4.0,-0.2819604203104973,,,,,48.29129930639379,0.2395412211722516,,,,,0.477795962,0.215384615,0.262411347,0.2,0.015384615,,39,146,130,12,7,0,2,28,26,24,2,0,3,10,,,,0.06849315,,,,,,,,,-4.0,,,,,,,
,-0.68,-11.474396016169676,-0.0987654328346252,-0.1763920858502388,,,,,-27.908639930251987,0.1137091948435856,,,,,0.219851116,0.096774193,0.123076923,0.080645161,0.016129032,,22,67,62,1,0,0,1,6,5,4,1,0,0,3,,,,0.044776119,,,,,,,,,0.0,,,,,,,
,-0.46,-15.574000140888224,0.0302343145012855,-0.2315626814961433,,,,,32.99014977660642,0.2271805939331553,,,,,0.471780603,0.236486486,0.235294117,0.209459459,0.027027027,,48,161,148,12,6,0,3,35,31,28,2,1,3,4,,,,0.02484472,,,,,,,,,0.0,,,,,,,
,-0.37,-14.875814061257795,-2.333333373069763,-0.3827558979392051,,,,,45.84519960155208,0.2353838336467743,,,,,0.491544502,0.256544502,0.235,0.198952879,0.057591623,,59,203,191,20,14,0,8,49,38,30,5,3,3,7,,,,0.034482758,,,,,,,,,-4.0,,,,,,,
,-0.56,-14.289464048748934,-3.674827337265014,-0.6079547703266144,,,,,53.07002640334605,0.2592390951851905,,,,,0.552739064,0.301507537,0.251231527,0.236180904,0.065326633,,58,205,199,17,20,0,11,60,47,36,9,2,2,4,,,,0.019512195,,,,,,,,,-2.0,,,,,,,
,-0.92,-17.067580428238887,0.0,1.044033944606781,,,,,19.659595386459618,0.1945560988856525,,,,,0.402477373,0.201257861,0.201219512,0.176100628,0.025157233,,43,171,159,9,7,0,3,32,28,25,2,1,9,4,,,,0.023391812,,,,,,,,,0.0,,,,,,,
,-1.17,-11.727437520333243,-2.259259283542633,0.1228124424815177,,,,,-13.781952552277929,0.134041611964886,,,,,0.282051282,0.141025641,0.141025641,0.141025641,0.0,,26,79,78,5,6,0,0,11,11,11,0,0,2,0,,,,0.0,,,,,,,,,-3.0,,,,,,,
,-1.17,-18.63809908093846,-0.0493827164173126,0.2220169678330421,,,,,-15.370729250928497,0.1266228189071019,,,,,0.260451977,0.127118644,0.133333333,0.118644067,0.008474577,,38,124,118,7,5,0,1,15,14,13,1,0,3,2,,,,0.016129032,,,,,,,,,0.0,,,,,,,
,-1.5899999999999999,-39.391877435233056,5.3271604180336,0.0801130980253219,,,,,43.11828797723202,0.2310339846918659,,,,,0.472817018,0.234913793,0.237903225,0.185344827,0.049568966,,128,525,464,48,41,0,18,109,86,68,13,5,13,28,,,,0.053333333,,,,,,,,,4.0,,,,,,,
,-1.29,-18.936209287848985,-9.817105770111084,-0.6710801273584366,,,,,68.39785695018307,0.2918803481494679,,,,,0.601868487,0.297520661,0.304347826,0.250688705,0.046831956,,98,405,363,42,36,0,13,108,91,78,9,4,10,22,,,,0.054320987,,,,,,,,,-13.0,,,,,,,
,-0.85,-35.43508880004719,-0.2592592239379883,-1.924659788608551,,,,,54.771036572979085,0.2505541732719352,,,,,0.518213269,0.262357414,0.255855855,0.214828897,0.047528517,,138,562,526,42,66,2,18,138,113,95,13,3,6,20,,,,0.035587188,,,,,,,,,4.0,,,,,,,
,-0.28,-32.84395293029605,5.685185194015503,-0.910341203212738,,,,,25.697504050824804,0.2048181197311304,,,,,0.433133321,0.233766233,0.199367088,0.178571428,0.055194805,,87,326,308,15,17,1,11,72,55,44,6,4,2,8,,,,0.024539877,,,,,,,,,3.0,,,,,,,
,-1.76,-21.136380981213087,-6.814814925193787,-0.0631253570318222,,,,,50.35806222421554,0.2474798370234973,,,,,0.520566585,0.274509803,0.246056782,0.218954248,0.055555555,,80,322,306,23,26,1,12,84,67,55,8,3,8,10,,,,0.0310559,,,,,,,,,-4.0,,,,,,,
,-1.47,-25.39934814170278,-6.320987701416016,-1.3151140660047531,,,,,52.82536457625327,0.2523488451894853,,,,,0.522317345,0.264437689,0.257879656,0.212765957,0.051671732,,93,359,329,33,38,0,14,87,70,56,11,3,3,18,,,,0.050139275,,,,,,,,,-12.0,,,,,,,
