Name,PlayerId,MLBAMID,Team,fWAR,fWAR,bWAR,ERA,xERA,FIP,xFIP,vFA,vFA,K%,BB%,K-BB%,IP,G,GS,Barrel%,HardHit%,EV,GB%,K/9,BB/9,K/BB,HR/9,BABIP,LOB%,HR/FB,SV,AVG,WHIP,ERA-,FIP-,SIERA,Chase%,Whiff%,WPA,Clutch,SO,BB,HBP,HR,QS,CG,ShO,ER
Lefty Grove,1005099,115201.0,BOS,7.095402717590332,,9.43,2.7032967032967035,,3.328093251378545,,,,0.1064204,0.05716799,0.04925242,273.0,35,30,,,,,3.989010989010989,2.142857142857143,1.86153846,0.1978021978021978,0.2791932059447983,0.70602556,,1,0.2516370439663237,1.2234432234432235,58.582062705533666,70.15287696246985,,,,,,121,65,3,6,,23,2,82
Mel Harder,1005339,115451.0,CLE,6.87141227722168,,7.32,3.2888633419214477,,3.345146202287296,,,,0.0787728,0.04394693,0.03482587,287.1,42,35,,,,,2.9756382617384527,1.6600929249698737,1.79245283,0.187935048109797,0.2918250950570342,0.68791946,,2,0.2714657415437987,1.2737819927441798,73.83982377360434,73.06360794816563,,,,,,95,53,0,6,,17,4,105
Cy Blanton,1001055,111083.0,PIT,6.659500598907471,,7.21,2.5832244769569357,,2.8906163144553343,,,,0.1364073,0.05283381,0.08357349,254.1,35,31,,,,,5.024902407231299,1.9462650168853624,2.58181818,0.1061599100119288,0.2586412395709178,0.6744868,,1,0.2235772357723577,1.0812583427140905,63.928996700784936,67.57302193602128,,,,,,142,55,2,3,,23,4,73
Dizzy Dean,1003106,113168.0,STL,6.547916889190674,,7.11,3.0430329771844193,,3.3998108234241493,,,,0.13950073,0.05653451,0.08296623,325.1,50,36,,,,,5.256147869682179,2.1301230840290937,2.46753247,0.4426229784995519,0.2865116279069767,0.72922112,,5,0.2529274004683841,1.232582044293891,74.39363774837373,79.20075756061014,,,,,,190,77,4,16,,29,3,110
Schoolboy Rowe,1011259,121507.0,DET,6.214846611022949,,3.76,3.6892379381218694,,3.446385660888778,,,,0.12216405,0.05933682,0.06282723,275.2,42,34,,,,,4.570737268469573,2.220072387542364,2.05882353,0.3591293568083236,0.2821621621621621,0.67666871,,3,0.2527881040892193,1.2333735486346469,83.03041619794695,75.51994113344809,,,,,,140,68,2,11,,21,6,113
Wes Ferrell,1004010,114087.0,BOS,5.425312042236328,,8.15,3.5180974299148153,,4.1774366630617985,,,,0.0790798,0.07764198,0.00143781,322.1,41,38,,,,,3.0713548991319817,3.0155120827841273,1.01851852,0.4467425307828336,0.2772963604852686,0.70183702,,0,0.2625,1.377456136580404,76.23928368355135,88.55865866637302,,,,,,110,108,3,16,,31,3,126
Paul Dean,1003110,113169.0,STL,4.792915344238281,,5.71,3.3708279286291605,,3.6043172015181617,,,,0.12711111,0.04888889,0.07822222,269.2,46,33,,,,,4.772558354395742,1.8355993670752853,2.6,0.5339925431491739,0.2716186252771618,0.71381362,,5,0.2459943449575871,1.171816969688465,82.40730669523114,84.200366018102,,,,,,143,55,9,16,,19,2,101
Paul Derringer,1003224,113285.0,CIN,4.641340732574463,,3.66,3.513252753696469,,3.4996453706251573,,,,0.10407632,0.04249783,0.06157849,276.2,45,33,,,,,3.9036141707738543,1.5939757863993238,2.44897959,0.4228915351671675,0.2916235780765253,0.65494239,,2,0.2681818181818182,1.2433734025427832,89.91339926381848,85.4666147868484,,,,,,120,49,4,13,,20,3,108
Larry French,1004338,114421.0,CHC,4.155913829803467,,3.87,2.9594050285501483,,3.5388126693473057,,,,0.08662175,0.04234841,0.04427334,246.1,42,30,,,,,3.2882278095001647,1.6075780402000803,2.04545455,0.3653586455000183,0.3012318029115342,0.74276527,,2,0.2809667673716012,1.31123158329451,74.79846092689202,85.39525024354651,,,,,,90,44,2,10,,16,4,81
Curt Davis,1003043,113100.0,PHI,4.129847526550293,,7.07,3.6623376623376624,,4.030057953343247,,,,0.07497467,0.04761905,0.02735562,231.0,44,27,,,,,2.883116883116883,1.8311688311688312,1.57446809,0.5454545454545454,0.2958579881656805,0.72050938,,2,0.2829581993569132,1.3463203463203464,80.72440661250721,85.29973100546229,,,,,,74,47,7,14,,19,3,94
Johnny Marcum,1008103,118280.0,PHA,4.034759044647217,,4.05,4.079669731104754,,3.898605966688931,,,,0.0933082,0.07822809,0.01508011,242.2,39,27,,,,,3.6717027579942783,3.078296251651769,1.19277108,0.3337911598176616,0.2845622119815668,0.65773447,,3,0.2622950819672131,1.3969778170146585,92.78027029374152,86.59624501612761,,,,,,99,83,2,9,,19,2,110
Bill Swift,1012787,123054.0,PIT,3.8182969093322754,,4.94,2.6955805435039863,,3.3976123469607216,,,,0.08915663,0.04457831,0.04457831,203.2,39,21,,,,,3.2700485281851637,1.6350242640925818,2.0,0.2651390698528511,0.2626404494382022,0.69631626,,1,0.2436868686868686,1.1292960382621435,66.70955668373347,80.12003361792098,,,,,,74,37,1,6,,11,3,61
Carl Hubbell,1006123,116249.0,NYG,3.812499761581421,,4.68,3.2709248902627626,,3.8654937637315214,,,,0.11857708,0.03873518,0.0798419,302.2,42,35,,,,,4.460352123085585,1.4570483602079578,3.06122449,0.8028633821554053,0.277027027027027,0.73430835,,0,0.2588623248145095,1.1993391264296795,84.22010223288144,95.4056887279314,,,,,,150,49,3,27,,24,1,110
Tommy Bridges,1001421,111458.0,DET,3.721930742263794,,3.05,3.510328328375988,,4.304294937817697,,,,0.13640167,0.09456067,0.041841,274.1,36,34,,,,,5.347509509582112,3.707169169219501,1.44247788,0.7217497497595489,0.285234899328859,0.72887907,,1,0.2567191844300278,1.4216282949809296,79.00385580575517,94.82814665400367,,,,,,163,113,3,22,,23,4,107
Willis Hudlin,1006132,116259.0,CLE,3.6593716144561768,,5.05,3.690646914814936,,4.070781601293342,,,,0.04545455,0.06161616,-0.01616162,231.2,36,29,,,,,1.748201170175496,2.369783808460117,0.73770492,0.3107913191423104,0.279495990836197,0.68569554,,5,0.2721382289416846,1.3510789290492105,82.86045647652827,89.35519091043979,,,,,,45,61,3,8,,14,3,95
Lon Warneke,1013637,123937.0,CHC,3.597257137298584,,4.18,3.0611462588056813,,3.815967959991661,,,,0.11257036,0.04690432,0.06566604,261.2,42,30,,,,,4.127388214120019,1.7197450892166748,2.4,0.6535031339023365,0.2723112128146453,0.73394495,,4,0.2537018756169792,1.1732483164211538,77.36995329191333,92.4003032788519,,,,,,120,50,3,19,,20,1,89
Ivy Andrews,1000253,110267.0,SLB,3.490103006362915,,6.39,3.5437505914271865,,4.147198266014484,,,,0.04709748,0.05805038,-0.0109529,213.1,50,20,,,,,1.814062802754393,2.2359378731623916,0.81132075,0.4218750704079984,0.2741935483870967,0.70110701,,1,0.2689173457508731,1.3312502221763505,74.55973051106608,85.3445481678251,,,,,,43,53,1,10,,10,0,84
Syl Johnson,1006505,116630.0,PHI,3.3020739555358887,,5.24,3.555342786733627,,3.862870675907193,,,,0.12075984,0.04206242,0.07869742,174.2,37,18,,,,,4.585876927815838,1.5973279186774267,2.87096774,0.7729006058116581,0.2787979966611018,0.7025641,,6,0.2588904694167852,1.219465400280616,78.36605010908153,81.61462738900013,,,,,,89,31,3,15,,8,1,69
Lefty Gomez,1004821,114917.0,NYY,3.0701565742492676,,4.06,3.182926829268293,,4.084012129248642,,,,0.13398058,0.08349515,0.05048544,246.0,34,30,,,,,5.048780487804878,3.1463414634146343,1.60465116,0.6585365853658537,0.2608142493638677,0.72428272,,1,0.2367303609341826,1.2560975609756098,76.22814698215757,95.63238982657045,,,,,,138,86,2,18,,15,2,87
Earl Whitehill,1013866,124200.0,WAS,3.0647761821746826,,3.39,4.285203176071653,,4.388017106810067,,,,0.08232446,0.08393866,-0.00161421,279.1,34,34,,,,,3.286396420746682,3.350835566251518,0.98076923,0.5155131640386952,0.299009900990099,0.68863748,,0,0.2819148936170212,1.5107399668356205,99.81689420279608,100.095437040136,,,,,,102,104,7,16,,19,1,133
Hal Schumacher,1011648,121899.0,NYG,3.0506906509399414,,4.59,2.8891717498840137,,3.984120813159514,,,,0.0735568,0.06517691,0.00837989,261.2,33,33,,,,,2.717197240962346,2.4076431249033448,1.12857143,0.3783439196276684,0.2464246424642464,0.71283096,,0,0.2352352352352352,1.165605004913524,74.39068407469226,98.46010989796568,,,,,,79,70,5,11,,19,3,84
Bill Lee,1007447,117616.0,CHC,2.992201566696167,,2.77,2.9642857142857144,,4.014906438191732,,,,0.09451796,0.07939509,0.01512287,252.0,39,32,,,,,3.5714285714285716,3.0,1.19047619,0.3928571428571428,0.2680652680652681,0.71201526,,1,0.2487100103199174,1.2896825396825398,74.92181943232343,97.42843962549904,,,,,,100,84,5,11,,18,3,83
Bobo Newsom,1009546,119749.0,- - -,2.966361105442047,,2.4699999999999998,4.518672270694468,,4.310203828117256,,,,0.08176692,0.09116541,-0.0093985,241.0,35,29,,,,,3.248962707028254,3.622406696341846,0.89690722,0.4107883882449516,0.3063583815028902,0.66371681,,3,0.2866043613707165,1.5477178668218885,103.31950909932011,96.85339802914004,,,,,,87,97,4,11,,18,2,121
Thornton Lee,1007468,117615.0,CLE,2.9491829872131348,,3.05,4.035054555368405,,3.9620157554852096,,,,0.10344828,0.09067688,0.01277139,180.2,32,20,,,,,4.035054555368405,3.53689967198959,1.14084507,0.2988929300272893,0.2785829307568438,0.66775244,,1,0.2528248587570621,1.3837635649411542,90.59291503161482,86.91323755084306,,,,,,81,71,4,6,,8,1,81
Alvin Crowder,1002820,112879.0,DET,2.9473073482513428,,1.78,4.257261410788382,,4.43883451564678,,,,0.05750487,0.06530214,-0.00779727,241.0,33,32,,,,,2.203319502074689,2.5020746887966805,0.88059701,0.5975103734439834,0.2875,0.67065491,,0,0.281675392670157,1.3941908713692943,95.81441824301798,97.8561099704418,,,,,,59,67,4,16,,16,2,114
Van Mungo,1009321,119518.0,BRO,2.851350784301758,,2.53,3.653188787251415,,3.923408375832824,,,,0.15543478,0.09782609,0.0576087,214.1,37,26,,,,,6.004666627321291,3.7791608143980153,1.58888889,0.5458787843019356,0.2857142857142857,0.70659971,,2,0.2475845410628019,1.376361037342487,90.93119102225582,93.67104474712458,,,,,,143,90,2,13,,18,4,87
Watson Clark,1002315,112348.0,BRO,2.7209863662719727,,3.03,3.3043478260869565,,3.9545199647617806,,,,0.04098361,0.03278689,0.00819672,207.0,33,25,,,,,1.5217391304347827,1.2173913043478262,1.25,0.4782608695652174,0.2618741976893453,0.66054243,,0,0.2606060606060606,1.173913043478261,82.24822227267238,94.44544048757396,,,,,,35,28,1,11,,11,1,76
Johnny Allen,1000150,110152.0,NYY,2.6598660945892334,,2.17,3.6107784431137726,,3.7983395719242665,,,,0.1632948,0.08381503,0.07947977,167.0,23,23,,,,,6.089820359281437,3.125748502994012,1.94827586,0.592814371257485,0.2727272727272727,0.69018405,,0,0.2365079365079365,1.2395209580838322,86.47479651455166,88.79079689761915,,,,,,113,58,4,11,,12,2,67
Bill Hallahan,1005229,115358.0,STL,2.651390790939331,,1.67,3.4246330253497623,,3.837823233709641,,,,0.09299363,0.07261146,0.02038217,181.1,40,23,,,,,3.623162476094676,2.829044673115021,1.28070175,0.3474265388035991,0.2921174652241113,0.66748567,,1,0.2696011004126547,1.3952208621795328,83.72269069023216,89.90893483781488,,,,,,73,57,1,7,,8,2,69
Ralph Birkofer,1000982,111010.0,PIT,2.5821502208709717,,0.74,4.070954400941999,,3.5075155323848004,,,,0.11851852,0.06222222,0.0562963,150.1,37,18,,,,,4.789358118755293,2.5144130123465285,1.9047619,0.2993348824222058,0.3099630996309963,0.62616822,,1,0.2759170653907496,1.430155549350539,100.7469667419095,82.8398903090663,,,,,,80,42,6,5,,8,1,68
Jim Weaver,1013699,124006.0,PIT,2.459564447402954,,2.16,3.41966042582068,,3.87911577878202,,,,0.11387435,0.07591623,0.03795812,176.1,33,22,,,,,4.440454582782077,2.960303055188051,1.5,0.4593573706326286,0.2763157894736842,0.67736185,,0,0.2514204545454545,1.3327034826996016,84.62890547461298,92.03616076014364,,,,,,87,58,2,9,,11,4,67
Waite Hoyt,1006115,116241.0,PIT,2.455700635910034,,2.91,3.402439024390244,,3.559621885346204,,,,0.0907781,0.0389049,0.0518732,164.0,39,11,,,,,3.457317073170732,1.4817073170731707,2.33333333,0.4390243902439024,0.3008403361344537,0.7016683,,6,0.2807807807807808,1.304878048780488,84.2027145163552,84.12940536912936,,,,,,63,27,1,8,,5,0,62
Johnny Welch,1013756,124061.0,BOS,2.414855480194092,,1.95,4.468531468531468,,4.069684992970287,,,,0.07643312,0.0843949,-0.00796178,143.0,31,19,,,,,3.020979020979021,3.335664335664336,0.90566038,0.2517482517482518,0.2909441233140655,0.62984496,,2,0.2714535901926445,1.4545454545454546,96.8357599711205,86.22361527796917,,,,,,48,53,4,4,,10,1,71
Jack Knott,1007053,117206.0,SLB,2.377915382385254,,2.05,4.603906764209067,,4.519050648627468,,,,0.05263158,0.09122807,-0.03859649,187.2,48,19,,,,,2.158081295723,3.740674245919867,0.57692308,0.3836588970174222,0.2918395573997234,0.62412831,,7,0.2822164948453608,1.5825929501968667,96.86518246174248,93.168240248355,,,,,,45,78,1,8,,7,2,96
Ted Lyons,1007887,118055.0,CHW,2.3205058574676514,,4.85,3.020978456861344,,4.566188230919848,,,,0.06658446,0.06905055,-0.00246609,190.2,23,22,,,,,2.548950572976759,2.643356149753676,0.96428571,0.7080418258268775,0.2620790629575402,0.75,,0,0.2579787234042553,1.3111885663460694,66.40711493232779,98.37670547677966,,,,,,54,56,3,15,,19,3,64
Bill Walker,1013508,123846.0,STL,2.3174078464508057,,2.27,3.817242082285245,,4.1229525885655995,,,,0.0911188,0.0899654,0.0011534,193.1,37,25,,,,,3.677586884152858,3.6310351514420622,1.01282051,0.3258621289755697,0.3080229226361031,0.71815718,,1,0.2831632653061224,1.551724423693189,93.32088307834536,96.87954938442688,,,,,,79,78,5,7,,8,2,82
Charlie Root,1011188,121440.0,CHC,2.226619243621826,,2.24,3.0844376315455007,,3.961374567262012,,,,0.11380145,0.05690073,0.05690073,201.1,38,18,,,,,4.201987498047494,2.100993749023747,2.0,0.6705299199011958,0.2668665667166416,0.71171171,,2,0.2487113402061855,1.1920531909354593,77.9586387935618,96.0754306532727,,,,,,94,47,3,15,,11,1,69
Elden Auker,1000366,110380.0,DET,2.158881187438965,,2.55,3.830769230769231,,4.479009002294296,,,,0.07491082,0.0725327,0.00237812,195.0,36,25,,,,,2.9076923076923076,2.8153846153846156,1.03278689,0.6,0.2877697841726618,0.7439577,,0,0.2762645914396887,1.405128205128205,86.21573585762883,98.76028161857904,,,,,,63,61,9,13,,13,2,83
Al Hollingsworth,1005955,116081.0,CIN,2.0892481803894043,,1.46,3.89423156913232,,3.862342475462271,,,,0.11603651,0.09908735,0.01694915,173.1,38,22,,,,,4.621154795370353,3.946154656720751,1.17105263,0.2596154379421547,0.2684563758389262,0.64680851,,0,0.2391304347826087,1.3903849009790952,99.6636514502855,94.74898980661844,,,,,,89,76,1,5,,8,0,75
Russ Van Atta,1013337,123625.0,- - -,2.059669309295714,,1.08,5.297142929310702,,4.507287408634109,,,,0.11097411,0.11220715,-0.00123305,175.0,58,17,,,,,4.62857149163071,4.680000063759941,0.98901099,0.5142857212923012,0.3176661264181523,0.62587413,,3,0.2873082287308228,1.697142880264594,111.74996004872143,93.26027463445428,,,,,,90,91,3,10,,1,0,103
Fritz Ostermueller,1009883,120102.0,BOS,2.047018527984619,,3.25,3.922517145351012,,4.351064327824163,,,,0.06655844,0.12662338,-0.06006494,137.2,22,19,,,,,2.6803867159898584,5.099272288956316,0.52564103,0.0,0.2732793522267207,0.68981481,,1,0.2523364485981308,1.547215096221788,85.00330174347981,92.32127441333118,,,,,,41,78,3,0,,10,0,60
Monte Pearson,1010111,120339.0,CLE,1.990688443183899,,0.23,4.904586194740691,,4.53570127983731,,,,0.10830325,0.12394705,-0.0156438,181.2,30,24,,,,,4.458714722491537,5.102751293518093,0.87378641,0.4458714722491537,0.302066772655008,0.63925363,,0,0.2733516483516483,1.662384995299314,110.1151804290308,99.79332213194292,,,,,,90,103,0,9,,10,1,99
John Whitehead,1013882,124198.0,CHW,1.942107081413269,,4.88,3.7241385274076606,,4.917705316910762,,,,0.07586934,0.10642782,-0.03055848,222.1,28,27,,,,,2.914543195362517,4.0884564268279755,0.71287129,0.6881560322383721,0.2536327608982827,0.73213046,,0,0.2470449172576832,1.3943030718555252,81.86397180415953,106.10375016227142,,,,,,72,101,2,17,,18,1,92
Sugar Cain,1001822,111865.0,- - -,1.9219240937381985,,0.9099999999999999,5.437176280975763,,4.932003075656864,,,,0.0791757,0.13340564,-0.05422994,193.2,37,29,,,,,3.392426226591715,5.716005833846315,0.59349593,0.3717727371607359,0.3193277310924369,0.65093803,,0,0.2968553459119497,1.853700175565336,115.90007358058304,103.09041606343264,,,,,,73,123,4,8,,8,0,117
Red Ruffing,1011296,121547.0,NYY,1.8529022932052612,,3.82,3.1216216216216215,,4.487879411164705,,,,0.08756757,0.08216216,0.00540541,222.0,30,29,,,,,3.283783783783784,3.081081081081081,1.06578947,0.6891891891891891,0.2453333333333333,0.74744296,,0,0.2370283018867924,1.2477477477477477,74.75994408905603,105.30463684277322,,,,,,81,76,1,17,,19,2,77
Vito Tamulis,1012817,123083.0,NYY,1.8468962907791135,,1.52,4.089210712085424,,4.102734726454506,,,,0.08073654,0.07790368,0.00283286,160.2,30,19,,,,,3.192945350532454,3.080912180338333,1.03636364,0.3921160956794242,0.2923076923076923,0.68827709,,1,0.2742681047765793,1.4502071475127911,97.93280584886053,96.08077867377006,,,,,,57,55,2,7,,9,3,73
Sad Sam Jones,1006589,116726.0,CHW,1.7863460779190063,,1.74,4.05,,4.495858819144113,,,,0.06012658,0.0806962,-0.02056962,140.0,21,19,,,,,2.442857142857143,3.2785714285714285,0.74509804,0.5142857142857142,0.2883895131086142,0.67554241,,0,0.2793103448275862,1.5214285714285714,89.02705508047642,96.83072512716586,,,,,,38,51,1,8,,7,0,63
Leroy Matlock,1015848,,PC,1.7635221481323242,,0.0,1.5211267605633805,,3.02664352739361,,,,0.13620072,0.04659498,0.08960573,71.0,9,8,,,,,4.816901408450704,1.647887323943662,2.92307692,0.2535211267605634,0.247787610619469,0.76246334,,1,0.2180451127819548,1.0,29.90345344802839,76.40549069131889,,,,,,38,13,0,2,,7,0,12
Tony Freitas,1004334,114418.0,CIN,1.7528642416000366,,-0.61,4.573084713554188,,3.849786396336636,,,,0.07919255,0.05900621,0.02018634,143.2,31,18,,,,,3.194894799880323,2.380509850891221,1.34210526,0.3758699764565086,0.3071297989031079,0.57879377,,2,0.2880794701986754,1.4756376853477744,117.037292942968,94.42764664267344,,,,,,51,38,2,6,,5,0,73
Ed Heusser,1005756,115875.0,STL,1.682910442352295,,2.53,2.918919761552072,,3.781573278066325,,,,0.07632094,0.05283757,0.02348337,123.1,33,11,,,,,2.84594676751327,1.9702708390476484,1.44444444,0.364864970194009,0.273972602739726,0.70748299,,2,0.2593360995850622,1.2324327882108748,71.35941706369296,88.53378088619296,,,,,,39,27,2,5,,2,0,40
Ed Linke,1007637,117797.0,WAS,1.658051609992981,,1.13,5.00561797752809,,4.411910183510084,,,,0.06311881,0.0990099,-0.03589109,178.0,40,22,,,,,2.5786516853932584,4.044943820224719,0.6375,0.3033707865168539,0.3059701492537313,0.63822285,,3,0.2902338376891334,1.6348314606741574,116.59779467926464,100.6519877125667,,,,,,51,80,1,6,,10,1,99
Danny MacFayden,1007904,118074.0,- - -,1.6552278399467468,,-0.06,5.035523023353667,,4.007505452604239,,,,0.0702381,0.05595238,0.01428572,187.2,35,24,,,,,2.829484365503489,2.2539960199773557,1.25531915,0.4316162591446,0.3194444444444444,0.62140805,,0,0.3032994923857868,1.5239783964858715,134.00932755014367,102.36165718845606,,,,,,59,47,5,9,,8,1,105
Vern Kennedy,1006851,116983.0,CHW,1.569172501564026,,3.05,3.911810365627678,,5.014643662664605,,,,0.07119387,0.10405257,-0.03285871,211.2,31,25,,,,,2.763779062671729,4.03936939928945,0.68421053,0.7228345240833752,0.2650273224043716,0.69881202,,1,0.2592137592137592,1.4456690481667505,85.9893720703985,108.23464780346592,,,,,,65,95,4,17,,16,2,92
Guy Bush,1001752,111791.0,PIT,1.564272165298462,,1.35,4.316477097960024,,4.449110030449835,,,,0.04724409,0.04499438,0.00224972,204.1,41,25,,,,,1.8499187562685817,1.7618273869224588,1.05,0.7047309547689835,0.2811704834605598,0.64329738,,2,0.2808056872037914,1.3556282949375589,106.82310136654084,106.14223669716937,,,,,,42,40,5,16,,8,1,98
George Earnshaw,1003633,113700.0,- - -,1.5520121976733208,,0.6799999999999999,4.5978260869565215,,4.485920930945355,,,,0.09950249,0.07960199,0.0199005,184.0,28,25,,,,,3.9130434782608696,3.130434782608696,1.25,0.782608695652174,0.2872670807453416,0.65539984,,0,0.2716216216216216,1.440217391304348,111.88295768294692,106.28188940747876,,,,,,80,64,0,16,,6,2,94
Tom Zachary,1014405,124729.0,BRO,1.5469461679458618,,1.63,3.588607594936709,,4.289168041567259,,,,0.04741379,0.05028736,-0.00287356,158.0,25,21,,,,,1.879746835443038,1.9936708860759491,0.94285714,0.569620253164557,0.297077922077922,0.71296296,,4,0.2928679817905918,1.4430379746835442,89.32370641721523,102.77513543885084,,,,,,33,35,2,10,,9,1,63
Bucky Walters,1013583,123898.0,PHI,1.5441666841506958,,2.39,4.172185430463577,,4.9166724426067425,,,,0.06006006,0.1021021,-0.04204204,151.0,24,22,,,,,2.384105960264901,4.052980132450331,0.58823529,0.5364238410596026,0.2933579335793358,0.68142361,,0,0.2842639593908629,1.5629139072847682,91.9623541583938,104.84228418832828,,,,,,40,68,7,9,,8,2,70
Joe Bowman,1001269,111304.0,PHI,1.5381135940551758,,2.17,4.247192030672025,,4.752359998741862,,,,0.08895706,0.08588957,0.00306749,148.1,33,17,,,,,3.5191019682711064,3.39775362453762,1.03571429,0.7887642342676617,0.2763915547024952,0.65895372,,1,0.2652027027027027,1.435955400846256,93.6156324336645,101.22054699395473,,,,,,58,56,4,13,,6,1,70
Will Jackman,1015525,,BE,1.521642565727234,,0.0,5.769230769230769,,4.002085925371219,,,,0.10037879,0.06628788,0.03409091,117.0,21,15,,,,,4.076923076923077,2.6923076923076925,1.51428571,0.5384615384615384,0.3178654292343387,0.55490654,,0,0.2932790224032586,1.5299145299145298,113.41587579113332,95.58147069206072,,,,,,53,35,2,7,,11,1,75
Oral Hildebrand,1005804,115925.0,CLE,1.50677490234375,,2.82,3.9396895346386014,,4.67573683947689,,,,0.06657609,0.08559783,-0.01902174,171.1,34,20,,,,,2.5739304959638862,3.309339209096425,0.77777778,0.6303503255421762,0.2610837438423645,0.69028156,,5,0.2552238805970149,1.3657590386747152,88.45182992324396,102.93732660121456,,,,,,49,63,3,12,,8,0,75
Johnny Babich,1000396,110415.0,BRO,1.4828879833221436,,-3.51,6.655815606785592,,4.179247771284331,,,,0.08221226,0.07772795,0.00448431,143.1,37,24,,,,,3.4534892299359203,3.265117090121234,1.05769231,0.4395349929009353,0.3327305605786618,0.51445578,,0,0.3105691056910569,1.6953492583321792,165.66930306519646,100.03911995309352,,,,,,55,52,2,7,,7,2,106
Lloyd Brown,1001540,111571.0,CLE,1.4200383424758911,,3.43,3.614754098360656,,4.0668190064977425,,,,0.0872093,0.07170543,0.01550388,122.0,42,8,,,,,3.319672131147541,2.7295081967213113,1.21621622,0.4426229508196721,0.2752941176470588,0.71798189,,4,0.2584033613445378,1.3114754098360657,81.15655102042848,89.26622482368766,,,,,,45,37,3,6,,4,2,49
Jesse Haines,1005209,115314.0,STL,1.4035595655441284,,1.83,3.589596483844708,,3.970590689471607,,,,0.05095541,0.05944798,-0.00849257,115.1,30,12,,,,,1.8728329480928911,2.1849717727750395,0.85714286,0.3121388246821485,0.2560386473429952,0.67466267,,2,0.248868778280543,1.1965321612815694,87.75558545838115,93.15472746733406,,,,,,24,28,1,4,,3,0,46
Roosevelt Davis,1014997,,PC,1.402251958847046,,0.0,3.13953488372093,,3.669945197881654,,,,0.13573407,0.06648199,0.06925208,86.0,13,8,,,,,5.127906976744186,2.511627906976744,2.04166667,0.5232558139534884,0.2907801418439716,0.7047619,,1,0.2589285714285714,1.2906976744186047,61.71933705843068,89.051998566411,,,,,,49,24,1,5,,5,1,30
Johnny Broaca,1001453,111490.0,NYY,1.386528491973877,,2.05,3.582089552238806,,4.61938405013203,,,,0.08934708,0.09049255,-0.00114548,201.0,29,27,,,,,3.4925373134328357,3.537313432835821,0.98734177,0.7164179104477612,0.2614285714285714,0.71205008,,0,0.2506297229219144,1.3830845771144278,85.78772417274897,108.45405104100703,,,,,,78,79,0,16,,14,2,80
Ray Brown,1014722,,HG,1.3753572702407837,,0.0,3.257142857142857,,3.991096914382208,,,,0.10526316,0.08991228,0.01535088,105.0,17,12,,,,,4.114285714285714,3.5142857142857142,1.17073171,0.3428571428571428,0.2631578947368421,0.66715543,,1,0.2397094430992736,1.3333333333333333,64.03136301807983,95.36544045245856,,,,,,48,41,2,4,,10,1,38
Sam Thompson,1016571,,CEG,1.3700659275054932,,0.0,4.659895950606165,,3.3490857043899926,,,,0.10830325,0.05054152,0.05776173,65.2,10,9,,,,,4.1116728975936745,1.9187806855437148,2.14285714,0.274111526506245,0.2869565217391304,0.51122195,,0,0.2595419847328244,1.2487302874173385,91.60773792448268,82.74430141996658,,,,,,30,14,1,2,,3,1,34
Orville Jorgens,1006623,116763.0,PHI,1.337835431098938,,0.86,4.826549585010821,,5.061219477898916,,,,0.06492027,0.10933941,-0.04441913,188.1,53,24,,,,,2.723894320253632,4.587611486742959,0.59375,0.5734514358428698,0.2893617021276595,0.62994723,,2,0.2790697674418604,1.6566374813238465,106.3856987417014,108.02835678112952,,,,,,57,96,8,12,,6,0,101
Luis Tiant,1016584,,NYC,1.337241768836975,,0.0,4.018602654729899,,3.502503177979189,,,,0.21192053,0.09933775,0.11258278,71.2,12,9,,,,,8.037205309459798,3.7674399888092807,2.13333333,0.5023253318412374,0.2985074626865671,0.6892779,,2,0.2379182156133829,1.311627255363231,79.00071218741257,85.7602974556221,,,,,,64,30,3,4,,3,3,32
Gene Schott,1011607,121859.0,CIN,1.324388861656189,,1.21,3.9056603773584904,,4.200441029386701,,,,0.07184751,0.09384164,-0.02199414,159.0,33,19,,,,,2.7735849056603774,3.6226415094339623,0.765625,0.2830188679245283,0.2628774422735346,0.63507109,,0,0.2479740680713128,1.3647798742138364,99.95614478031084,103.40182306421484,,,,,,49,64,1,5,,9,1,69
Webster McDonald,1015886,,PS,1.2965538501739502,,0.0,4.299766883523773,,4.368927031844539,,,,0.0762987,0.06493506,0.01136364,142.1,21,15,,,,,2.9718976989061376,2.5292746373669255,1.175,0.6955505252759046,0.2799227799227799,0.62015504,,0,0.2708333333333333,1.3770495247886594,84.52804997737718,102.7931089556498,,,,,,47,40,0,11,,10,0,68
Les Tietje,1013063,123340.0,CHW,1.2770260572433472,,2.25,4.296659216242207,,4.967427347000221,,,,0.08443272,0.10686016,-0.02242744,169.2,30,21,,,,,3.3948912325864353,4.296659216242207,0.79012346,0.7426324571282827,0.2847571189279732,0.72352466,,0,0.2725925925925926,1.5618857233253565,94.44911523615596,107.19673927621892,,,,,,64,81,2,14,,9,1,81
Neck Stanley,1016476,,NYC,1.2746601104736328,,0.0,2.4670037385562047,,3.3186288681115212,,,,0.11340206,0.08247423,0.03092784,65.2,15,7,,,,,4.522840187353042,3.28933831807494,1.375,0.0,0.2875536480686695,0.66304348,,0,0.2518796992481203,1.385786050670461,48.498214195314354,82.14555803483923,,,,,,33,24,1,0,,3,0,18
Leon Day,1015012,,BE,1.26883065700531,,0.0,4.340834522022031,,4.088325205014113,,,,0.13808463,0.09131403,0.0467706,103.2,17,13,,,,,5.382634807307319,3.5594843080580656,1.51219512,0.4340834522022031,0.29607250755287,0.6462585,,2,0.2587939698492462,1.38906704704705,85.33538848978249,97.27682728629856,,,,,,62,41,10,5,,8,0,50
Bump Hadley,1005186,115291.0,WAS,1.2603118419647217,,1.34,4.923300326867161,,4.909503907409659,,,,0.07454017,0.09874153,-0.02420136,230.1,35,32,,,,,3.0086835330854873,3.985528836035321,0.75490196,0.7033286181238801,0.3004807692307692,0.66227064,,0,0.2891046386192017,1.606367831517504,114.68033781912644,112.24263068879807,,,,,,77,102,4,18,,13,0,126
Ray Prim,1010537,120769.0,PHI,1.253834843635559,,-0.07,5.768184618675393,,3.767937025905779,,,,0.07826087,0.04347826,0.03478261,73.1,29,6,,,,,3.313637972430546,1.8409099846836363,1.8,0.4909093292489697,0.354515050167224,0.59463987,,0,0.3333333333333333,1.704546282114478,127.1410021425358,79.52212165346072,,,,,,27,15,0,4,,1,0,47
Vernon Wilshere,1014058,124376.0,PHA,1.244105577468872,,2.87,4.046839419787081,,4.642931784225956,,,,0.12539185,0.12225705,0.0031348,142.1,27,18,,,,,5.058549274733851,4.932085542865504,1.02564103,0.5058549274733851,0.277056277056277,0.72838346,,1,0.2472727272727272,1.5035132566570055,92.03363996367888,103.523779618051,,,,,,80,78,10,8,,7,3,64
Dick Coffman,1002391,112445.0,SLB,1.2336069345474243,,-0.61,6.1392096154563065,,4.977396325706161,,,,0.04978038,0.06734993,-0.01756955,143.2,41,18,,,,,2.129929866586882,2.881669819499899,0.73913043,0.8770299450651867,0.3270868824531516,0.5887372,,2,0.3244094488188976,1.7540598901303734,129.16761568567995,102.81173215960048,,,,,,34,46,2,14,,5,0,98
Johnny Taylor,1016541,,NYC,1.222917914390564,,0.0,2.7847546970578096,,3.5851607421131537,,,,0.17891374,0.1341853,0.04472844,74.1,15,7,,,,,6.780272305879885,5.085204229409913,1.33333333,0.1210762911764265,0.2535211267605634,0.69358178,,0,0.2037037037037037,1.3049333604570412,54.74480142391583,87.38524199363806,,,,,,56,42,1,1,,3,0,23
Red Lucas,1007808,117973.0,PIT,1.2201231718063354,,2.09,3.437664808535238,,4.3513340466516395,,,,0.05440901,0.04315197,0.01125704,125.2,20,19,,,,,2.0769224884900397,1.6472143874231349,1.26086957,0.7161801684448412,0.2686567164179104,0.68707483,,0,0.2677165354330709,1.2652516309192194,85.07447345890003,103.7225009748545,,,,,,29,23,2,10,,8,2,48
Joe Sullivan,1012701,122950.0,DET,1.2186845541000366,,0.75,3.509282825379722,,4.518442752622102,,,,0.09363958,0.1254417,-0.03180212,125.2,25,12,,,,,3.7957548927576585,5.084879195958373,0.74647887,0.2864720673779365,0.264367816091954,0.67769477,,0,0.241869918699187,1.5119359111613315,78.98032559426646,99.64778216933794,,,,,,53,71,3,4,,5,0,49
Bill Dietrich,1003289,113353.0,PHA,1.2015507221221924,,0.35,5.390288805296689,,4.6869690775088255,,,,0.06949352,0.11896349,-0.04946997,185.1,43,15,,,,,2.8651084640766187,4.9046772012159074,0.58415842,0.3399281228565479,0.2878120411160059,0.5995935,,3,0.2717536813922356,1.6402880848950885,122.58650461426636,104.52528028920536,,,,,,59,101,1,7,,8,1,111
George Blaeholder,1001025,111053.0,- - -,1.1766321659088137,,2.58,4.31999912658709,,4.921572753067087,,,,0.02956989,0.07392473,-0.04435484,166.2,29,24,,,,,1.18799975981145,2.969999399528625,0.4,0.7019998580704022,0.282874617737003,0.68143101,,0,0.2873730043541364,1.5179996930924082,96.95890960531194,108.72075710347654,,,,,,22,55,0,13,,10,1,80
Jumbo Brown,1001533,111597.0,NYY,1.172872543334961,,0.81,3.606871699448325,,3.811344353968423,,,,0.10761155,0.09711286,0.01049869,87.1,20,8,,,,,4.225192562210895,3.8129786537025145,1.10810811,0.2061069542541899,0.3056478405315614,0.70202808,,0,0.2732558139534883,1.500000611516605,86.38123362532248,89.10224937212067,,,,,,41,37,0,2,,3,1,35
Rube Walberg,1013501,123804.0,BOS,1.1563156843185425,,3.22,3.911213977189899,,4.653535354338468,,,,0.07073955,0.08681672,-0.01607717,142.2,44,10,,,,,2.7757002418767023,3.406541205939589,0.81481481,0.6308409640628869,0.27734375,0.70618557,,3,0.2685512367491166,1.4439248732994967,84.75835530264776,98.87600317109538,,,,,,44,54,2,10,,4,0,62
Lefty Stewart,1012524,122786.0,- - -,1.1427125334739685,,-0.84,5.669037135336728,,4.259864537380073,,,,0.05760369,0.0437788,0.01382489,93.2,25,11,,,,,2.4021343793799694,1.8256221283287768,1.31578947,0.6725976262263914,0.3219895287958115,0.52068474,,2,0.3140096618357488,1.590746766789402,127.60181209718772,93.8272666944701,,,,,,25,19,1,7,,2,0,59
Martín Dihigo,1015042,,NYC,1.1240681409835815,,0.0,2.7000019807096485,,2.835419004767418,,,,0.20879121,0.08791209,0.12087912,43.1,8,5,,,,,7.892313482074358,3.3230793608734137,2.375,0.2076924600545883,0.2834645669291338,0.67829457,,0,0.2228915662650602,1.2230778203214647,53.07866880852977,72.64625526221111,,,,,,38,16,0,1,,3,0,13
Roy Mahaffey,1007981,118153.0,PHA,1.095828890800476,,2.93,3.9044117647058822,,4.69627898721134,,,,0.06554622,0.07058824,-0.00504202,136.0,27,17,,,,,2.5808823529411766,2.7794117647058822,0.92857143,0.7279411764705882,0.285140562248996,0.72589382,,0,0.2791970802919708,1.4338235294117647,88.79453552466366,104.73700721700637,,,,,,39,42,5,11,,5,0,59
Willie Foster,1015189,,CAG,1.0919524431228638,,0.0,2.8421064921851182,,3.9831928847054834,,,,0.08908046,0.09195402,-0.00287356,82.1,11,8,,,,,3.388665432989949,3.4979772211509146,0.96875,0.2186235763219321,0.2526690391459075,0.68138196,,0,0.232484076433121,1.275304195211271,55.872266129825775,95.21005709479398,,,,,,31,32,2,2,,6,2,26
Bert Hunter,1015514,,PC,1.077912449836731,,0.0,4.9655172413793105,,4.04364207037564,,,,0.11658031,0.06735751,0.0492228,87.0,15,10,,,,,4.655172413793103,2.689655172413793,1.73076923,0.6206896551724138,0.3104575163398693,0.61677632,,2,0.2829131652661064,1.4597701149425288,97.61587102574786,96.39841263262522,,,,,,45,26,3,6,,5,0,48
Fay Thomas,1012973,123243.0,SLB,1.0104165077209473,,1.44,4.775510204081633,,5.12034861506248,,,,0.09896603,0.13146233,-0.03249631,147.0,49,19,,,,,4.1020408163265305,5.448979591836735,0.75280899,0.673469387755102,0.3037475345167653,0.6705298,,1,0.282051282051282,1.727891156462585,100.47568097216887,105.81941678507364,,,,,,67,89,3,11,,4,0,78
Gordon Rhodes,1010885,121128.0,BOS,0.9814824461936952,,0.06,5.412302000219184,,5.074512062005764,,,,0.06508876,0.0887574,-0.02366864,146.1,34,19,,,,,2.706151000109592,3.690205909240353,0.73333333,0.8610480454894157,0.3249551166965889,0.64720812,,2,0.3170731707317073,1.7425972349190555,117.2878340625586,107.99882119401516,,,,,,44,60,1,14,,1,0,88
Frank Blake,1014633,,NYC,0.960150182247162,,0.0,3.4662184497591286,,3.4045462215095705,,,,0.23943662,0.1314554,0.10798122,49.1,9,6,,,,,9.30406004935345,5.108111399645032,1.82142857,0.3648650999746451,0.2671755725190839,0.66455696,,0,0.2010869565217391,1.3175684165751074,68.14152820155478,83.83458596093055,,,,,,51,28,1,2,,4,0,19
Bob Evans,1015120,,ND,0.9314969182014464,,0.0,6.916252518544493,,3.890932337529629,,,,0.13125,0.090625,0.040625,67.2,15,9,,,,,5.586203957285936,3.857140827649814,1.44827586,0.3990145683775669,0.3401639344262295,0.50531915,,2,0.2975778546712803,1.6995064949414886,135.96489167444824,93.39632989658142,,,,,,42,29,2,3,,3,0,52
Tex Carleton,1001953,111999.0,CHC,0.9145174026489258,,0.75,3.8947368421052633,,4.596777783220972,,,,0.11428571,0.08163265,0.03265306,171.0,31,22,,,,,4.421052631578948,3.1578947368421053,1.4,0.8947368421052632,0.266199649737303,0.7204611,,1,0.2514880952380952,1.3391812865497077,98.43881411780228,112.13513933228782,,,,,,84,60,3,17,,8,0,74
Dutch Leonard,1007533,117689.0,BRO,0.9072574377059937,,1.79,3.922517145351012,,4.278425121428774,,,,0.07081174,0.05008636,0.02072539,137.2,43,11,,,,,2.6803867159898584,1.895883286919656,1.4137931,0.7191281433143523,0.2837022132796781,0.69027611,,8,0.2768670309653916,1.314769635756543,97.63501877502055,102.50773438729324,,,,,,41,29,1,11,,4,0,60
Al Smith,1012089,122348.0,NYG,0.8980867266654968,,2.0,3.411290322580645,,4.044476330664851,,,,0.08445298,0.06142035,0.02303263,124.0,40,10,,,,,3.193548387096774,2.3225806451612905,1.375,0.4354838709677419,0.2754629629629629,0.73264781,,5,0.2593360995850622,1.2661290322580645,87.83424546648685,100.01414981791308,,,,,,44,32,7,6,,4,1,47
William Bell,1014596,,- - -,0.8835741281509399,,0.0,6.274652354234706,,3.392840860893237,,,,0.10798122,0.04694836,0.06103286,47.1,10,6,,,,,4.373242549921159,1.9014098043135472,2.3,0.3802819608627094,0.348314606741573,0.47752809,,2,0.3152709359605911,1.5633813946578057,123.3518332870071,83.60447318180012,,,,,,23,10,0,2,,3,0,33
Rocky Ellis,1015107,,PS,0.8775520324707031,,0.0,4.850849213988456,,4.4120820249686785,,,,0.09447005,0.07603687,0.01843318,98.1,15,12,,,,,3.752543731575975,3.0203400766343216,1.24242424,0.7322036549416537,0.2840909090909091,0.58551618,,0,0.2693266832917705,1.4338988242607384,95.3616407354401,103.64148225457176,,,,,,41,33,0,8,,5,0,53
Fred Frankhouse,1004297,114381.0,BSN,0.8686133623123169,,-0.35,4.760114872203582,,4.434463084882839,,,,0.0608365,0.0769962,-0.0161597,230.2,40,29,,,,,2.4971094411559775,3.160404136463034,0.79012346,0.4682080202167458,0.2992125984251969,0.62607697,,0,0.2880829015544041,1.5563581412760346,127.7527981200751,114.71489559784028,,,,,,64,81,6,12,,10,1,122
Ray Phelps,1010279,120509.0,CHW,0.8608266115188599,,0.4,4.824,,5.0055731048583985,,,,0.06921676,0.10018215,-0.03096539,125.0,27,17,,,,,2.736,3.96,0.69090909,0.72,0.2618510158013544,0.62941176,,1,0.2566191446028513,1.448,106.04111449585636,108.03525890237364,,,,,,38,55,3,10,,4,0,67
Lefty Holmes,1015469,,PS,0.8469638228416443,,0.0,6.84,,4.074906438191732,,,,0.12893983,0.10028653,0.0286533,75.0,18,9,,,,,5.4,4.2,1.28571429,0.48,0.3094339622641509,0.4592721,,2,0.2738853503184713,1.6133333333333333,134.46586233796768,97.01303107982436,,,,,,45,35,0,4,,4,1,57
Monty Stratton,1012602,122860.0,CHW,0.8428120017051697,,0.82,4.026315789473684,,3.62894152591103,,,,0.05031447,0.05660377,-0.00628931,38.0,5,5,,,,,1.894736842105263,2.1315789473684212,0.88888889,0.0,0.2857142857142857,0.66666667,,0,0.2702702702702703,1.2894736842105263,88.50642902737422,77.77415880250433,,,,,,8,9,2,0,,2,0,17
Roy Henshaw,1005678,115794.0,CHC,0.8337705731391907,,1.81,3.280373013127012,,4.499329785345318,,,,0.08548387,0.10967742,-0.02419355,142.2,31,18,,,,,3.343457109533301,4.289718555627631,0.77941176,0.3785045784377321,0.263803680981595,0.74018127,,1,0.2463503649635036,1.422896841164067,82.91087238174369,109.67215768861706,,,,,,53,68,4,6,,7,3,52
Slick Castleman,1002075,112124.0,NYG,0.7950417995452881,,0.45,4.094049064699391,,4.615354000934556,,,,0.08290155,0.08290155,0.0,173.2,29,25,,,,,3.316697976465329,3.316697976465329,1.0,0.7255276823517907,0.273449920508744,0.68280035,,0,0.263083451202263,1.439539052285299,105.41398605692731,114.71316534581824,,,,,,64,64,1,14,,9,1,79
Huck Betts,1000933,110961.0,BSN,0.7818755507469177,,-1.38,5.467639699359236,,4.202449703936927,,,,0.05524862,0.05524862,0.0,159.2,44,19,,,,,2.254696783240922,2.254696783240922,1.0,0.5073067762292075,0.3222748815165877,0.56518152,,0,0.312316715542522,1.5845507948887592,146.7414735691435,108.48807977240249,,,,,,40,40,2,9,,2,1,97
Ossie Brown,1014721,,CAG,0.7612252235412598,,0.0,7.531582727724742,,4.1447314830370345,,,,0.12286689,0.09215017,0.03071672,63.1,11,10,,,,,5.1157920414734095,3.836844031105057,1.33333333,0.56842133794149,0.3407079646017699,0.45898438,,0,0.3045112781954887,1.70526401382447,148.0615155341009,98.38570430612712,,,,,,36,27,0,4,,3,0,53
Bill Harvey,1015384,,PC,0.7531676888465881,,0.0,4.180642589050668,,3.7235082552908927,,,,0.12272727,0.1,0.02272727,51.2,12,5,,,,,4.703222912682002,3.83225570662978,1.22727273,0.1741934412104445,0.272189349112426,0.56851312,,0,0.2385786802030456,1.3354830492800749,82.18621503852805,90.1049814178717,,,,,,27,22,1,1,,3,0,24
Jack Wilson,1014087,124407.0,BOS,0.7258753776550293,,1.19,4.21875,,4.369073104858399,,,,0.06506849,0.12328767,-0.05821918,64.0,23,6,,,,,2.671875,5.0625,0.52777778,0.0,0.3063829787234042,0.68181818,,1,0.2834645669291338,1.6875,91.42284557132636,92.71153542470404,,,,,,19,36,2,0,,2,0,30
Slim Jones,1015653,,PS,0.698016345500946,,0.0,5.881191228608885,,4.161771642959879,,,,0.11764706,0.05882353,0.05882353,67.1,16,8,,,,,4.8118837324981785,2.4059418662490892,2.0,0.8019806220830298,0.3278688524590163,0.56352459,,1,0.3006993006993007,1.5445552721599092,115.61687867388672,98.72069258074735,,,,,,36,18,2,6,,4,0,44
Ben Cantwell,1001921,111965.0,BSN,0.6935546398162842,,1.14,4.613923270854156,,4.43948428466946,,,,0.03786192,0.04899777,-0.01113586,210.2,39,24,,,,,1.4525314000837155,1.8797465177553967,0.77272727,0.6408226765075217,0.273972602739726,0.63076923,,0,0.2758215962441314,1.324366864782211,123.82928227319849,114.8496554387018,,,,,,34,44,2,15,,13,0,108
Ted Trent,1016602,,CAG,0.6662161946296692,,0.0,3.941607375945579,,4.550186777061724,,,,0.10230179,0.09207161,0.01023018,91.1,15,11,,,,,3.941607375945579,3.547446638351021,1.11111111,0.6897812907904763,0.284313725490196,0.6792144,,2,0.2662889518413597,1.423358219091459,77.4870811117275,106.35644929889382,,,,,,40,36,2,7,,8,0,40
Freddie Fitzsimmons,1004122,114203.0,NYG,0.6407873630523682,,0.85,4.0212765957446805,,4.394339062305207,,,,0.05764411,0.05513784,0.00250627,94.0,18,15,,,,,2.202127659574468,2.106382978723404,1.04545455,0.6702127659574468,0.2803468208092485,0.71672355,,0,0.2765957446808511,1.3404255319148937,103.54023322531997,109.02245053247306,,,,,,23,22,1,7,,6,4,42
Bob Griffith,1015304,,CEG,0.6331634521484375,,0.0,3.2617428787648253,,3.9668075015980793,,,,0.14084507,0.09389671,0.04694836,49.2,9,5,,,,,5.436238131274709,3.624158754183139,1.5,0.5436238131274709,0.25,0.66326531,,1,0.2227979274611398,1.2684555639640989,64.12179370143821,94.88794091507542,,,,,,30,20,0,3,,4,0,18
Don Brennan,1001389,111426.0,CIN,0.6282334923744202,,2.96,3.1486890271611423,,4.056208945736493,,,,0.10062893,0.09224319,0.00838574,114.1,38,5,,,,,3.778426832593371,3.4635579298772567,1.09090909,0.3148689027161142,0.2572944297082228,0.73919107,,5,0.2354312354312354,1.268221969273238,80.5832524741838,99.71054383295292,,,,,,48,44,4,4,,2,1,40
Lee Grissom,1005073,115173.0,CIN,0.6236132383346558,,0.16,3.857142857142857,,2.514906438191732,,,,0.13402062,0.04123711,0.09278351,21.0,3,3,,,,,5.571428571428571,1.7142857142857142,3.25,0.0,0.3875,0.71428571,,0,0.3333333333333333,1.6666666666666667,98.71445354080387,60.26454963245427,,,,,,13,4,0,0,,1,0,9
Spoon Carter,1014815,,PC,0.6215856075286865,,0.0,3.0718545332043283,,4.061812123145019,,,,0.08547009,0.08119658,0.0042735,55.2,11,5,,,,,3.2335310875835033,3.0718545332043283,1.05263158,0.3233531087583503,0.2670157068062827,0.66011236,,0,0.2488262910798122,1.2934124350334013,60.38882584563087,96.75561319028031,,,,,,20,19,2,2,,3,0,19
Jim Willis,1016782,,CEG,0.6148251295089722,,0.0,2.8867924528301887,,4.143837255801795,,,,0.09049774,0.04524887,0.04524887,53.0,8,6,,,,,3.39622641509434,1.69811320754717,2.0,0.6792452830188679,0.2554347826086957,0.73630137,,1,0.2451923076923076,1.150943396226415,56.75073633926144,98.36812491485335,,,,,,20,10,3,4,,4,0,17
Carl Fischer,1004067,114146.0,- - -,0.5951398015022278,,-0.78,6.168871990375447,,4.989519485290494,,,,0.08225108,0.0952381,-0.01298701,100.2,27,12,,,,,3.3973497918009703,3.933773443137966,0.86363636,0.804635477005493,0.296195652173913,0.59055118,,0,0.2843373493975903,1.609270954010986,135.97894774308665,108.03166903747808,,,,,,38,44,3,9,,3,1,69
Bob Smith,1012100,122453.0,BSN,0.5869737267494202,,2.2,3.939344952077763,,4.386491348627502,,,,0.06494961,0.06830907,-0.00335946,203.1,46,20,,,,,2.5672135642753964,2.7000004727723996,0.95081967,0.5754099368203475,0.2889182058047493,0.687545,,5,0.2798552472858866,1.4409838588748871,105.72483099660032,113.42742172339985,,,,,,58,61,3,13,,8,2,89
Clint Brown,1001504,111538.0,CLE,0.5832770466804504,,-0.2,5.142857142857143,,4.079532288531868,,,,0.08888889,0.06222222,0.02666667,49.0,23,5,,,,,3.673469387755102,2.5714285714285716,1.42857143,0.5510204081632653,0.3101604278074866,0.58495822,,2,0.2904761904761905,1.530612244897959,115.46471398824814,89.55165672139475,,,,,,20,14,1,3,,1,0,28
Mace Brown,1001541,111572.0,PIT,0.5697499513626099,,0.33,3.5917413594524477,,4.2136826909079526,,,,0.08805031,0.06918239,0.01886793,72.2,18,5,,,,,3.4678882091265013,2.7247693071708223,1.27272727,0.6192657516297324,0.3003802281368821,0.65656566,,0,0.2837837837837837,1.4587148816167028,88.88752160981332,100.3159394678332,,,,,,28,22,0,5,,2,0,29
Terris McDuffie,1015888,,BE,0.5650547742843628,,0.0,2.779407632810802,,2.960985197492462,,,,0.13684211,0.06315789,0.07368421,22.2,4,3,,,,,5.161757032362918,2.382349399552116,2.16666667,0.0,0.2533333333333333,0.69230769,,0,0.2159090909090909,1.1029395368296833,54.639684815004955,75.11472987994043,,,,,,13,6,1,0,,2,1,7
Vic Sorrell,1012283,122538.0,DET,0.5610471367835999,,0.16,4.032470029651363,,4.408846592143597,,,,0.09361702,0.10638298,-0.01276596,51.1,12,6,,,,,3.8571452457534776,4.383119597447133,0.88,0.3506495677957706,0.3423913043478261,0.71748879,,0,0.3125,1.7532478389788535,90.75523739142464,97.1811982918936,,,,,,22,25,2,2,,4,0,23
Ed Brandt,1001348,111387.0,BSN,0.5546541213989258,,-0.16,4.998090584248722,,4.526992677937951,,,,0.07692308,0.08322825,-0.00630517,174.2,29,25,,,,,3.1431291303007427,3.4007626655712957,0.92424242,0.6183204846493264,0.3246554364471669,0.66010212,,0,0.3085399449035813,1.660305005076895,134.13963203366717,117.19822105091497,,,,,,61,66,1,12,,12,0,97
Walter Thomas,1016549,,CAG,0.5545353889465332,,0.0,8.582786877604907,,4.07561340460891,,,,0.06530612,0.06938776,-0.00408163,50.1,11,5,,,,,2.8609289592016354,3.0397370191517377,0.94117647,0.3576161199002044,0.4,0.48902196,,0,0.3771929824561403,2.0463589083178366,168.72687701171589,97.02692915715328,,,,,,16,17,0,2,,3,0,48
Benny Frey,1004342,114426.0,CIN,0.5482253432273865,,-2.85,6.848398634075485,,4.38857056527017,,,,0.04477612,0.05970149,-0.01492537,114.1,38,13,,,,,1.8892134162966856,2.518951221728914,0.75,0.4723033540741713,0.3361702127659574,0.52192067,,3,0.328,1.7142862481210663,175.26857413134977,108.216553816339,,,,,,24,32,4,6,,3,1,87
Hal Kelleher,1006774,116916.0,PHI,0.5438799858093262,,1.03,1.8,,3.7815731048583983,,,,0.10526316,0.10526316,0.0,25.0,3,3,,,,,4.32,4.32,1.0,0.0,0.2921348314606741,0.82051282,,0,0.2574257425742574,1.52,39.67518707976417,79.82268497761606,,,,,,12,12,1,0,,2,1,5
Willie Gisentaner,1015258,,HG,0.539418637752533,,0.0,4.764703579523765,,4.498314549911974,,,,0.07418398,0.05934718,0.0148368,73.2,15,9,,,,,3.0542971663613874,2.44343773308911,1.25,0.733031319926733,0.3215547703180212,0.64516129,,1,0.3089171974522293,1.5882345265079214,93.66812508851817,105.33670605984672,,,,,,25,20,3,6,,5,0,39
Bun Hayes,1015393,,- - -,0.502674899995327,,0.0,7.016949152542373,,4.334115477739754,,,,0.11231884,0.0942029,0.01811594,59.0,13,7,,,,,4.728813559322034,3.9661016949152543,1.19230769,0.6101694915254238,0.3255813953488372,0.50847458,,0,0.296,1.694915254237288,137.9444618096903,102.1087572535994,,,,,,31,26,0,4,,4,0,46
Andy Porter,1016172,,CEG,0.4883178472518921,,0.0,2.3365363189474264,,3.816187907535477,,,,0.18181818,0.1048951,0.07692308,34.2,8,4,,,,,6.7499938102925645,3.8942271982457104,1.73333333,0.519230293099428,0.2323232323232323,0.73298429,,0,0.1968503937007874,1.1538450957765067,45.93338757474362,91.92694769861016,,,,,,26,15,1,2,,2,1,9
Joe Strong,1016504,,HG,0.4863332509994507,,0.0,6.168539325842697,,4.754606812723567,,,,0.1127451,0.08088235,0.03186275,89.0,17,14,,,,,4.651685393258427,3.337078651685393,1.39393939,1.0112359550561798,0.3396226415094339,0.55797101,,0,0.3155080213903743,1.696629213483146,121.2657835986994,110.3750920436932,,,,,,46,33,1,10,,5,0,61
Willie Cornelius,1014913,,CAG,0.4779164493083954,,0.0,5.338983050847458,,4.469708698078738,,,,0.13684211,0.11929825,0.01754386,59.0,11,8,,,,,5.9491525423728815,5.186440677966102,1.14705882,0.6101694915254238,0.3557692307692308,0.60150376,,0,0.3107569721115538,1.8983050847457628,104.95774268128608,104.77435071852096,,,,,,39,34,0,4,,2,0,35
Chief Hogsett,1005930,116052.0,DET,0.4723198711872101,,1.26,3.537929731408054,,4.1850210111349515,,,,0.08803612,0.11060948,-0.02257336,96.2,40,0,,,,,3.631033145392476,4.562067285236701,0.79591837,0.0931034139844224,0.3094555873925501,0.73019802,,5,0.2802056555269923,1.6344821566154166,79.62505617825441,92.1437538498157,,,,,,39,49,5,1,,0,0,38
Mike Ryba,1011351,121600.0,STL,0.4629009962081909,,0.47,3.375,,2.6190731048583986,,,,0.09375,0.015625,0.078125,16.0,2,1,,,,,3.375,0.5625,6.0,0.0,0.2631578947368421,0.625,,0,0.238095238095238,1.0,82.50930216111983,60.11390590735832,,,,,,6,1,0,0,,1,0,6
Jim Bivin,1001002,111030.0,PHI,0.4624170064926147,,-1.2,5.789689446586495,,5.3836344755686465,,,,0.0698577,0.08408797,-0.01423027,161.2,47,14,,,,,3.0061849049583724,3.618555904116559,0.83076923,1.113401816651249,0.3169572107765451,0.61153846,,1,0.3120567375886525,1.7628862096978108,127.61500662614196,115.134954197723,,,,,,54,65,3,20,,0,0,104
Harry Kincannon,1015695,,PC,0.4264665246009826,,0.0,7.5600072097847075,,3.9615738487250742,,,,0.08641975,0.11111111,-0.02469136,33.1,9,5,,,,,3.7800036048923538,4.860004634861598,0.77777778,0.0,0.3769230769230769,0.52238806,,1,0.3402777777777778,2.010001916887204,148.62030537206925,94.7850538322178,,,,,,14,18,0,0,,1,0,28
Sam Streeter,1016502,,PC,0.4219315350055694,,0.0,4.086484379905299,,4.559950772683599,,,,0.13138686,0.08029197,0.05109489,61.2,11,7,,,,,5.254051345592527,3.2108091556398777,1.63636364,1.0216210949763247,0.277511961722488,0.6865285,,0,0.2579365079365079,1.410810083538734,80.33518217464928,106.5483972654376,,,,,,36,22,0,7,,4,0,28
Walter Hilcher,1005801,115923.0,CIN,0.4113436043262481,,0.45,2.793108316445869,,3.026400420611406,,,,0.1125,0.0625,0.05,19.1,4,2,,,,,4.189662474668804,2.327590263704891,1.8,0.0,0.2878787878787879,0.75,,0,0.2533333333333333,1.241381473975942,71.48300473954076,73.35502899348293,,,,,,9,5,0,0,,1,1,6
Laymon Yokely,1016847,,PS,0.397439032793045,,0.0,1.0,,3.1815731048583986,,,,0.12676056,0.08450704,0.04225352,18.0,3,2,,,,,4.5,3.0,1.5,0.0,0.2321428571428571,0.84210526,,0,0.2,1.0555555555555556,19.65875180379644,79.45121280176622,,,,,,9,6,0,0,,2,1,2
George Hockette,1005876,115999.0,BOS,0.3931019902229309,,0.23,5.163934426229508,,4.738950154038727,,,,0.04044118,0.04411765,-0.00367647,61.0,23,4,,,,,1.6229508196721312,1.7704918032786885,0.91666667,0.8852459016393442,0.3181818181818182,0.60502283,,0,0.3204633204633205,1.5573770491803278,111.90555960643222,100.72699316635529,,,,,,11,12,1,6,,0,0,35
Jack Russell,1011313,121567.0,WAS,0.3788062930107116,,-0.32,5.714285714285714,,4.665700088985383,,,,0.05190311,0.06401384,-0.01211073,126.0,43,7,,,,,2.142857142857143,2.642857142857143,0.81081081,0.7142857142857143,0.3206412825651302,0.62051282,,3,0.3153988868274582,1.6428571428571428,133.10506623639,106.56361409378962,,,,,,30,37,2,10,,2,0,80
Earl Caldwell,1001829,111873.0,SLB,0.3645510971546173,,0.99,3.681814989770551,,5.0088442479297095,,,,0.03184713,0.10828025,-0.07643312,36.2,6,5,,,,,1.2272716632568506,4.172723655073291,0.29411765,0.4909086653027402,0.2406015037593984,0.72614108,,0,0.2428571428571428,1.3909078850244303,77.46457498814537,103.47338950416444,,,,,,5,17,0,2,,2,1,15
Otis Starks,1016480,,BE,0.3560122549533844,,0.0,4.952665516704084,,4.548437781511497,,,,0.06349206,0.07539683,-0.01190476,56.1,10,5,,,,,2.5562144602343655,3.0355046715283094,0.84210526,0.6390536150585914,0.3098591549295774,0.59952038,,0,0.3004291845493562,1.5798825483392955,97.36322216010684,106.32206622946596,,,,,,16,19,0,4,,4,1,31
Fabian Kowalik,1007127,117280.0,CHC,0.3532383739948272,,0.05,4.418181818181818,,3.963391286676581,,,,0.08368201,0.07949791,0.0041841,55.0,20,2,,,,,3.272727272727273,3.109090909090909,1.05263158,0.3272727272727272,0.2929292929292929,0.62992126,,1,0.2727272727272727,1.4363636363636365,111.66879724370835,96.12640289494826,,,,,,20,19,0,2,,1,0,27
Hugh Mulcahy,1009289,119486.0,PHI,0.3431017398834228,,0.28,4.784807238514068,,4.966382154145393,,,,0.04471545,0.10162602,-0.05691057,52.2,18,5,,,,,1.8797457008448124,4.272149320101847,0.44,0.3417719456081477,0.2955665024630542,0.63901345,,1,0.287037037037037,1.6518977371060473,105.4656235159197,105.93797424664884,,,,,,11,25,5,2,,0,0,28
Elbert Williams,1016745,,BE,0.3367674946784973,,0.0,5.926829268292683,,4.791329202419375,,,,0.10344828,0.0928382,0.01061008,82.0,18,10,,,,,4.280487804878049,3.841463414634146,1.11428571,0.6585365853658537,0.3263888888888889,0.59734513,,2,0.3003003003003003,1.646341463414634,116.51406556884233,111.09700838836535,,,,,,39,35,9,6,,5,0,54
Dutch Lieber,1007600,117757.0,PHA,0.3282090723514557,,1.43,3.0857121837396733,,4.1458581622770465,,,,0.07179487,0.0974359,-0.02564103,46.2,18,1,,,,,2.699998160772214,3.664283218190862,0.73684211,0.1928570114837295,0.275,0.73899371,,2,0.2571428571428571,1.3714276372176326,70.17558511495771,92.21927997959128,,,,,,14,19,1,1,,0,0,16
Alonza Bailey,1014539,,ND,0.327740341424942,,0.0,12.244171653989357,,4.088548782931684,,,,0.07142857,0.0974026,-0.02597403,28.2,9,5,,,,,3.4534843126636643,4.709296789995906,0.73333333,0.0,0.4173228346456692,0.30434783,,1,0.3840579710144927,2.372090234960901,240.7051315888565,97.28122254908892,,,,,,11,15,1,0,,1,0,39
Ray Benge,1000831,110856.0,BRO,0.322784423828125,,-0.41,4.475934550584523,,4.962321259392026,,,,0.07169118,0.08639706,-0.01470588,124.2,23,17,,,,,2.815507217303168,3.3930471593140745,0.82978723,0.8663099130163594,0.2921348314606741,0.65242494,,1,0.2862903225806452,1.516042347778629,111.4100812535714,119.53053117719256,,,,,,39,47,1,12,,5,1,62
Emmett Nelson,1009500,119700.0,CIN,0.3010388910770416,,0.4,4.3259691301467695,,4.391518493750024,,,,0.05223881,0.0858209,-0.03358209,60.1,19,7,,,,,2.088398890415682,3.4309410342543347,0.60869565,0.2983426986308117,0.2995594713656387,0.69414317,,1,0.2880658436213992,1.5414372762591937,110.71295374139906,108.29199907718206,,,,,,14,23,2,2,,3,1,29
Jim Walkup,1013541,123847.0,SLB,0.2893804609775543,,0.05,6.2536776984647835,,5.668705946134957,,,,0.05128205,0.12121212,-0.06993007,181.1,55,20,,,,,2.183823958194051,5.161765719367757,0.42307692,0.8437501656658835,0.3024602026049204,0.62621674,,0,0.300531914893617,1.8198532984950424,131.57599889466678,117.35673403517544,,,,,,44,104,2,17,,4,1,126
Bill Byrd,1014768,,CEG,0.2839168906211853,,0.0,5.6571428571428575,,4.410144533429827,,,,0.09803922,0.03921569,0.05882353,35.0,7,4,,,,,3.857142857142857,1.542857142857143,2.5,1.0285714285714285,0.2834645669291338,0.48309179,,0,0.273972602739726,1.3142857142857145,111.2123673471913,103.60339358928756,,,,,,15,6,1,4,,3,0,22
Paul Carter,1014814,,PS,0.2607300579547882,,0.0,5.684213379414899,,4.792100229025953,,,,0.09964413,0.06405694,0.03558719,63.1,16,9,,,,,3.9789493655904296,2.5578960207367047,1.55555556,1.13684267588298,0.2995594713656387,0.55555556,,1,0.2889733840304182,1.4842112712916682,111.74454002573653,111.11216580905824,,,,,,28,18,0,8,,4,1,40
Clay Bryant,1001603,111641.0,CHC,0.2585935890674591,,-0.34,5.161757032362918,,3.5345137566438973,,,,0.12380952,0.06666667,0.05714286,22.2,9,1,,,,,5.161757032362918,2.779407632810802,1.85714286,0.397058233258686,0.3928571428571428,0.65656566,,2,0.3469387755102041,1.8088208404006807,130.46253485906226,85.28659595298072,,,,,,13,7,0,1,,0,0,13
Homer Craig,1014926,,ND,0.2360862791538238,,0.0,6.854926073497912,,4.891418610719556,,,,0.04658385,0.10869565,-0.0621118,64.1,13,9,,,,,2.0984467571932384,4.896375766784223,0.42857143,0.2797929009590984,0.348314606741573,0.56835637,,0,0.3345070422535211,2.020726506926822,134.75929031226832,113.06464122432746,,,,,,15,35,3,2,,4,0,49
Bob Poser,1010463,120695.0,SLB,0.2350772321224212,,-0.28,9.219489463576268,,3.913278617840642,,,,0.01449275,0.05797101,-0.04347826,13.2,4,1,,,,,0.658534961684019,2.634139846736076,0.25,0.0,0.40625,0.5,,0,0.4,2.1951165389467304,193.97602402290383,80.42293038488145,,,,,,1,4,0,0,,0,0,14
Bill McGee,1008507,118693.0,STL,0.2253123968839645,,0.5,1.0,,3.0704619937472875,,,,0.06666667,0.03333333,0.03333333,9.0,1,1,,,,,2.0,1.0,2.0,0.0,0.1111111111111111,0.75,,0,0.1034482758620689,0.4444444444444444,24.447200640331804,71.14910064084143,,,,,,2,1,0,0,,1,0,1
Leon Pettit,1010252,120483.0,WAS,0.2164937704801559,,1.01,4.954128440366972,,4.777903380087756,,,,0.08982036,0.11576846,-0.0259481,109.0,41,7,,,,,3.7155963302752295,4.7889908256880735,0.77586207,0.4954128440366973,0.3170103092783505,0.69003286,,3,0.2938496583143508,1.7155963302752293,115.39842898476012,109.17720873026104,,,,,,45,58,4,6,,1,0,60
Harry Gumbert,1005141,115245.0,NYG,0.214360237121582,,-1.02,6.084498379172363,,4.068895785154368,,,,0.09401709,0.08547009,0.00854701,23.2,6,3,,,,,4.183092635681,3.8028114869827263,1.1,0.3802811486982727,0.3578947368421052,0.41284404,,0,0.3271028037383177,1.9014057434913632,156.66427469954297,100.64290438201228,,,,,,11,10,0,1,,1,0,16
John Pezzullo,1010260,120490.0,PHI,0.2116967588663101,,-1.13,6.403164758623647,,5.23295737012116,,,,0.05700713,0.10688836,-0.04988124,84.1,41,7,,,,,2.561265903449459,4.802373568967735,0.53333333,0.5335970632186372,0.3235294117647059,0.58125,,1,0.3116531165311653,1.8972340025551544,141.1370887227479,111.81376400479724,,,,,,24,45,7,5,,2,0,60
Henry Wright,1016832,,CEG,0.2015465348958969,,0.0,3.573524099328174,,4.240395060214895,,,,0.05154639,0.07216495,-0.02061856,22.2,5,2,,,,,1.98529116629343,2.779407632810802,0.71428571,0.397058233258686,0.2738095238095238,0.57432432,,0,0.2666666666666666,1.3676450256688073,70.2510233335778,100.26633082653,,,,,,5,7,0,1,,2,0,9
Frank Pearce,1010103,120329.0,PHI,0.184512659907341,,-0.35,8.307692307692308,,3.489265412550706,,,,0.10294118,0.08823529,0.01470588,13.0,5,0,,,,,4.846153846153846,4.153846153846154,1.16666667,0.0,0.4,0.46428571,,0,0.3548387096774194,2.1538461538461537,183.11624806045003,73.37970587919281,,,,,,7,6,0,0,,0,0,12
Dazzy Vance,1013342,123630.0,BRO,0.1840108335018158,,0.25,4.411764705882353,,3.9658868303485946,,,,0.12444444,0.07111111,0.05333333,51.0,20,0,,,,,4.9411764705882355,2.823529411764706,1.75,0.5294117647058824,0.2971428571428571,0.64469914,,2,0.2669902912621359,1.392156862745098,109.8128354646748,94.72837210873897,,,,,,28,16,3,3,,0,0,25
Buck Rogers,1011129,121388.0,WAS,0.1803162693977356,,-0.49,7.2,,3.5815731048583985,,,,0.13207547,0.11320755,0.01886792,10.0,2,1,,,,,6.3,5.4,1.16666667,0.0,0.4,0.31818182,,0,0.3404255319148936,2.2,167.7123834578514,81.31062513838565,,,,,,7,6,0,0,,0,0,8
Al Benton,1000853,110881.0,PHA,0.1635632514953613,,-1.93,7.697875839241896,,5.109233555481162,,,,0.10824742,0.12113402,-0.0128866,78.1,27,9,,,,,4.825534108181487,5.400002454393569,0.89361702,0.8042556846969146,0.3539518900343643,0.51956815,,0,0.3235294117647059,2.004256230117708,175.0658872229642,114.1284626505162,,,,,,42,47,1,7,,0,0,67
Cocaína García,1015216,,NYC,0.1550660729408264,,0.0,6.127659574468085,,4.904977360177547,,,,0.12,0.08,0.04,47.0,11,7,,,,,5.170212765957447,3.4468085106382977,1.5,1.148936170212766,0.3294797687861271,0.54347826,,0,0.3058252427184466,1.7234042553191489,120.462138712625,113.331189314692,,,,,,27,18,1,6,,2,0,32
Roxie Lawson,1007406,117561.0,DET,0.1545441001653671,,1.23,1.575,,5.156573104858399,,,,0.09302326,0.13953488,-0.04651163,40.0,7,4,,,,,3.6,5.4,0.66666667,0.675,0.2403100775193798,0.87360595,,2,0.2297297297297297,1.45,35.44713236315161,114.00961776341066,,,,,,16,24,0,3,,4,2,7
Porter Charleston,1014839,,PS,0.1462131738662719,,0.0,5.7272727272727275,,4.454300377585671,,,,0.10891089,0.05940594,0.04950495,22.0,5,2,,,,,4.5,2.4545454545454546,1.83333333,0.8181818181818182,0.3875,0.60209424,,0,0.3548387096774194,1.7727272727272727,112.59103305810687,104.4714423702344,,,,,,11,6,2,2,,1,0,14
Hank Johnson,1006461,116592.0,BOS,0.1423926651477813,,0.03,5.516129032258065,,4.891250524213238,,,,0.09859155,0.09859155,0.0,31.0,13,2,,,,,4.064516129032258,4.064516129032258,1.0,0.8709677419354839,0.3423423423423423,0.66929134,,1,0.3203125,1.7741935483870968,119.53782818788476,104.0274336340104,,,,,,14,14,0,3,,0,0,19
Norbert Kleinke,1006994,117145.0,STL,0.1409694850444793,,0.01,4.9736709793210325,,4.128939005681453,,,,0.0877193,0.05263158,0.03508772,12.2,4,2,,,,,3.552622128086452,2.131573276851871,1.66666667,0.7105244256172905,0.375,0.67961165,,0,0.3518518518518518,1.7368374848422654,121.59233235045686,97.02590052477484,,,,,,5,3,0,1,,0,0,7
Joe Cascarella,1002031,112078.0,- - -,0.1184003576636314,,-0.27999999999999997,5.837841599594322,,5.269412288046645,,,,0.10300429,0.1416309,-0.03862661,49.1,15,7,,,,,4.378381199695742,6.0202741495816445,0.72727273,0.7297301999492902,0.2906976744186046,0.6019656,,0,0.27,1.7635146498774514,130.22359556276,115.4572031014446,,,,,,24,33,0,4,,1,0,32
Percy Lacey,1015710,,ND,0.1068617030978202,,0.0,6.1363495381734365,,4.340661350957825,,,,0.06849315,0.12328767,-0.05479452,14.2,3,1,,,,,3.0681747690867183,5.522714584356092,0.55555556,0.0,0.3389830508474576,0.48275862,,0,0.3125,1.9772681845225517,120.6329725522925,102.23744095053256,,,,,,5,9,0,0,,1,0,10
Joe Reynolds,1016229,,PS,0.1049448028206825,,0.0,6.230769230769231,,4.181573104858399,,,,0.10169492,0.06779661,0.03389831,13.0,4,1,,,,,4.153846153846154,2.769230769230769,1.5,0.6923076923076923,0.3541666666666667,0.53398058,,0,0.3272727272727272,1.6923076923076923,122.48914585442398,99.10996460556268,,,,,,6,4,0,1,,0,0,9
Heliodoro Díaz,1015038,,NYC,0.1011335104703903,,0.0,2.4545454545454546,,4.272482195767489,,,,0.12,0.14,-0.02,11.0,2,1,,,,,4.909090909090909,5.7272727272727275,0.85714286,0.0,0.3055555555555556,0.78947368,,0,0.2619047619047619,1.6363636363636365,48.25329988204581,100.89712386045323,,,,,,6,7,1,0,,1,0,3
Louis Dula,1015080,,HG,0.0968089923262596,,0.0,4.319996704104077,,4.9815717315684305,,,,0.08988764,0.06741573,0.02247191,41.2,7,4,,,,,3.4559973632832617,2.5919980224624464,1.33333333,1.0799991760260192,0.3076923076923077,0.60714286,,0,0.298780487804878,1.4639988830574928,84.92574299920071,114.83693905143316,,,,,,16,12,2,5,,4,0,20
Roy Parmelee,1010016,120241.0,NYG,0.0966232642531395,,0.83,4.221238938053097,,5.039980184504416,,,,0.08053007,0.0988787,-0.01834862,226.0,34,31,,,,,3.146017699115044,3.862831858407079,0.81443299,0.7964601769911505,0.25,0.69520548,,0,0.2445714285714285,1.3761061946902655,108.68888367647364,125.64648292136764,,,,,,79,97,9,20,,13,0,106
Jim Hayes,1005529,115642.0,WAS,0.0935765951871872,,-0.83,8.357142857142858,,5.00300167628697,,,,0.06293706,0.16083916,-0.0979021,28.0,7,4,,,,,2.892857142857143,7.392857142857143,0.39130435,0.0,0.3423423423423423,0.54098361,,0,0.3166666666666666,2.1785714285714284,194.6661593707204,114.42051036468766,,,,,,9,23,0,0,,1,0,26
Jim Winford,1014128,124449.0,STL,0.0920147970318794,,0.26,3.9706000407612834,,4.416870895317465,,,,0.1372549,0.09803922,0.03921569,11.1,2,1,,,,,5.5588400570657965,3.9706000407612834,1.4,0.7941200081522567,0.3157894736842105,0.78313253,,0,0.2826086956521739,1.5882400163045134,97.07005585900072,104.0650292014563,,,,,,7,5,0,1,,0,0,5
Euel Moore,1009105,119294.0,- - -,0.0898272134363651,,-1.3800000000000001,7.448280760851078,,5.39536766433358,,,,0.0746888,0.09958506,-0.02489627,48.1,21,8,,,,,3.3517263423829853,4.4689684565106464,0.75,0.9310350951063848,0.3489583333333333,0.58241758,,1,0.3348837209302325,1.9862082028936208,167.62401894304307,117.7072017398363,,,,,,18,24,2,5,,1,0,40
Jack Salveson,1011390,121643.0,- - -,0.0881111919879913,,0.03999999999999998,5.253391126141587,,4.946278134311645,,,,0.07121662,0.08308605,-0.01186944,73.2,25,2,,,,,2.932125279706932,3.420812826324754,0.85714286,0.8552032065811885,0.2996389891696751,0.62271062,,1,0.2922077922077922,1.6018091805806387,117.84527426531557,108.39486352649082,,,,,,24,28,1,7,,2,0,43
Ches Buchanan,1014742,,PS,0.0870358869433403,,0.0,10.800107632756006,,2.8815701150596205,,,,0.11764706,0.05882353,0.05882353,3.1,1,1,,,,,5.400053816378003,2.7000269081890016,2.0,0.0,0.2857142857142857,0.0,,0,0.25,1.50001494899389,212.31663540663791,73.55352848491516,,,,,,2,1,0,0,,0,0,4
Malvin Powell,1016177,,CAG,0.0805027335882186,,0.0,5.278199273445928,,4.895860048370752,,,,0.06635071,0.10900474,-0.04265403,44.1,11,4,,,,,2.8421073010862687,4.669176280356013,0.60869565,0.4060153287266098,0.3254437869822485,0.61097257,,0,0.3081081081081081,1.804512572118266,103.76280948765218,113.15195434476436,,,,,,14,23,3,2,,1,0,26
Willie Burns,1014757,,ND,0.0756991878151893,,0.0,7.838709677419355,,5.052540846793883,,,,0.09688581,0.0899654,0.00692042,62.0,12,6,,,,,4.064516129032258,3.774193548387097,1.07692308,1.0161290322580645,0.3348017621145374,0.46906188,,0,0.3167938931297709,1.7580645161290325,154.09924801040438,116.23210327338538,,,,,,28,26,1,7,,2,0,54
Bud Mitchell,1015957,,CEG,0.0715430080890655,,0.0,0.0,,2.9672889159541636,,,,0.11764706,0.05882353,0.05882353,4.2,1,0,,,,,3.85711540027623,1.928557700138115,2.0,0.0,0.1428571428571428,1.0,,0,0.125,0.642852566712705,0.0,75.23865311662003,,,,,,2,1,0,0,,0,0,0
Herman Fink,1004053,114131.0,PHA,0.0711207240819931,,-0.65,9.19146959232215,,5.032632953312165,,,,0.02702703,0.13513514,-0.10810811,15.2,5,3,,,,,1.1489336990402688,5.744668495201345,0.2,0.0,0.2950819672131147,0.34482759,,0,0.2857142857142857,1.7872301985070849,209.033350584834,112.38640384616826,,,,,,2,10,1,0,,0,0,16
Lázaro Salazar,1016326,,NYC,0.0704427510499954,,0.0,4.5,,1.1815731048583986,,,,0.22222222,0.0,0.22222222,2.0,1,0,,,,,9.0,0.0,2.0,0.0,0.4285714285714285,0.66666667,,0,0.3333333333333333,1.5,88.46438311708398,40.133709194173335,,,,,,2,0,0,0,,0,0,1
Al Blanche,1001040,111069.0,BSN,0.0699868947267532,,0.61,1.5576953358963013,,3.5854200437944765,,,,0.05797101,0.07246377,-0.01449275,17.1,6,0,,,,,2.076927114528402,2.5961588931605024,0.8,0.0,0.2333333333333333,0.84210526,,0,0.21875,1.096155977112212,41.80570072823064,91.9281294933484,,,,,,4,5,0,0,,0,0,3
Harry Salmon,1016328,,HG,0.0675171315670013,,0.0,11.812573576804327,,3.1815731048583986,,,,0.11111111,0.07407407,0.03703704,5.1,2,0,,,,,5.0625315329161396,3.3750210219440935,1.5,0.0,0.4090909090909091,0.18181818,,1,0.36,2.0625128467436125,232.22045211048027,79.45121280176622,,,,,,3,2,0,0,,0,0,7
Snipe Hansen,1005330,115441.0,- - -,0.060893015936017,,-0.76,9.290322437742873,,4.955766625955128,,,,0.05063291,0.08860759,-0.03797468,31.0,12,1,,,,,2.322580609435718,4.064516066512507,0.57142857,0.5806451523589296,0.3759398496240601,0.49844237,,0,0.3636363636363636,2.129032225316075,197.21173825778433,103.06088934974971,,,,,,8,14,1,2,,0,0,32
Dolf Luque,1007843,118012.0,NYG,0.0503295436501503,,0.31,0.0,,2.908848302992196,,,,0.14285714,0.07142857,0.07142857,3.2,2,0,,,,,4.909046433591643,2.4545232167958213,2.0,0.0,0.0909090909090909,1.0,,0,0.0769230769230769,0.5454496037324047,0.0,70.77388542852405,,,,,,2,1,0,0,,0,0,0
Firpo Marberry,1008100,118277.0,DET,0.0388799309730529,,0.03,4.2631578947368425,,5.234204683805768,,,,0.07865169,0.1011236,-0.02247191,19.0,5,2,,,,,3.3157894736842106,4.2631578947368425,0.77777778,0.9473684210526316,0.2816901408450704,0.70921986,,0,0.275,1.631578947368421,95.94712519349308,115.75680306786008,,,,,,7,9,0,2,,1,0,9
Wayne Osborne,1009872,120089.0,PIT,0.0379591956734657,,-0.01,6.750168782222518,,1.681535597697839,,,,0.2,0.0,0.2,1.1,2,0,,,,,6.750168782222518,0.0,1.0,0.0,0.25,0.0,,0,0.2,0.7500187535802798,167.05149771451272,37.65099315297596,,,,,,1,0,0,0,,0,0,1
Harry Eisenstat,1003717,113787.0,BRO,0.0347966849803924,,-0.5,13.499903900966803,,3.6101414826668687,,,,0.08,0.08,0.0,4.2,2,0,,,,,3.85711540027623,3.85711540027623,1.0,0.0,0.4285714285714285,0.27272727,,0,0.391304347826087,2.357126077946585,336.02488452957886,85.87354690008499,,,,,,2,2,0,0,,0,0,7
Bobby Reis,1010813,121048.0,BRO,0.0342058651149272,,-0.3,2.830647338319085,,4.657380691503391,,,,0.03608247,0.12371134,-0.08762887,41.1,14,2,,,,,1.5241947206333537,5.2258104707429265,0.29166667,0.0,0.2839506172839506,0.63380282,,2,0.272189349112426,1.693549689592615,70.45738636217344,111.94028313803248,,,,,,7,24,1,0,,1,0,13
Frank Lamanske,1007268,117426.0,BRO,0.0334992595016956,,-0.08,7.363569650387464,,3.454297906724601,,,,0.05882353,0.05882353,0.0,3.2,2,0,,,,,2.4545232167958213,2.4545232167958213,1.0,0.0,0.3333333333333333,0.5,,0,0.3125,1.6363488111972142,183.2859448221522,81.99445857509872,,,,,,1,1,0,0,,0,0,3
Al Eckert,1003658,113727.0,STL,0.0278763025999069,,-0.14,12.0,,3.5149064381917325,,,,0.05882353,0.05882353,0.0,3.0,2,0,,,,,3.0,3.0,1.0,0.0,0.4666666666666667,0.5,,0,0.4375,2.6666666666666665,293.36640768398166,82.01452314765557,,,,,,1,1,0,0,,0,0,4
Lefty Mellix,1015914,,HG,0.027041682973504,,0.0,9.0,,4.070461993747287,,,,0.11363636,0.13636364,-0.02272727,9.0,3,0,,,,,5.0,6.0,0.83333333,0.0,0.3636363636363636,0.44444444,,0,0.3157894736842105,2.0,176.92876623416797,96.92565884958528,,,,,,5,6,0,0,,0,0,9
Bob Brown,1001495,111587.0,BSN,0.0263707712292671,,-1.17,6.369230769230769,,4.720034643319937,,,,0.05592105,0.11842105,-0.0625,65.0,15,10,,,,,2.353846153846154,4.984615384615385,0.47222222,0.2769230769230769,0.3092369477911647,0.53475936,,0,0.2947761194029851,1.7692307692307692,170.93853288986534,122.37911518776816,,,,,,17,36,0,2,,2,1,46
Red Kress,1007160,117313.0,WAS,0.0248732287436723,,-0.3,12.705807867783816,,4.063920873454497,,,,0.16129032,0.16129032,0.0,5.2,3,0,,,,,7.941129917364885,7.941129917364885,1.0,0.0,0.3809523809523809,0.30769231,,0,0.3076923076923077,2.2941041983498556,295.9612946199367,92.5461381837784,,,,,,5,5,0,0,,0,0,8
Claude Passeau,1010046,120274.0,PIT,0.0242761336266994,,-0.18,12.0,,4.5149064381917325,,,,0.0625,0.125,-0.0625,3.0,1,1,,,,,3.0,6.0,0.5,0.0,0.5384615384615384,0.55555556,,0,0.5,3.0,296.973014638328,107.77054982712632,,,,,,1,2,0,0,,0,0,4
Al McLean,1008621,118805.0,WAS,0.0237393546849489,,-0.28,7.269202506158328,,4.22003060573816,,,,0.07142857,0.11904762,-0.04761905,8.2,4,0,,,,,3.1153725026392833,5.192287504398806,0.6,0.0,0.3529411764705882,0.52941176,,0,0.3243243243243243,1.9615308349951044,169.32434418688885,96.18246252853672,,,,,,3,5,0,0,,0,0,7
Lefty Williams,1016757,,HG,0.022776760160923,,0.0,6.749915913794876,,3.5565684334025582,,,,0.25,0.1875,0.0625,2.2,1,0,,,,,13.499831827589752,10.124873870692314,1.33333333,0.0,0.5555555555555556,0.625,,0,0.3846153846153846,2.9999626283532783,132.69492164578932,86.82315289319897,,,,,,4,3,0,0,,0,0,2
Bob Logan,1007704,117868.0,BRO,0.0213523805141448,,0.05,3.374957956897438,,3.5565684334025582,,,,0.08333333,0.08333333,0.0,2.2,2,0,,,,,3.374957956897438,3.374957956897438,1.0,0.0,0.2,0.66666667,,0,0.1818181818181818,1.124985985632479,84.00577263942063,84.54006498606573,,,,,,1,1,0,0,,0,0,1
Jimmy Reese,1016220,,BE,0.0163288321346044,,0.0,9.0,,4.5149064381917325,,,,0.05555556,0.11111111,-0.05555556,3.0,3,1,,,,,3.0,6.0,0.5,0.0,0.3333333333333333,0.42857143,,0,0.3125,2.3333333333333335,176.92876623416797,105.66288187349478,,,,,,1,2,0,0,,0,0,3
Monte Weaver,1013702,124008.0,WAS,0.0157156940549612,,0.02,5.25,,5.098239771525066,,,,0.07017544,0.10526316,-0.03508772,12.0,5,2,,,,,3.0,4.5,0.66666667,0.75,0.3260869565217391,0.67961165,,0,0.3137254901960784,1.8333333333333333,122.2902796046833,116.63892813529417,,,,,,4,6,0,1,,0,0,7
Tony Kaufmann,1006718,116863.0,STL,0.0152206979691982,,0.09,2.4545232167958213,,3.9997475104570057,,,,0.0,0.0625,-0.0625,3.2,3,0,,,,,0.0,2.4545232167958213,0.0,0.0,0.2666666666666666,0.8,,0,0.2666666666666666,1.3636240093310117,60.006221557360085,93.86753011999832,,,,,,0,1,0,0,,0,0,1
Bill Ferrazzi,1004004,114084.0,PHA,0.0130794513970613,,0.01,5.142857142857143,,5.324430247715542,,,,0.0,0.15151515,-0.15151515,7.0,3,2,,,,,0.0,6.428571428571429,0.0,0.0,0.25,0.58333333,,0,0.25,1.7142857142857142,116.95938819713568,119.02248804664018,,,,,,0,5,0,0,,0,0,4
Vallie Eaves,1003652,113720.0,PHA,0.0118871657177805,,0.04,5.142857142857143,,5.538715962001255,,,,0.08823529,0.22058824,-0.13235294,14.0,3,3,,,,,3.857142857142857,9.642857142857142,0.4,0.0,0.2553191489361702,0.66666667,,0,0.2264150943396226,1.9285714285714288,116.95938819713568,123.89579588818752,,,,,,6,15,0,0,,1,0,8
C. D. Mosley,1016000,,HG,0.0109358020126819,,0.0,4.5,,4.1815731048583995,,,,0.09677419,0.09677419,0.0,6.0,2,0,,,,,4.5,4.5,1.0,0.0,0.4583333333333333,0.66666667,,1,0.4074074074074074,2.3333333333333335,88.46438311708398,99.10996460556268,,,,,,3,3,1,0,,0,0,3
Mays Copeland,1002603,112661.0,STL,0.0085188820958137,,-0.04,13.499324921750466,,3.1815731048583986,,,,0.0,0.0,0.0,0.2,1,0,,,,,0.0,0.0,0.0,0.0,0.5,0.5,,0,0.5,2.9998499826112144,330.0207048710651,73.86545626754496,,,,,,0,0,0,0,,0,0,1
(Unknown) Smith,1016441,,HG,0.0083141820505261,,0.0,0.0,,3.1815731048583986,,,,0.0,0.0,0.0,0.2,1,0,,,,,0.0,0.0,0.0,0.0,0.3333333333333333,1.0,,0,0.3333333333333333,1.4999249913056072,0.0,79.45121280176622,,,,,,0,0,0,0,,0,0,0
Ted Radcliffe,1016200,,BE,0.0082947388291358,,0.0,5.774563290720983,,5.227814751420189,,,,0.07664234,0.08394161,-0.00729927,57.2,11,7,,,,,3.2774548406794772,3.5895933969346654,0.91304348,1.092484946893159,0.3228699551569506,0.5856833,,0,0.3147410358565737,1.7687851521127336,113.52070650759784,119.67776946211622,,,,,,21,23,0,7,,5,0,37
Hal Smith,1012154,122399.0,PIT,0.0048065977171063,,0.06,3.0,,4.1815731048583995,,,,0.0,0.09090909,-0.09090909,3.0,1,0,,,,,0.0,3.0,0.0,0.0,0.2,0.66666667,,0,0.2,1.0,74.243253659582,99.52129942050612,,,,,,0,1,0,0,,0,0,1
Dick Ward,1013608,123927.0,STL,0.0,,0.0,0.0,,6.181573104858399,,,,0.0,1.0,-1.0,0.0,1,0,,,,,0.0,9.0,0.0,0.0,0.0,0.0,,0,0.0,1.0,0.0,147.20705818854037,,,,,,0,1,0,0,,0,0,0
Bobby Burke,1001676,111728.0,WAS,-0.000886199355591,,-1.34,7.462315563122079,,5.382579311355012,,,,0.0516129,0.08709677,-0.03548387,66.1,15,10,,,,,2.170855436544605,3.66331854916902,0.59259259,0.9497492534882646,0.3217054263565891,0.51282051,,0,0.3202846975088968,1.7638200421924914,173.82260127858643,123.26215895976485,,,,,,16,27,2,7,,2,0,55
Stew Bowers,1001255,111293.0,BOS,-0.0028434374835342,,0.28,3.4225303382844543,,5.463259997048034,,,,0.04385965,0.14912281,-0.10526316,23.2,10,2,,,,,1.9014057434913632,6.464779527870635,0.29411765,0.3802811486982727,0.2747252747252747,0.69711538,,0,0.268041237113402,1.816898821558414,74.16828742640806,116.42322236297314,,,,,,5,17,0,1,,1,0,9
Denny Galehouse,1004443,114530.0,CLE,-0.0029900993686169,,-0.34,9.0,,5.258496181781476,,,,0.12698413,0.14285714,-0.01587302,13.0,5,1,,,,,5.538461538461538,6.230769230769231,0.88888889,0.6923076923076923,0.3409090909090909,0.48780488,,0,0.3018867924528302,1.9230769230769231,202.0632494794342,116.02113175349923,,,,,,8,9,1,1,,1,0,13
Josh Gibson,1015243,,PC,-0.010946987196803,,0.0,21.599567936956905,,4.981537099604807,,,,0.0,0.1,-0.1,1.2,1,0,,,,,0.0,5.399891984239226,0.0,0.0,0.4444444444444444,0.2,,0,0.4444444444444444,2.9999399912440143,424.62054514187537,114.83625823025584,,,,,,0,1,0,0,,0,0,4
Billy Nicholas,1016036,,BE,-0.0110958805307745,,0.0,13.499831827589752,,5.431545076123357,,,,0.0,0.11111111,-0.11111111,2.2,3,1,,,,,0.0,6.749915913794876,0.0,0.0,0.5,0.5,,0,0.5,3.749953285441598,265.38984329157864,123.68285335036266,,,,,,0,2,0,0,,0,0,4
Leroy Herrmann,1005733,115853.0,CIN,-0.0159592423588037,,1.12,3.5833333333333335,,4.79268421596951,,,,0.06410256,0.06623932,-0.00213675,108.0,29,8,,,,,2.5,2.5833333333333335,0.96774194,0.75,0.2948717948717949,0.73138298,,0,0.289044289044289,1.4351851851851851,91.70694603636407,118.55888742301129,,,,,,30,31,8,9,,2,0,43
Joe Vance,1013343,123632.0,CHW,-0.0198037847876548,,-0.31,6.67741935483871,,4.858992459697109,,,,0.08163265,0.14285714,-0.06122449,31.0,10,0,,,,,3.4838709677419355,6.096774193548387,0.57142857,0.2903225806451613,0.3097345132743362,0.55755396,,0,0.2857142857142857,1.8387096774193548,146.78295819720128,104.81312478619932,,,,,,12,21,0,1,,0,0,23
Walt Ripley,1010980,121225.0,BOS,-0.0215435288846492,,-0.05,9.0,,5.431573104858399,,,,0.0,0.14285714,-0.14285714,4.0,2,0,,,,,0.0,6.75,0.0,0.0,0.3888888888888889,0.6,,0,0.3888888888888889,2.5,195.0354038854962,115.73654838340848,,,,,,0,3,0,0,,0,0,4
Roy Joiner,1006516,116652.0,CHC,-0.0268875025212764,,-0.14,5.400053816378003,,4.981591043651067,,,,0.0,0.11111111,-0.11111111,3.1,2,0,,,,,0.0,5.400053816378003,0.0,0.0,0.375,0.5,,0,0.375,2.400023918390224,136.48544571992832,121.86122932225172,,,,,,0,2,0,0,,0,0,2
Candy Jim Taylor,1016529,,CEG,-0.0270460769534111,,0.0,81.00810215445847,,12.182473344242672,,,,0.0,0.2,-0.2,0.1,1,0,,,,,0.0,27.002700718152823,0.0,0.0,0.75,0.25,,0,0.75,12.001200319179032,1592.518174351087,256.39767661855365,,,,,,0,1,0,0,,0,0,3
Flint Rhem,1010878,121120.0,BSN,-0.0271301791071891,,-0.92,5.355376121722861,,4.793144622969445,,,,0.05128205,0.05641026,-0.00512821,40.1,10,6,,,,,2.2314067173845253,2.454547389122978,0.90909091,0.8925626869538101,0.3352941176470588,0.52710843,,0,0.3315217391304347,1.7851253739076205,143.7285239754758,124.34125364901978,,,,,,10,11,0,4,,0,0,24
Leo Mangum,1008057,118232.0,BSN,-0.0282458215951919,,0.0,3.85711540027623,,4.467278238283809,,,,0.0,0.09090909,-0.09090909,4.2,3,0,,,,,0.0,3.85711540027623,0.0,0.0,0.3,0.625,,0,0.3,1.7142735112338798,103.5179398578698,115.59559444235632,,,,,,0,2,0,0,,0,0,2
Bob Barr,1000589,110605.0,BRO,-0.0355012454092502,,-0.08,3.8571977720488384,,5.753038286224291,,,,0.0,0.13333333,-0.13333333,2.1,2,0,,,,,0.0,7.714395544097677,0.0,0.0,0.3846153846153846,0.57142857,,0,0.3846153846153846,3.000042711593541,96.00916017392078,139.2121970309662,,,,,,0,2,0,0,,0,0,1
Johnny Murphy,1009368,119560.0,NYY,-0.0370355062186718,,0.37,4.076923076923077,,4.890974814260108,,,,0.05490196,0.10784314,-0.05294118,117.0,40,8,,,,,2.1538461538461537,4.230769230769231,0.50909091,0.5384615384615384,0.2452380952380952,0.6314433,,5,0.2417582417582417,1.4102564102564104,97.63852837738187,114.95839807675428,,,,,,28,55,0,7,,4,0,53
Paul Gibson,1015244,,ND,-0.0374574922025203,,0.0,9.0,,6.181573104858399,,,,0.0,0.18181818,-0.18181818,2.0,1,0,,,,,0.0,9.0,0.0,0.0,0.4444444444444444,0.5,,0,0.4444444444444444,3.0,176.92876623416797,138.42746821315555,,,,,,0,2,0,0,,0,0,2
Earl Huckleberry,1006127,116254.0,PHA,-0.0402104519307613,,-0.17,9.449952911373174,,6.3315574086494575,,,,0.0625,0.125,-0.0625,6.2,1,1,,,,,2.6999865461066213,5.3999730922132425,0.5,1.3499932730533106,0.28,0.47169811,,0,0.2857142857142857,1.7999910307377476,214.91180491782308,141.926677937108,,,,,,2,4,0,1,,0,0,7
Ralph Winegarner,1014125,124447.0,CLE,-0.0426945090293884,,-0.44,5.747527791595046,,5.2310791390705855,,,,0.12893082,0.09119497,0.03773585,67.1,25,4,,,,,5.48020091756737,3.8762396734013103,1.4137931,1.336634370138383,0.3333333333333333,0.64761905,,0,0.3090277777777778,1.7524761741814354,129.0404602270057,115.40557878224608,,,,,,41,29,1,10,,2,0,43
(Unknown) Rose,1016296,,HG,-0.045553483068943,,0.0,21.0,,5.848239771525066,,,,0.11111111,0.22222222,-0.11111111,3.0,1,0,,,,,6.0,12.0,0.5,0.0,0.5833333333333334,0.27272727,,0,0.5,3.6666666666666665,412.8337878797253,131.87455094522338,,,,,,2,4,0,0,,0,0,7
Tommy Thomas,1012996,123234.0,- - -,-0.045668045990169,,-0.37,6.567585320743626,,6.019418613821694,,,,0.05172414,0.0862069,-0.03448276,12.1,5,1,,,,,2.189195106914542,3.648658511524237,0.6,1.4594634046096946,0.3333333333333333,0.59405941,,0,0.3396226415094339,1.8648699058901652,146.58789677111542,129.29457645423076,,,,,,3,5,0,2,,0,0,9
(Unknown) Taylor,1016542,,ND,-0.0529800541698932,,0.0,0.0,,12.18112305269204,,,,0.0,0.5,-0.5,0.2,1,0,,,,,0.0,26.99864984350093,0.0,0.0,0.0,1.0,,0,0.0,2.9998499826112144,0.0,256.37113157209706,,,,,,0,2,0,0,,0,0,0
Carl Doyle,1003457,113534.0,PHA,-0.0540503934025764,,-0.47,5.987445022894877,,5.60416616443641,,,,0.0880829,0.1865285,-0.0984456,79.2,14,9,,,,,3.841002467517468,8.133887578272287,0.47222222,0.3389119824280119,0.3018181818181818,0.62259307,,0,0.2756410256410256,1.9832627119861437,136.16709297756634,125.38427115039192,,,,,,34,72,2,3,,3,0,53
Phil Collins,1002461,112517.0,- - -,-0.0551972985267639,,-0.51,5.640406942992296,,5.369927711155956,,,,0.04977376,0.07918552,-0.02941177,97.1,29,11,,,,,2.0342451269808284,3.236299065651318,0.62857143,1.0171225634904142,0.2938005390835579,0.63113604,,2,0.297029702970297,1.592464619606204,133.66618511827184,124.19352804981884,,,,,,22,35,3,11,,2,0,61
Tom Baker,1000468,110488.0,BRO,-0.0569320209324359,,0.03,4.285714285714286,,4.75300167628697,,,,0.05154639,0.10309278,-0.05154639,42.0,11,1,,,,,2.142857142857143,4.285714285714286,0.5,0.4285714285714285,0.2839506172839506,0.6595092,,0,0.2758620689655172,1.619047619047619,106.67532587996978,114.32037640434125,,,,,,10,20,0,2,,1,0,20
Al Veach,1013387,123680.0,PHA,-0.0863193124532699,,-0.48,11.7,,6.581573104858398,,,,0.05172414,0.15517241,-0.10344828,10.0,2,2,,,,,2.7,8.1,0.33333333,0.9,0.4222222222222222,0.50724638,,0,0.4081632653061224,2.9,266.0826081484836,147.61256071705114,,,,,,3,9,0,1,,1,0,13
Harvey Green,1004997,115089.0,BRO,-0.1110511049628257,,-0.01,9.0,,15.181573104858398,,,,0.0,0.33333333,-0.33333333,1.0,2,0,,,,,0.0,27.0,0.0,0.0,0.4,0.83333333,,0,0.4,5.0,224.0181843479366,373.89700271226775,,,,,,0,3,1,0,,0,0,1
Charlie Jemison,1015563,,ND,-0.1110984534025192,,0.0,80.99594953050278,,22.68059799183129,,,,0.0,0.0,0.0,0.2,1,1,,,,,0.0,0.0,0.0,13.499324921750466,0.7777777777777778,0.15151515,,0,0.8,11.999399930444858,1592.2792689329774,462.7777034708163,,,,,,0,0,0,1,,0,0,6
Hy Vandenberg,1013349,123637.0,BOS,-0.1133265569806099,,-0.47,20.25012613166456,,7.119097630459841,,,,0.05882353,0.11764706,-0.05882353,5.1,3,0,,,,,3.3750210219440935,6.750042043888187,0.5,1.6875105109720467,0.5185185185185185,0.39772727,,0,0.5,3.562522189829876,438.8323920912709,152.3062180964482,,,,,,2,4,0,1,,0,0,12
Clyde Shoun,1011934,122193.0,CHC,-0.1156292781233787,,0.36,2.842097702469162,,5.628935015317954,,,,0.09433962,0.09433962,0.0,12.2,5,1,,,,,3.552622128086452,3.552622128086452,1.0,1.421048851234581,0.2926829268292683,0.92592593,,0,0.2916666666666667,1.499996009636502,71.83353812597161,138.22273857964004,,,,,,5,5,0,2,,0,0,4
Dick Lanahan,1007286,117443.0,WAS,-0.1355413645505905,,0.02,5.661281092000842,,6.229955231320391,,,,0.09433962,0.16037736,-0.06603774,20.2,3,3,,,,,4.354831609231417,7.403213735693408,0.58823529,0.8709663218462834,0.3333333333333333,0.76388889,,0,0.3103448275862069,2.129028786735359,131.87040907837903,143.00041385173472,,,,,,10,17,2,2,,0,0,13
Ray Harrell,1005390,115500.0,STL,-0.1366132199764251,,-0.6,6.674149722625748,,5.1703348908933435,,,,0.09558824,0.08088235,0.01470588,29.2,11,1,,,,,3.943815745187942,3.337074861312874,1.18181818,1.213481767750136,0.324074074074074,0.54054054,,0,0.312,1.6853913440974109,163.1642773726465,122.48511467656589,,,,,,13,11,0,4,,0,0,22
(Unknown) Gavin,1015232,,BE,-0.1401776224374771,,0.0,27.0,,19.1815731048584,,,,0.0,0.11111111,-0.11111111,1.0,1,0,,,,,0.0,9.0,0.0,9.0,0.5714285714285714,0.43478261,,0,0.625,6.0,530.7862987025039,393.99124166250925,,,,,,0,1,0,1,,0,0,3
Lee Stine,1012543,122802.0,CHW,-0.1473274230957031,,-0.03,9.0,,13.181573104858398,,,,0.1,0.3,-0.2,2.0,1,0,,,,,4.5,13.5,0.33333333,4.5,0.2,0.83333333,,0,0.2857142857142857,2.5,197.83790017883652,287.7600002203922,,,,,,1,3,0,1,,0,0,2
Wedo Martini,1008202,118384.0,PHA,-0.1548674553632736,,-0.59,17.052721024028727,,8.076335621014792,,,,0.02777778,0.30555556,-0.27777778,6.1,3,2,,,,,1.4210600853357274,15.631660938693,0.09090909,0.0,0.3333333333333333,0.31578947,,0,0.32,3.000015735708758,387.8147424018842,181.60660420948557,,,,,,1,11,0,0,,0,0,12
Woody Upchurch,1013287,123571.0,PHA,-0.1583911031484604,,0.2,5.062507996348256,,6.509703361716975,,,,0.02040816,0.12244898,-0.10204082,21.1,3,3,,,,,0.8437513327247094,5.062507996348256,0.16666667,1.265626999087064,0.2469135802469135,0.71428571,,0,0.2674418604651162,1.640627591409157,115.1320796103332,145.97809159721933,,,,,,2,12,0,3,,1,0,12
Rodolfo Fernández,1015148,,NYC,-0.158920869231224,,0.0,10.799968806765596,,5.667280211177465,,,,0.04918033,0.04918033,0.0,11.2,7,0,,,,,2.3142790300211993,2.3142790300211993,1.0,1.5428526866807994,0.3962264150943396,0.43103448,,0,0.396551724137931,2.228564991872266,212.31390626094844,128.3171118618258,,,,,,3,3,0,2,,0,0,14
Henry Coppola,1002605,112663.0,WAS,-0.1602927446365356,,-0.04,5.9157335065635435,,5.372585514696748,,,,0.06859206,0.10469314,-0.03610108,59.1,19,5,,,,,2.8820240160181365,4.39887876129084,0.65517241,0.9101128471636222,0.2972972972972973,0.66239316,,0,0.291497975708502,1.702248103028256,137.7974675398951,123.02936959068838,,,,,,19,29,1,6,,2,1,39
Italo Chelini,1002175,112229.0,CHW,-0.1659334450960159,,-0.13,12.6,,8.381573104858399,,,,0.04,0.16,-0.12,5.0,2,0,,,,,1.8,7.2,0.25,1.8,0.3333333333333333,0.47169811,,0,0.35,2.2,276.9730602503711,182.24645345834605,,,,,,1,4,1,1,,0,0,7
Tom Parker,1016092,,HG,-0.1676931381225586,,0.0,9.627906976744184,,5.600177756021189,,,,0.15555556,0.2,-0.04444445,43.0,12,7,,,,,7.325581395348837,9.418604651162791,0.77777778,0.627906976744186,0.3661971830985915,0.50104384,,0,0.3055555555555556,2.3255813953488373,189.27263364585409,126.99796135048318,,,,,,35,45,0,3,,3,0,46
Clyde Hatter,1005494,115610.0,DET,-0.1755740493535995,,-0.9,7.5600072097847075,,5.851575651171252,,,,0.0872093,0.1744186,-0.0872093,33.1,8,2,,,,,4.050003862384665,8.10000772476933,0.5,0.540000514984622,0.3387096774193548,0.58171745,,0,0.3120567375886525,2.2200021171590016,170.14639760737714,129.6514255423815,,,,,,15,30,1,2,,0,0,28
Bud Tinning,1013076,123354.0,STL,-0.1783894449472427,,-0.1,5.869539784684077,,6.703296975668845,,,,0.05405405,0.13513514,-0.08108108,7.2,4,0,,,,,2.347815913873631,5.869539784684077,0.4,1.1739079569368156,0.2857142857142857,0.66176471,,0,0.2903225806451613,1.8260790441239352,143.49381678258158,159.9617463370939,,,,,,2,5,1,1,,0,0,5
Phil Hensiek,1005679,115795.0,WAS,-0.1795141100883484,,-0.85,9.692307692307692,,6.335419258704553,,,,0.08571429,0.12857143,-0.04285714,13.0,6,1,,,,,4.153846153846154,6.230769230769231,0.66666667,1.3846153846153846,0.3584905660377358,0.55147059,,1,0.3442622950819672,2.3076923076923075,225.7666700394153,145.45702821307663,,,,,,6,9,0,2,,0,0,14
James DeShong,1003229,113292.0,NYY,-0.2073051631450653,,1.0,3.260869565217391,,4.9641818005105725,,,,0.09803922,0.10784314,-0.00980392,69.0,29,3,,,,,3.9130434782608696,4.304347826086956,0.90909091,0.782608695652174,0.2468085106382978,0.7615894,,3,0.2361623616236162,1.4057971014492754,78.09480325508396,116.71163753444677,,,,,,30,33,2,6,,0,0,25
Hugh Casey,1002039,112083.0,CHC,-0.2254379838705063,,0.1,3.8571377932981257,,5.051700519790823,,,,0.08403361,0.11764706,-0.03361345,25.2,13,0,,,,,3.506488902998296,4.909084464197615,0.71428571,0.7012977805996592,0.2903225806451613,0.74626866,,0,0.2761904761904762,1.6753224758769636,97.48850452653056,123.63323445877523,,,,,,10,14,0,2,,0,0,11
Granville Lyons,1015806,,PS,-0.2289332151412964,,0.0,9.0,,8.848239771525066,,,,0.0,0.09756098,-0.09756098,9.0,1,1,,,,,0.0,4.0,0.0,3.0,0.2058823529411764,0.40816327,,0,0.2702702702702703,1.5555555555555556,176.92876623416797,190.8508063566127,,,,,,0,4,0,3,,1,0,9
Whit Wyatt,1014304,124627.0,CHW,-0.2290713042020797,,-1.01,6.75,,5.39311156639686,,,,0.09016393,0.10245902,-0.01229508,52.0,30,1,,,,,3.807692307692307,4.326923076923077,0.88,1.0384615384615383,0.3121693121693121,0.61004785,,5,0.2995391705069124,1.7307692307692308,148.37842513412738,116.55412506562983,,,,,,22,25,2,6,,0,0,39
Roy S. Williams,1016768,,- - -,-0.2320385351777076,,0.0,10.799946184426483,,7.981549186825726,,,,0.08823529,0.11764706,-0.02941176,6.2,2,0,,,,,4.049979819159932,5.3999730922132425,0.75,2.6999865461066213,0.32,0.35714286,,0,0.3333333333333333,2.0999895358607055,212.31346153399863,173.81275126132118,,,,,,3,4,0,2,,0,0,8
Tom Glover,1015268,,CEG,-0.2350757122039795,,0.0,15.75,,11.431573104858398,,,,0.04,0.12,-0.08,4.0,2,1,,,,,2.25,6.75,0.33333333,4.5,0.3157894736842105,0.24390244,,0,0.3636363636363636,2.75,309.6253409097939,241.6359151830869,,,,,,1,3,0,2,,0,0,7
Luther McDonald,1015884,,CAG,-0.2530884146690368,,0.0,6.967730574770267,,6.229955231320391,,,,0.05102041,0.06122449,-0.01020408,20.2,7,2,,,,,2.1774158046157086,2.61289896553885,0.83333333,1.7419326436925668,0.3536585365853658,0.61046512,,1,0.3626373626373626,1.887093697333614,136.9768860051326,139.37860042901173,,,,,,5,6,1,4,,0,0,16
Frank Gabler,1004414,114500.0,NYG,-0.2565236091613769,,-0.89,5.7,,4.681573104858399,,,,0.08695652,0.07246377,0.01449275,60.0,26,1,,,,,3.6,3.0,1.2,0.9,0.3230088495575221,0.61810155,,0,0.30859375,1.65,146.76417185747732,116.41818147713876,,,,,,24,20,0,6,,0,0,38
Leon Chagnon,1002112,112166.0,NYG,-0.2955722510814667,,0.43,3.5217420509521244,,5.112009488343267,,,,0.10810811,0.03378378,0.07432433,38.1,14,1,,,,,3.7565248543489327,1.1739140169840414,3.2,1.643479623777658,0.2083333333333333,0.73529412,,1,0.2237762237762237,0.965218191742434,90.6781676497618,127.50110066301316,,,,,,16,5,0,7,,0,0,15
George Pipgras,1010363,120593.0,BOS,-0.380117267370224,,-0.42,14.4,,13.7815731048584,,,,0.06666667,0.16666667,-0.1,5.0,5,1,,,,,3.6,9.0,0.4,5.4,0.3157894736842105,0.55555556,,0,0.375,2.8,312.0566462167939,296.6860619882855,,,,,,2,5,1,3,,0,0,8
Si Johnson,1006502,116628.0,CIN,-0.4862016439437866,,-2.15,6.230769230769231,,5.396957720243014,,,,0.06633499,0.09784411,-0.03150912,130.0,30,20,,,,,2.769230769230769,4.084615384615384,0.6779661,0.9692307692307692,0.2895277207392197,0.56231003,,0,0.2865064695009242,1.646153846153846,159.46180956591394,134.02383932467126,,,,,,40,59,3,14,,4,1,90
Les Munns,1009325,119522.0,BRO,-0.5128862261772156,,-0.8,5.554288741132868,,5.753003077605097,,,,0.04761905,0.12087912,-0.07326007,58.1,21,5,,,,,2.0057153787424244,5.091431346038462,0.39393939,0.7714289918240094,0.3165137614678899,0.61538462,,1,0.3135593220338983,1.8342867138926449,138.25129768141906,139.21132065641672,,,,,,13,33,4,5,,0,0,36
George Turbeville,1013220,123504.0,PHA,-0.5556994676589966,,-0.85,7.633504041949347,,6.212985203821821,,,,0.06389776,0.22044728,-0.15654952,63.2,19,6,,,,,2.8272237192404988,9.75392183137972,0.28985507,0.2827223719240498,0.3243243243243243,0.60627675,,0,0.3032786885245901,2.2460721769521736,173.6019371618696,139.23009661108637,,,,,,20,69,0,2,,2,0,54
Allyn Stout,1012582,122842.0,NYG,-0.5970847606658936,,-1.03,4.909090909090909,,4.954300377585671,,,,0.07341772,0.09367089,-0.02025317,88.0,40,2,,,,,2.965909090909091,3.784090909090909,0.78378378,0.7159090909090909,0.2893081761006289,0.62980031,,5,0.2796610169491525,1.5454545454545454,126.39976523610486,123.44039065692236,,,,,,29,37,4,7,,0,0,48
Bob Weiland,1013735,124042.0,SLB,-0.6207583546638489,,-0.74,9.5625,,7.931573104858399,,,,0.06748466,0.19018405,-0.12269939,32.0,14,4,,,,,3.09375,8.71875,0.35483871,1.6875,0.2894736842105263,0.57507987,,0,0.2977099236641221,2.1875,201.19289002359776,164.96695975052776,,,,,,11,31,1,6,,0,0,34
Belve Bean,1000712,110731.0,- - -,-0.624945878982544,,-0.49,7.3125,,7.025323104858399,,,,0.03896104,0.12337662,-0.08441559,32.0,11,2,,,,,1.6875,5.34375,0.31578947,1.6875,0.3170731707317073,0.6294964,,0,0.3333333333333333,2.0,170.09610101679033,161.10388124527677,,,,,,6,19,0,6,,0,0,26
Larry Benton,1000855,110883.0,BSN,-0.6380794048309326,,-1.23,6.875,,4.723239771525066,,,,0.06306306,0.07207207,-0.00900901,72.0,29,0,,,,,2.625,3.0,0.875,0.75,0.3451957295373665,0.56020067,,0,0.3344155844155844,1.7638888888888888,184.5124562443444,122.46513498088908,,,,,,21,24,1,6,,0,0,55
Pat Malone,1008044,118214.0,NYY,-0.6683550477027893,,-1.4,5.431955727998027,,5.720036075785582,,,,0.0984252,0.12992126,-0.03149606,56.1,29,2,,,,,3.994085094116196,5.272192324233379,0.75757576,1.118343826352535,0.2446808510638297,0.54404145,,3,0.2409090909090909,1.526628080417746,130.09030425295524,134.81364674902898,,,,,,25,33,1,7,,0,0,34
George Caster,1002055,112103.0,PHA,-0.713563859462738,,-1.32,6.252634717356389,,5.913153423299447,,,,0.07692308,0.11858974,-0.04166667,63.1,25,1,,,,,3.41052802764894,5.257897375958782,0.64864865,1.13684267588298,0.3236514522821577,0.57996485,,1,0.315018315018315,1.9421062379667573,142.19806439264485,132.4112912976507,,,,,,24,37,2,8,,0,0,44
