Name,Team,IP,O-Swing%,Z-Swing%,Swing%,O-Contact%,Z-Contact%,Contact%,Zone%,Pace,NameASCII,PlayerId,MLBAMID
"William Kempner","MIA",1,0.33333333,0.6,0.5,0,1,0.75,0.625,24.2,"William Kempner",31615,687531
"Pete Fairbanks","MIA",13,0.34782609,0.56363636,0.44354839,0.54166667,0.85483871,0.71818182,0.44354839,23.94240838,"Pete Fairbanks",17998,664126
"Riley Cornelio","WSN",2,0.04545455,0.6,0.30952381,1,0.91666667,0.92307692,0.47619048,23.20689655,"Riley Cornelio",31953,683000
"Cade Gibson","MIA",3.2,0.37288136,0.56097561,0.45,0.68181818,0.95652174,0.82222222,0.41,22.82051282,"Cade Gibson",31815,806188
"Josh Simpson","SEA",2.1,0.26315789,0.71428571,0.5,0.6,0.8,0.75,0.525,22.7,"Josh Simpson",25957,681006
"Yuki Matsui","SDP",10,0.30434783,0.6031746,0.42580645,0.28571429,0.73684211,0.54545455,0.40645161,22.5826087,"Yuki Matsui",33826,673513
"Luke Weaver","NYM",22.1,0.33510638,0.69411765,0.50558659,0.58730159,0.84745763,0.75690608,0.47486034,22.42424242,"Luke Weaver",16918,596133
"Aaron Brooks","TBR",0.1,0.3125,1,0.35294118,0.8,1,0.83333333,0.05882353,22.38461538,"Aaron Brooks",12272,605156
"Matt Pushard","STL",4.1,0.30188679,0.65517241,0.42682927,0.6875,0.89473684,0.8,0.35365854,22.38095238,"Matt Pushard",31870,690155
"Orlando Ribalta","WSN",11.2,0.41025641,0.68421053,0.51813472,0.66666667,0.84615385,0.76,0.39378238,22.27083333,"Orlando Ribalta",26247,687377
"Paxton Schultz","WSN",18.2,0.25287356,0.63333333,0.42901235,0.68181818,0.86315789,0.8057554,0.46296296,22.25847458,"Paxton Schultz",25501,687606
"David Morgan","SDP",13.1,0.34722222,0.66086957,0.48648649,0.52,0.86842105,0.73015873,0.44401544,22.2565445,"David Morgan",31616,688158
"Alex Vesia","LAD",18,0.34574468,0.6124031,0.45425868,0.53846154,0.7721519,0.66666667,0.40694006,22.15447154,"Alex Vesia",25007,681911
"Kirby Yates","LAA",6.1,0.36507937,0.625,0.48739496,0.7826087,0.74285714,0.75862069,0.47058824,22.10989011,"Kirby Yates",9073,489446
"Jedixson Paez","CHW",3,0.24390244,0.83333333,0.46153846,0.7,0.95,0.86666667,0.36923077,22.02040816,"Jedixson Paez",29114,699151
"PJ Poulin","WSN",21.2,0.25454545,0.60621762,0.4188862,0.82142857,0.87179487,0.85549133,0.46731235,21.97142857,"PJ Poulin",23394,676571
"Devin Williams","NYM",17,0.37142857,0.656,0.49,0.52307692,0.74390244,0.6462585,0.41666667,21.83181818,"Devin Williams",15816,642207
"Johan Oviedo","BOS",3.2,0.33333333,0.6969697,0.5,0.76923077,0.91304348,0.86111111,0.45833333,21.82692308,"Johan Oviedo",22487,670912
"Abner Uribe","MIL",18.1,0.24,0.56551724,0.4,0.66666667,0.86585366,0.80508475,0.49152542,21.70642202,"Abner Uribe",25327,682842
"Josh Fleming","TOR",3,0.25581395,0.70588235,0.45454545,0.81818182,0.875,0.85714286,0.44155844,21.69491525,"Josh Fleming",20418,676596
"Yohan Ramírez","PIT",30,0.33590734,0.58482143,0.45134576,0.55172414,0.84732824,0.7293578,0.46376812,21.69054441,"Yohan Ramirez",19444,670990
"Tyron Guerrero","BOS",1.2,0.23076923,0.64705882,0.46666667,0.33333333,0.81818182,0.71428571,0.56666667,21.68181818,"Tyron Guerrero",11691,594027
"Kyle Hart","SDP",16.2,0.25373134,0.62015504,0.43346008,0.70588235,0.8875,0.83333333,0.4904943,21.68062827,"Kyle Hart",19646,606996
"Nolan Hoffman","PHI",3.1,0.18518519,0.67857143,0.43636364,0.6,0.94736842,0.875,0.50909091,21.575,"Nolan Hoffman",23381,676510
"Fernando Cruz","NYY",21.2,0.28638498,0.60248447,0.42245989,0.37704918,0.73195876,0.59493671,0.43048128,21.5734767,"Fernando Cruz",7048,518585
"Michael Petersen","MIA",19.2,0.25675676,0.65,0.46103896,0.65789474,0.83653846,0.78873239,0.51948052,21.57079646,"Michael Petersen",20827,656848
"Bryce Miller","SEA",11,0.31944444,0.80246914,0.5751634,0.65217391,0.87692308,0.81818182,0.52941176,21.53211009,"Bryce Miller",29837,682243
"Matt Strahm","KCR",16.1,0.28571429,0.62162162,0.46263345,0.63157895,0.85869565,0.79230769,0.52669039,21.51442308,"Matt Strahm",13799,621381
"Jonathan Cannon","CHW",0,0,1,0.07142857,,0,0,0.07142857,21.5,"Jonathan Cannon",31730,686563
"Dustin May","STL",54,0.29464286,0.65566038,0.47018349,0.63636364,0.89928058,0.81463415,0.48623853,21.48895899,"Dustin May",19716,669160
"Joey Lucchesi","LAA",3.1,0.29333333,0.54054054,0.375,0.81818182,0.9,0.85714286,0.33035714,21.46590909,"Joey Lucchesi",19320,664192
"Cristian Javier","HOU",9.1,0.22105263,0.75308642,0.46590909,0.80952381,0.80327869,0.80487805,0.46022727,21.4609375,"Cristian Javier",17606,664299
"Kyle Finnegan","DET",24.2,0.25806452,0.64835165,0.43609023,0.60714286,0.88135593,0.79310345,0.45614035,21.45205479,"Kyle Finnegan",15009,640448
"Bailey Falter","KCR",7.1,0.19444444,0.63492063,0.4,0.64285714,0.825,0.77777778,0.46666667,21.43617021,"Bailey Falter",20070,663559
"Isaac Mattson","PIT",19.2,0.26256983,0.70786517,0.48459384,0.65957447,0.8968254,0.83236994,0.49859944,21.4,"Isaac Mattson",20385,676755
"Matt Gage","SFG",21.2,0.32432432,0.65,0.45027624,0.58333333,0.94505495,0.78527607,0.38674033,21.39194139,"Matt Gage",17381,657424
"Dean Kremer","BAL",11,0.34444444,0.58823529,0.46285714,0.51612903,0.8,0.69135802,0.48571429,21.35877863,"Dean Kremer",19350,665152
"Mitch Spence","KCR",4,0.19148936,0.59459459,0.36904762,0.77777778,0.86363636,0.83870968,0.44047619,21.3015873,"Mitch Spence",27707,687765
"Cam Schlittler","NYY",66,0.36746988,0.73161034,0.55044955,0.62295082,0.78804348,0.73321234,0.5024975,21.27882038,"Cam Schlittler",32095,693645
"J.P. France","HOU",6.2,0.21052632,0.68333333,0.45299145,0.83333333,0.87804878,0.86792453,0.51282051,21.24418605,"J.P. France",21212,641585
"Alek Manoah","LAA",7.1,0.2,0.6056338,0.37888199,0.83333333,0.8372093,0.83606557,0.44099379,21.24390244,"Alek Manoah",26410,666201
"Shane Baz","BAL",57.1,0.2938856,0.65292842,0.46487603,0.57718121,0.94019934,0.82,0.47623967,21.24200278,"Shane Baz",22264,669358
"José Suarez","- - -",23.1,0.34074074,0.70833333,0.49350649,0.58695652,0.82352941,0.72807018,0.41558442,21.19770774,"Jose Suarez",19911,660761
"Kyle Bradish","BAL",52.1,0.29268293,0.62034739,0.43376068,0.51282051,0.9,0.75123153,0.43055556,21.18918919,"Kyle Bradish",24586,680694
"Jhoan Duran","PHI",14.2,0.32857143,0.72115385,0.49590164,0.47826087,0.81333333,0.68595041,0.42622951,21.18478261,"Jhoan Duran",21029,661395
"Garrett Cleavinger","TBR",8.1,0.40229885,0.66129032,0.51006711,0.71428571,0.85365854,0.78947368,0.41610738,21.17592593,"Garrett Cleavinger",17897,664076
"Emilio Pagán","CIN",14,0.3030303,0.77083333,0.5,0.65,0.83783784,0.77192982,0.42105263,21.16766467,"Emilio Pagan",14771,641941
"Jordan Leasure","CHW",17.2,0.34682081,0.76,0.52013423,0.6,0.83157895,0.74193548,0.41946309,21.16591928,"Jordan Leasure",29950,673929
"Roddery Muñoz","HOU",4,0.27631579,0.69444444,0.41071429,0.23809524,0.88,0.58695652,0.32142857,21.16091954,"Roddery Munoz",25311,682610
"Ian Hamilton","ATL",1,0.22222222,0.61538462,0.38709677,0.25,1,0.75,0.41935484,21.125,"Ian Hamilton",19261,641656
"Yoendrys Gómez","- - -",25,0.25365854,0.69060773,0.45854922,0.65384615,0.816,0.76836158,0.46891192,21.07553957,"Yoendrys Gomez",22872,672782
"Ryan Helsley","BAL",10.2,0.25471698,0.6744186,0.44270833,0.44444444,0.68965517,0.61176471,0.44791667,21.0137931,"Ryan Helsley",18138,664854
"Clayton Beeter","WSN",12.1,0.25833333,0.64285714,0.43119266,0.61290323,0.87301587,0.78723404,0.44954128,21.01212121,"Clayton Beeter",27494,690925
"Jeff Hoffman","TOR",23,0.4,0.68681319,0.52224824,0.44897959,0.784,0.6367713,0.42622951,21.0031348,"Jeff Hoffman",17432,656546
"Max Fried","NYY",61.2,0.29338843,0.61431871,0.44492912,0.61267606,0.86090226,0.7745098,0.47219193,20.96888889,"Max Fried",13743,608331
"Sonny Gray","BOS",44,0.29649596,0.63043478,0.45165945,0.59090909,0.92118227,0.80511182,0.46464646,20.96850394,"Sonny Gray",12768,543243
"Yariel Rodríguez","TOR",4.1,0.2826087,0.55882353,0.4,0.69230769,0.89473684,0.8125,0.425,20.92982456,"Yariel Rodriguez",33838,684320
"Connor Seabold","DET",15.2,0.34782609,0.67883212,0.51272727,0.70833333,0.86021505,0.80851064,0.49818182,20.89756098,"Connor Seabold",19695,657756
"Cade Cavalli","WSN",53.2,0.30526316,0.61024499,0.4534632,0.53793103,0.88321168,0.76372315,0.48593074,20.8910162,"Cade Cavalli",27473,676917
"Brandon Woodruff","MIL",30,0.32989691,0.67727273,0.51449275,0.5625,0.88590604,0.78873239,0.53140097,20.8862069,"Brandon Woodruff",16162,605540
"Elvis Alvarado","ATH",9.2,0.26804124,0.77647059,0.50549451,0.69230769,0.72727273,0.7173913,0.46703297,20.88405797,"Elvis Alvarado",21662,665660
"Tyler Wells","BAL",23.1,0.2972973,0.7025641,0.50526316,0.52727273,0.81021898,0.72916667,0.51315789,20.88297872,"Tyler Wells",20000,669330
"Mitchell Parker","WSN",24,0.34673367,0.69892473,0.51688312,0.44927536,0.80769231,0.68341709,0.48311688,20.87323944,"Mitchell Parker",27636,680730
"Justin Slaten","BOS",8.2,0.2295082,0.68539326,0.5,0.57142857,0.85245902,0.8,0.59333333,20.86363636,"Justin Slaten",25648,686580
"Bryan Woo","SEA",63.2,0.35169492,0.72803347,0.54105263,0.62650602,0.87068966,0.79182879,0.50315789,20.85962373,"Bryan Woo",30279,693433
"Ryne Nelson","ARI",60,0.33333333,0.72921109,0.53470716,0.71523179,0.87426901,0.82555781,0.50867679,20.85607196,"Ryne Nelson",26253,669194
"Seth Halvorsen","COL",9.1,0.28421053,0.67857143,0.46927374,0.51851852,0.89473684,0.77380952,0.46927374,20.84444444,"Seth Halvorsen",33294,678020
"Jeremiah Estrada","SDP",16.2,0.32450331,0.68932039,0.47244094,0.53061224,0.81690141,0.7,0.40551181,20.82539683,"Jeremiah Estrada",22210,669093
"Tomoyuki Sugano","COL",53.2,0.24651163,0.66909976,0.4530321,0.66981132,0.90545455,0.83989501,0.48870392,20.81300813,"Tomoyuki Sugano",35321,608372
"Tyler Kinley","ATL",22.2,0.24867725,0.63636364,0.44148936,0.5106383,0.85714286,0.75903614,0.49734043,20.80714286,"Tyler Kinley",18297,641755
"Gordon Graceffo","STL",27.1,0.21538462,0.70186335,0.43539326,0.71428571,0.95575221,0.89032258,0.45224719,20.80708661,"Gordon Graceffo",29519,700669
"Justin Lawrence","PIT",20.1,0.28645833,0.64848485,0.45378151,0.54545455,0.87850467,0.7654321,0.46218487,20.78846154,"Justin Lawrence",17639,664875
"Aroldis Chapman","BOS",17.2,0.31884058,0.68461538,0.49626866,0.52272727,0.7752809,0.69172932,0.48507463,20.7839196,"Aroldis Chapman",10233,547973
"Zach Pop","PHI",7.1,0.23529412,0.53225806,0.37692308,0.8125,0.87878788,0.85714286,0.47692308,20.73469388,"Zach Pop",20185,647315
"Ethan Roberts","CHC",12.1,0.22222222,0.61458333,0.41538462,0.63636364,0.84745763,0.79012346,0.49230769,20.73333333,"Ethan Roberts",24930,681799
"Tanner Bibee","CLE",60,0.25403226,0.65858586,0.45610494,0.57936508,0.79754601,0.73672566,0.49949546,20.72665765,"Tanner Bibee",30134,676440
"David Bednar","NYY",22,0.38075314,0.69587629,0.52193995,0.63736264,0.77777778,0.72123894,0.44803695,20.72507553,"David Bednar",19569,670280
"Justin Verlander","DET",3.2,0.34883721,0.64864865,0.4875,0.8,0.875,0.84615385,0.4625,20.72131148,"Justin Verlander",8700,434378
"Kenley Jansen","DET",14.1,0.2578125,0.63779528,0.44705882,0.51515152,0.79012346,0.71052632,0.49803922,20.66326531,"Kenley Jansen",3096,445276
"Trevor Megill","MIL",17,0.32692308,0.68181818,0.48958333,0.43137255,0.81111111,0.67375887,0.45833333,20.65566038,"Trevor Megill",17722,656730
"Pierce Johnson","CIN",21.1,0.31182796,0.5872093,0.44413408,0.62068966,0.88118812,0.78616352,0.48044693,20.6394052,"Pierce Johnson",13435,572955
"Bennett Sousa","HOU",3.1,0.21052632,0.54285714,0.36986301,0.375,0.94736842,0.77777778,0.47945205,20.625,"Bennett Sousa",21345,656986
"Chris Martin","TEX",7.1,0.34615385,0.75,0.575,0.72222222,0.82352941,0.79710145,0.56666667,20.62352941,"Chris Martin",11847,455119
"Brock Stewart","LAD",2,0.23529412,0.63636364,0.39285714,0.5,0.57142857,0.54545455,0.39285714,20.61904762,"Brock Stewart",16727,592779
"Valente Bellozo","COL",10.2,0.21590909,0.7195122,0.45882353,0.42105263,0.83050847,0.73076923,0.48235294,20.61290323,"Valente Bellozo",23899,678368
"Jonathan Loáisiga","ARI",19.1,0.34545455,0.68794326,0.50326797,0.61403509,0.88659794,0.78571429,0.46078431,20.6,"Jonathan Loaisiga",19753,642528
"Josh Walker","BAL",4,0.34210526,0.5483871,0.43478261,0.61538462,0.76470588,0.7,0.44927536,20.58490566,"Josh Walker",23617,677020
"Logan Henderson","MIL",23,0.30967742,0.77386935,0.57062147,0.6875,0.77922078,0.75742574,0.56214689,20.55893536,"Logan Henderson",31475,701656
"Anthony Bender","MIA",21.1,0.25,0.50561798,0.38622754,0.58974359,0.93333333,0.82945736,0.53293413,20.54471545,"Anthony Bender",19742,669622
"Greg Weissert","BOS",20.1,0.31111111,0.61445783,0.4566474,0.69642857,0.85294118,0.79746835,0.47976879,20.54296875,"Greg Weissert",20375,669711
"Andrew Nardi","MIA",20.2,0.29834254,0.66081871,0.47443182,0.42592593,0.87610619,0.73053892,0.48579545,20.52918288,"Andrew Nardi",25942,677053
"Nick Davila","SEA",7.1,0.27536232,0.50943396,0.37704918,0.63157895,1,0.84782609,0.43442623,20.52747253,"Nick Davila",27741,689546
"Jose Quintana","COL",41,0.32009926,0.67605634,0.46724891,0.68217054,0.86979167,0.79439252,0.41339156,20.52371542,"Jose Quintana",11423,500779
"Daniel Palencia","CHC",9.2,0.32967033,0.70422535,0.49382716,0.43333333,0.8,0.6625,0.4382716,20.51666667,"Daniel Palencia",27914,694037
"Josh Ekness","MIA",5.1,0.24528302,0.55555556,0.3877551,0.69230769,0.92,0.84210526,0.45918367,20.51315789,"Josh Ekness",33785,694795
"Kumar Rocker","TEX",45,0.29166667,0.6920904,0.47769029,0.49579832,0.92244898,0.78296703,0.46456693,20.51236749,"Kumar Rocker",31843,677958
"Phil Maton","CHC",16,0.27333333,0.64375,0.46451613,0.53658537,0.84466019,0.75694444,0.51612903,20.50214592,"Phil Maton",18064,664208
"Ryan Yarbrough","NYY",16.2,0.27407407,0.65693431,0.46691176,0.7027027,0.84444444,0.80314961,0.50367647,20.495,"Ryan Yarbrough",16502,642232
"Andrew Hoffmann","ARI",11.2,0.16239316,0.61946903,0.38695652,0.57894737,0.91428571,0.84269663,0.49130435,20.49112426,"Andrew Hoffmann",29633,694851
"Angel Chivilli","NYY",2.1,0.2195122,0.57894737,0.33333333,0.55555556,0.72727273,0.65,0.31666667,20.4893617,"Angel Chivilli",26790,683409
"Chase Solesky","TBR",3,0.04545455,0.58333333,0.37931034,1,0.95238095,0.95454545,0.62068966,20.48780488,"Chase Solesky",25480,686678
"Mason Englert","TBR",16,0.36567164,0.72440945,0.54022989,0.6122449,0.86956522,0.78014184,0.48659004,20.48128342,"Mason Englert",22288,669438
"Joe Ross","ARI",3.2,0.27272727,0.72972973,0.45652174,0.4,0.81481481,0.66666667,0.40217391,20.47887324,"Joe Ross",12972,605452
"Vince Velasquez","CHC",2.1,0.28571429,0.64705882,0.48387097,0.75,0.90909091,0.86666667,0.5483871,20.47826087,"Vince Velasquez",11189,592826
"Kodai Senga","NYM",20,0.26262626,0.68639053,0.45776567,0.46153846,0.86206897,0.73809524,0.46049046,20.47211896,"Kodai Senga",31838,673540
"Seth Johnson","PHI",3.2,0.28,0.65,0.44444444,0.85714286,0.84615385,0.85,0.44444444,20.46376812,"Seth Johnson",26020,686751
"Luis Medina","ATH",20,0.20430108,0.66242038,0.41399417,0.55263158,0.80769231,0.73943662,0.45772595,20.43968872,"Luis Medina",21649,665622
"Spencer Arrighetti","HOU",41,0.27605634,0.60064935,0.42684766,0.52040816,0.86486486,0.74558304,0.46455505,20.43621399,"Spencer Arrighetti",29921,681293
"Edgardo Henriquez","LAD",19.1,0.31875,0.67132867,0.48514851,0.47058824,0.88541667,0.7414966,0.47194719,20.43171806,"Edgardo Henriquez",26944,683618
"Chase Silseth","LAA",17.1,0.32804233,0.66129032,0.4600639,0.53225806,0.76829268,0.66666667,0.39616613,20.42553191,"Chase Silseth",30074,681217
"Emmet Sheehan","LAD",45.2,0.36320755,0.69252078,0.51464968,0.5,0.832,0.70544554,0.45987261,20.42301184,"Emmet Sheehan",29839,686218
"Kendry Rojas","MIN",14.1,0.24806202,0.66326531,0.42731278,0.53125,0.8,0.71134021,0.43171806,20.42168675,"Kendry Rojas",29423,696070
"Aaron Nola","PHI",50.2,0.31863727,0.625,0.45342312,0.60377358,0.87755102,0.76980198,0.43995511,20.42081448,"Aaron Nola",16149,605400
"Eury Pérez","MIA",58.2,0.30245747,0.72668113,0.5,0.575,0.82089552,0.74141414,0.46565657,20.4165536,"Eury Perez",27768,691587
"Chris Sale","ATL",62,0.37959184,0.64380531,0.50636943,0.56989247,0.82817869,0.72746331,0.47983015,20.40028694,"Chris Sale",10603,519242
"Brian Fitzpatrick","MIL",5.2,0.2,0.82,0.52631579,0.88888889,0.73170732,0.76,0.52631579,20.39705882,"Brian Fitzpatrick",31624,702153
"José Urquidy","PIT",6.1,0.43333333,0.64788732,0.54961832,0.61538462,0.86956522,0.77777778,0.54198473,20.38461538,"Jose Urquidy",18413,664353
"Riley O'Brien","STL",24.1,0.3236715,0.68604651,0.48812665,0.53731343,0.83898305,0.72972973,0.45382586,20.37769784,"Riley O'Brien",20348,676617
"Shane Smith","CHW",8.1,0.304,0.58,0.42666667,0.55263158,0.89655172,0.76041667,0.44444444,20.37714286,"Shane Smith",31687,681343
"Yaramil Hiraldo","BAL",1.2,0.17857143,0.68421053,0.38297872,0.6,0.61538462,0.61111111,0.40425532,20.37142857,"Yaramil Hiraldo",25215,682274
"Chris Bassitt","BAL",47.1,0.23394495,0.69041769,0.45432977,0.62745098,0.86120996,0.79895561,0.48279953,20.37055016,"Chris Bassitt",12304,605135
"José Fermin","LAA",11.1,0.33333333,0.73863636,0.5,0.54761905,0.83076923,0.71962617,0.41121495,20.36196319,"Jose Fermin",33908,820862
"Carter Baumler","TEX",5.2,0.28358209,0.62,0.42735043,0.63157895,0.77419355,0.72,0.42735043,20.35555556,"Carter Baumler",30231,691945
"Kevin Gausman","TOR",64,0.35714286,0.70537634,0.51730959,0.59487179,0.85365854,0.75717017,0.45994065,20.35380507,"Kevin Gausman",14107,592332
"Brendon Little","TOR",3.2,0.25,0.65853659,0.43010753,0.53846154,0.81481481,0.725,0.44086022,20.34782609,"Brendon Little",21574,663893
"Anthony Kay","CHW",46.1,0.31790744,0.6015625,0.4415437,0.66455696,0.90909091,0.80976864,0.43586833,20.33785822,"Anthony Kay",20387,641743
"Anthony Banda","MIN",22.2,0.28017241,0.67836257,0.44913151,0.55384615,0.87068966,0.75690608,0.42431762,20.33443709,"Anthony Banda",14706,607455
"Tyler Alexander","TEX",23.2,0.31472081,0.59473684,0.45219638,0.74193548,0.88495575,0.83428571,0.49095607,20.32508834,"Tyler Alexander",17735,641302
"Jason Adam","SDP",17.2,0.32394366,0.73825503,0.53608247,0.56521739,0.81818182,0.74358974,0.51202749,20.32272727,"Jason Adam",11861,592094
"José Alvarado","PHI",17.2,0.37440758,0.62328767,0.47619048,0.58227848,0.8021978,0.7,0.40896359,20.30483271,"Jose Alvarado",17780,621237
"Gus Varland","WSN",20.1,0.32911392,0.69480519,0.50961538,0.51923077,0.88785047,0.7672956,0.49358974,20.30044843,"Gus Varland",24737,681402
"Zach Maxwell","CIN",1,0.15789474,0.65217391,0.42857143,0.33333333,0.93333333,0.83333333,0.54761905,20.29411765,"Zach Maxwell",31610,687209
"George Soriano","STL",21.2,0.31382979,0.66049383,0.47428571,0.52542373,0.8317757,0.72289157,0.46285714,20.28735632,"George Soriano",21863,666277
"Duncan Davitt","CHW",1,0,0.75,0.42857143,,1,1,0.57142857,20.27272727,"Duncan Davitt",31886,701474
"Jake Eder","LAD",4,0.32142857,0.85714286,0.58928571,0.66666667,1,0.90909091,0.5,20.26829268,"Jake Eder",27590,671109
"Sam Moll","CIN",22,0.21,0.5872093,0.3844086,0.54761905,0.86138614,0.76923077,0.46236559,20.26618705,"Sam Moll",14874,594580
"Nick Raquet","BAL",2.2,0.21052632,0.65384615,0.390625,1,0.94117647,0.96,0.40625,20.26,"Nick Raquet",20333,675919
"Caleb Kilian","SFG",22.1,0.2972973,0.63095238,0.45609065,0.54545455,0.81132075,0.72049689,0.47592068,20.25670498,"Caleb Kilian",26213,668873
"Cionel Pérez","WSN",16,0.19205298,0.63194444,0.40677966,0.51724138,0.92307692,0.825,0.48813559,20.25,"Cionel Perez",19614,672335
"Jack Perkins","ATH",20.1,0.40540541,0.65868263,0.52556818,0.58666667,0.81818182,0.72432432,0.47443182,20.25,"Jack Perkins",31468,678022
"Nathan Eovaldi","TEX",61.2,0.37654321,0.70967742,0.53369565,0.54098361,0.80844156,0.70875764,0.47173913,20.23298033,"Nathan Eovaldi",9132,543135
"Craig Kimbrel","NYM",15,0.32835821,0.75675676,0.52244898,0.54545455,0.85714286,0.75,0.45306122,20.2320442,"Craig Kimbrel",6655,518886
"Camilo Doval","NYY",20,0.27218935,0.72435897,0.48923077,0.47826087,0.89380531,0.77358491,0.48,20.23140496,"Camilo Doval",21992,666808
"Ryan Watson","BOS",30.2,0.30258303,0.68067227,0.47937132,0.62195122,0.85185185,0.77459016,0.4675835,20.22911051,"Ryan Watson",27853,670245
"Brayan Bello","BOS",49,0.30501089,0.67865707,0.48287671,0.65714286,0.82685512,0.77068558,0.4760274,20.22776911,"Brayan Bello",23920,678394
"Enyel De Los Santos","HOU",21,0.34,0.76190476,0.56289308,0.50980392,0.84375,0.74860335,0.52830189,20.22608696,"Enyel De Los Santos",18403,660853
"Hunter Brown","HOU",10.2,0.22988506,0.56989247,0.40555556,0.5,0.83018868,0.73972603,0.51666667,20.21167883,"Hunter Brown",25880,686613
"Zack Kelly","BOS",16.1,0.27333333,0.60150376,0.42756184,0.56097561,0.9375,0.80991736,0.46996466,20.19905213,"Zack Kelly",20349,677161
"Grant Wolfram","BAL",13,0.33898305,0.6460177,0.48917749,0.475,0.87671233,0.73451327,0.48917749,20.19760479,"Grant Wolfram",21623,664991
"Braxton Garrett","MIA",4.1,0.18666667,0.68518519,0.39534884,0.57142857,0.86486486,0.78431373,0.41860465,20.18811881,"Braxton Garrett",21844,666129
"Yerry De los Santos","NYY",5.1,0.13157895,0.66666667,0.45918367,0.2,0.925,0.84444444,0.6122449,20.18181818,"Yerry De los Santos",21420,660787
"Andre Pallante","STL",55,0.2769556,0.62863535,0.44782609,0.5648855,0.88967972,0.78640777,0.48586957,20.14537445,"Andre Pallante",26108,669467
"Trey Gibson","BAL",6.2,0.36507937,0.62962963,0.48717949,0.65217391,1,0.85964912,0.46153846,20.13953488,"Trey Gibson",33794,694346
"Jayden Murray","HOU",11.1,0.2745098,0.68421053,0.47208122,0.71428571,0.90769231,0.84946237,0.4822335,20.13194444,"Jayden Murray",26482,681151
"Alex Hoppe","SEA",11.1,0.29824561,0.61702128,0.44230769,0.5,0.9137931,0.76086957,0.45192308,20.12987013,"Alex Hoppe",31880,695380
"Danny Coulombe","BOS",9,0.28089888,0.59756098,0.43274854,0.8,0.89795918,0.86486486,0.47953216,20.12977099,"Danny Coulombe",13293,543056
"Luis García","- - -",15,0.34057971,0.71653543,0.52075472,0.63829787,0.9010989,0.8115942,0.47924528,20.12169312,"Luis Garcia",6984,472610
"Robbie Ray","SFG",58.2,0.29251701,0.70833333,0.47413793,0.61627907,0.85139319,0.76969697,0.43678161,20.12010114,"Robbie Ray",11486,592662
"Lou Trivino","BAL",3,0.23529412,0.75,0.46774194,0.125,0.95238095,0.72413793,0.4516129,20.11363636,"Lou Trivino",15043,642152
"Matt Waldron","SDP",23.1,0.31658291,0.67,0.49373434,0.68253968,0.90298507,0.83248731,0.50125313,20.11111111,"Matt Waldron",25550,663362
"Adrian Morejon","SDP",26.1,0.37209302,0.67772512,0.52347418,0.4,0.76923077,0.6367713,0.49530516,20.08544304,"Adrian Morejon",20039,670970
"Cristopher Sánchez","PHI",72.1,0.36462094,0.63126253,0.49097816,0.5049505,0.81269841,0.69245648,0.47388414,20.08211921,"Cristopher Sanchez",20778,650911
"Logan Gilbert","SEA",62.1,0.31936128,0.66011788,0.49108911,0.50625,0.85714286,0.74395161,0.5039604,20.07845745,"Logan Gilbert",22250,669302
"Tony Santillan","CIN",20,0.26136364,0.62580645,0.43202417,0.65217391,0.90721649,0.82517483,0.46827795,20.0781893,"Tony Santillan",19926,663574
"Brennan Bernardino","COL",20.1,0.28025478,0.70121951,0.4953271,0.63636364,0.84347826,0.78616352,0.51090343,20.07725322,"Brennan Bernardino",16835,657514
"Robby Snelling","MIA",5,0.31111111,0.68292683,0.48837209,0.5,0.89285714,0.76190476,0.47674419,20.0625,"Robby Snelling",31893,702281
"Jaden Hill","COL",19,0.29192547,0.64417178,0.4691358,0.57446809,0.8,0.73026316,0.50308642,20.05416667,"Jaden Hill",30250,677955
"Justin Topa","MIN",19,0.22994652,0.65697674,0.43454039,0.81395349,0.90265487,0.87820513,0.47910864,20.04887218,"Justin Topa",15145,623437
"Tayler Saucedo","LAA",2,0.3125,0.69230769,0.48275862,0.2,0.77777778,0.57142857,0.44827586,20.04761905,"Tayler Saucedo",17888,642048
"Christian Scott","NYM",25.1,0.25862069,0.71861472,0.48812095,0.61666667,0.86144578,0.79646018,0.49892009,20.0433526,"Christian Scott",30107,681035
"Ryan Thompson","ARI",17.1,0.35507246,0.65454545,0.48790323,0.69387755,0.91666667,0.82644628,0.44354839,20.03468208,"Ryan Thompson",16647,657044
"Juan Morillo","ARI",20.2,0.32748538,0.67647059,0.50146628,0.5,0.8173913,0.71345029,0.49853372,20.01574803,"Juan Morillo",21924,666661
"Bryan Abreu","HOU",17,0.21078431,0.625,0.38218391,0.41860465,0.84444444,0.70676692,0.4137931,20.01544402,"Bryan Abreu",16609,650556
"Bubba Chandler","PIT",47,0.29555556,0.67669173,0.47467609,0.64661654,0.84444444,0.77915633,0.46996466,19.98899371,"Bubba Chandler",29868,696149
"Wilber Dotel","PIT",7.2,0.24074074,0.67692308,0.4789916,0.53846154,0.86363636,0.78947368,0.54621849,19.98850575,"Wilber Dotel",28901,696062
"Jacob Latz","TEX",23.2,0.27835052,0.66486486,0.46701847,0.57407407,0.82926829,0.75141243,0.48812665,19.9862543,"Jacob Latz",21306,656641
"Tatsuya Imai","HOU",17.1,0.28095238,0.6442953,0.43175487,0.40677966,0.83333333,0.67096774,0.41504178,19.97080292,"Tatsuya Imai",37124,837227
"Hunter Gaddis","CLE",13.1,0.23893805,0.68421053,0.46255507,0.55555556,0.75641026,0.7047619,0.50220264,19.94578313,"Hunter Gaddis",25636,683769
"Jack Leiter","TEX",54.2,0.29559748,0.65783664,0.47204301,0.54609929,0.83557047,0.74259681,0.48709677,19.93333333,"Jack Leiter",30146,683004
"Sam Aldegheri","LAA",5.2,0.25454545,0.70212766,0.46078431,0.78571429,0.84848485,0.82978723,0.46078431,19.92105263,"Sam Aldegheri",26443,691951
"Mason Barnett","ATH",2,0.17857143,0.86666667,0.41860465,0.4,1,0.83333333,0.34883721,19.88235294,"Mason Barnett",31741,686930
"Max Meyer","MIA",60.2,0.33333333,0.65342163,0.48251029,0.43930636,0.87162162,0.71215352,0.46604938,19.87132867,"Max Meyer",27474,676974
"Kyle Freeland","COL",38.1,0.34670487,0.66268657,0.50146199,0.58677686,0.89189189,0.78425656,0.48976608,19.86973948,"Kyle Freeland",16256,607536
"Richard Lovelady","- - -",23,0.295,0.60752688,0.44559585,0.55932203,0.87610619,0.76744186,0.48186528,19.86111111,"Richard Lovelady",19337,663992
"Jesse Scholtens","TBR",36.1,0.29865772,0.68864469,0.48511384,0.66292135,0.88297872,0.81227437,0.47810858,19.85748792,"Jesse Scholtens",19205,669947
"Jacob Misiorowski","MIL",57,0.30733945,0.65010799,0.48387097,0.41791045,0.74418605,0.64367816,0.51501669,19.84407796,"Jacob Misiorowski",31623,694819
"Jimmy Herget","COL",16,0.32624113,0.69178082,0.51219512,0.60869565,0.78217822,0.72789116,0.5087108,19.8411215,"Jimmy Herget",17556,623474
"Yusei Kikuchi","LAA",31,0.27368421,0.69503546,0.48324515,0.6025641,0.8622449,0.78832117,0.4973545,19.82660333,"Yusei Kikuchi",20633,579328
"Mason Black","KCR",4.2,0.27777778,0.65217391,0.45,0.8,0.86666667,0.84444444,0.46,19.80769231,"Mason Black",30171,696131
"Juan Mejia","COL",24.1,0.35361217,0.62254902,0.47109208,0.48387097,0.8503937,0.69545455,0.43683084,19.79387187,"Juan Mejia",23237,675848
"Braydon Fisher","TOR",29.2,0.3153527,0.5890411,0.44565217,0.63157895,0.80620155,0.74146341,0.47608696,19.7877907,"Braydon Fisher",24609,680755
"Chris Paddack","- - -",40.2,0.33251834,0.69526627,0.49665328,0.67647059,0.88085106,0.80592992,0.45247657,19.76588022,"Chris Paddack",20099,663978
"Alex Lange","KCR",24,0.31168831,0.65405405,0.46394231,0.41666667,0.89256198,0.71502591,0.44471154,19.74522293,"Alex Lange",19883,656638
"Justin Bruihl","STL",22.2,0.24454148,0.61904762,0.4138756,0.66071429,0.93162393,0.84393064,0.45215311,19.73954984,"Justin Bruihl",23779,677865
"Ben Casparius","LAD",4.2,0.32786885,0.52631579,0.4040404,0.55,0.85,0.7,0.38383838,19.73333333,"Ben Casparius",30085,676508
"Nick Mears","KCR",18.2,0.30285714,0.62043796,0.44230769,0.64150943,0.94117647,0.82608696,0.43910256,19.71914894,"Nick Mears",25376,683232
"Jordan Romano","LAA",8,0.30701754,0.53846154,0.40104167,0.45714286,0.85714286,0.67532468,0.40625,19.71621622,"Jordan Romano",16122,605447
"Aaron Civale","ATH",51.2,0.29205607,0.60613208,0.44835681,0.688,0.89494163,0.82722513,0.49765258,19.71589085,"Aaron Civale",19479,650644
"Bradgley Rodriguez","SDP",25.1,0.30167598,0.70673077,0.51937984,0.61111111,0.7414966,0.70646766,0.5374677,19.71024735,"Bradgley Rodriguez",29107,699134
"Rico Garcia","BAL",21.1,0.25657895,0.70138889,0.47297297,0.41025641,0.68316832,0.60714286,0.48648649,19.70909091,"Rico Garcia",20023,670329
"Ryan Johnson","LAA",8.1,0.25882353,0.80952381,0.53254438,0.63636364,0.83823529,0.78888889,0.49704142,19.69672131,"Ryan Johnson",35325,696270
"Kyle Hurt","LAD",15,0.3373494,0.73786408,0.55913978,0.42857143,0.73684211,0.65384615,0.55376344,19.69047619,"Kyle Hurt",27514,669165
"Dietrich Enns","BAL",15,0.25170068,0.67424242,0.4516129,0.62162162,0.86516854,0.79365079,0.47311828,19.67605634,"Dietrich Enns",13932,608650
"Caleb Thielbar","CHC",10.2,0.34615385,0.77777778,0.54639175,0.66666667,0.85714286,0.79245283,0.46391753,19.67114094,"Caleb Thielbar",10078,573204
"Jacob Lopez","ATH",48.2,0.2484472,0.65148064,0.44034707,0.73333333,0.86363636,0.82512315,0.47613883,19.65412446,"Jacob Lopez",25098,682052
"Eric Orze","MIN",24,0.31279621,0.58959538,0.4375,0.66666667,0.83333333,0.76785714,0.45052083,19.64768683,"Eric Orze",27626,679358
"Brandon Pfaadt","ARI",35.1,0.32119205,0.6848249,0.48837209,0.62886598,0.86931818,0.78388278,0.45974955,19.63209877,"Brandon Pfaadt",27782,694297
"Jovani Morán","BOS",27.2,0.27433628,0.62679426,0.44367816,0.46774194,0.80152672,0.69430052,0.48045977,19.63157895,"Jovani Moran",20422,663558
"Peyton Gray","TEX",13,0.30769231,0.65420561,0.47321429,0.66666667,0.8,0.75471698,0.47767857,19.62721893,"Peyton Gray",25310,682608
"Carlos Rodón","NYY",13,0.31210191,0.72115385,0.47509579,0.55102041,0.84,0.72580645,0.39846743,19.62686567,"Carlos Rodon",16137,607074
"Joe Mantiply","TOR",17.2,0.35862069,0.63865546,0.48484848,0.73076923,0.90789474,0.8359375,0.45075758,19.61458333,"Joe Mantiply",14857,573009
"Mason Fluharty","TOR",18.2,0.35638298,0.6516129,0.48979592,0.55223881,0.82178218,0.71428571,0.45189504,19.61003861,"Mason Fluharty",31553,689254
"AJ Blubaugh","HOU",31.2,0.25239617,0.71317829,0.46059545,0.51898734,0.82608696,0.7338403,0.45183888,19.58275058,"AJ Blubaugh",31764,805123
"Ben Brown","CHC",38.2,0.32907348,0.60498221,0.45959596,0.48543689,0.88823529,0.73626374,0.47306397,19.5808656,"Ben Brown",23590,676962
"Jordan Hicks","CHW",17.2,0.20238095,0.57419355,0.38080495,0.70588235,0.87640449,0.82926829,0.47987616,19.57627119,"Jordan Hicks",19618,663855
"Taj Bradley","MIN",52,0.29184549,0.64963504,0.45952109,0.53676471,0.8576779,0.74937965,0.4686431,19.56621005,"Taj Bradley",22543,671737
"Mick Abel","MIN",20.1,0.33142857,0.65384615,0.49579832,0.56896552,0.84033613,0.75141243,0.50980392,19.54545455,"Mick Abel",27756,690953
"Jake Woodford","MIL",19,0.25641026,0.64071856,0.45510836,0.675,0.89719626,0.83673469,0.51702786,19.54347826,"Jake Woodford",18674,663765
"Peter Lambert","HOU",40.1,0.28212291,0.7047619,0.47994056,0.63366337,0.81531532,0.75851393,0.46805349,19.54150198,"Peter Lambert",17969,663567
"Jack Dreyer","LAD",21.2,0.30057803,0.64497041,0.47076023,0.59615385,0.81651376,0.74534161,0.49415205,19.5390625,"Jack Dreyer",30249,676263
"Paul Blackburn","NYY",22.1,0.24210526,0.69142857,0.45753425,0.67391304,0.90082645,0.83832335,0.47945205,19.53731343,"Paul Blackburn",14739,621112
"Yovanny Cruz","NYY",2.1,0.38461538,0.76923077,0.57692308,0.6,0.9,0.8,0.5,19.52941176,"Yovanny Cruz",22622,672442
"Blake Snell","LAD",3,0.46,0.62962963,0.51948052,0.47826087,0.76470588,0.6,0.35064935,19.50847458,"Blake Snell",13543,605483
"Dennis Santana","PIT",21.1,0.35609756,0.68674699,0.50404313,0.69863014,0.86842105,0.80213904,0.44743935,19.50541516,"Dennis Santana",17878,642701
"Kris Bubic","KCR",50.1,0.28103044,0.6640625,0.46239211,0.56666667,0.8627451,0.768,0.47348952,19.50496689,"Kris Bubic",21455,663460
"Daniel Duarte","NYM",2.1,0.41666667,0.8125,0.64285714,0.8,0.84615385,0.83333333,0.57142857,19.5,"Daniel Duarte",17480,650960
"J.T. Ginn","ATH",53.2,0.30168776,0.6395664,0.44958482,0.58741259,0.87288136,0.7651715,0.43772242,19.49919225,"J.T. Ginn",27889,669372
"MacKenzie Gore","TEX",55,0.3030888,0.69369369,0.48336798,0.57324841,0.86688312,0.76774194,0.46153846,19.49587912,"MacKenzie Gore",22201,669022
"Seranthony Domínguez","CHW",19.2,0.25257732,0.63157895,0.43013699,0.55102041,0.84259259,0.75159236,0.46849315,19.49280576,"Seranthony Dominguez",19249,622554
"Framber Valdez","DET",61,0.33136095,0.61181435,0.46687054,0.5952381,0.92758621,0.80567686,0.48318043,19.47323944,"Framber Valdez",17295,664285
"Will Warren","NYY",52.1,0.27510917,0.60465116,0.43468468,0.57936508,0.85384615,0.7642487,0.48423423,19.46536145,"Will Warren",30182,701542
"George Klassen","LAA",4.2,0.18072289,0.70967742,0.40689655,0.33333333,0.79545455,0.6779661,0.42758621,19.46428571,"George Klassen",33464,691946
"Cal Quantrill","TEX",19.1,0.24539877,0.61818182,0.43292683,0.6,0.91176471,0.82394366,0.50304878,19.44715447,"Cal Quantrill",19312,615698
"Chris Roycroft","STL",3.2,0.25,0.6097561,0.40206186,0.92857143,0.88,0.8974359,0.42268041,19.43661972,"Chris Roycroft",31261,688297
"Ryan Feltner","COL",20,0.24539877,0.76687117,0.50613497,0.45,0.88,0.77575758,0.5,19.42978723,"Ryan Feltner",21446,663372
"Anthony Nunez","BAL",23.2,0.36403509,0.64900662,0.47757256,0.38554217,0.85714286,0.64088398,0.39841689,19.42599278,"Anthony Nunez",25796,689296
"Luis Castillo","SEA",46.1,0.31545064,0.72108844,0.51267916,0.65306122,0.83962264,0.78064516,0.4862183,19.42547033,"Luis Castillo",15689,622491
"Chad Patrick","MIL",41,0.29752066,0.69205298,0.47669173,0.63888889,0.85167464,0.77917981,0.45413534,19.4248497,"Chad Patrick",30113,694477
"Carlos Rodriguez","MIL",6,0.24074074,0.76470588,0.4952381,0.38461538,0.79487179,0.69230769,0.48571429,19.4,"Carlos Rodriguez",30161,692230
"Kai-Wei Teng","HOU",37,0.26440678,0.58041958,0.41996558,0.56410256,0.84337349,0.75409836,0.49225473,19.39814815,"Kai-Wei Teng",24282,678906
"Keaton Winn","SFG",23.1,0.29268293,0.67261905,0.48493976,0.47916667,0.85840708,0.74534161,0.5060241,19.39271255,"Keaton Winn",23499,676775
"Ron Marinaccio","SDP",30,0.27173913,0.72916667,0.48449612,0.57333333,0.82857143,0.752,0.46511628,19.39230769,"Ron Marinaccio",23488,676760
"Jeffrey Springs","ATH",61.1,0.32936508,0.60470085,0.46193416,0.6686747,0.84805654,0.78173719,0.48148148,19.37887324,"Jeffrey Springs",17677,605488
"Cole Winn","TEX",19.1,0.36723164,0.73248408,0.53892216,0.55384615,0.8173913,0.72222222,0.47005988,19.3755102,"Cole Winn",22113,668390
"Antonio Senzatela","COL",32,0.32178218,0.66666667,0.49879518,0.64615385,0.83098592,0.77294686,0.51325301,19.375,"Antonio Senzatela",15488,622608
"Mark Leiter Jr.","ATH",22.2,0.35532995,0.61363636,0.4772118,0.48571429,0.89814815,0.73595506,0.47184987,19.37269373,"Mark Leiter Jr.",15551,643410
"Ken Waldichuk","WSN",9.1,0.25301205,0.640625,0.42176871,0.42857143,0.90243902,0.74193548,0.43537415,19.35514019,"Ken Waldichuk",27681,686610
"Drew Pomeranz","LAA",15,0.27642276,0.70833333,0.48971193,0.58823529,0.85882353,0.78151261,0.49382716,19.35260116,"Drew Pomeranz",11426,519141
"Brant Hurter","DET",25.1,0.26229508,0.59322034,0.425,0.70833333,0.88571429,0.83006536,0.49166667,19.3385214,"Brant Hurter",30133,676428
"Michael McGreevy","STL",56.1,0.28008299,0.6505102,0.44622426,0.64444444,0.92156863,0.82564103,0.44851259,19.33841463,"Michael McGreevy",29869,700241
"Slade Cecconi","CLE",57.1,0.27663934,0.65384615,0.46129707,0.65185185,0.89869281,0.82312925,0.48953975,19.33714286,"Slade Cecconi",27500,677944
"Griffin Canning","SDP",16,0.22891566,0.64285714,0.40753425,0.47368421,0.83950617,0.72268908,0.43150685,19.33640553,"Griffin Canning",19867,656288
"Brad Lord","WSN",35,0.36111111,0.68438538,0.52631579,0.67307692,0.8592233,0.79677419,0.51103565,19.33408578,"Brad Lord",31972,695418
"Jonathan Pintaro","NYM",1,0.5,0.83333333,0.66666667,0.66666667,1,0.875,0.5,19.33333333,"Jonathan Pintaro",33980,702752
"Kevin Ginkel","ARI",20.2,0.35135135,0.66233766,0.49262537,0.53846154,0.87254902,0.74251497,0.45427729,19.32684825,"Kevin Ginkel",19876,656464
"Shota Imanaga","CHC",64.2,0.38035714,0.66445916,0.50740375,0.57746479,0.80398671,0.71011673,0.44718657,19.32669323,"Shota Imanaga",33829,684007
"Cam Sanders","PIT",5,0.3015873,0.73333333,0.48148148,0.42105263,0.84848485,0.69230769,0.41666667,19.325,"Cam Sanders",23479,676742
"Mason Miller","SDP",23.2,0.38967136,0.53529412,0.45430809,0.3253012,0.63736264,0.48850575,0.44386423,19.32179931,"Mason Miller",31757,695243
"Andre Granillo","WSN",9.1,0.19266055,0.58426966,0.36868687,0.85714286,0.92307692,0.90410959,0.44949495,19.31972789,"Andre Granillo",29542,701552
"Keider Montero","DET",49.1,0.21884498,0.66230366,0.45710267,0.66666667,0.90909091,0.85538462,0.53727145,19.31568627,"Keider Montero",22630,672456
"Nick Pivetta","SDP",16,0.39869281,0.6031746,0.49103943,0.60655738,0.88157895,0.75912409,0.4516129,19.30985915,"Nick Pivetta",15454,601713
"Nick Lodolo","CIN",15,0.28571429,0.70434783,0.46946565,0.54761905,0.91358025,0.78861789,0.4389313,19.30769231,"Nick Lodolo",26378,666157
"Steven Okert","HOU",22.1,0.28742515,0.69714286,0.49707602,0.58333333,0.77868852,0.72352941,0.51169591,19.29644269,"Steven Okert",13580,595345
"Jackson Rutledge","WSN",1.1,0.31578947,0.68,0.52272727,0.5,0.70588235,0.65217391,0.56818182,19.29032258,"Jackson Rutledge",26215,671131
"Alec Gamboa","BOS",1,0,0.77777778,0.5,,0.85714286,0.85714286,0.64285714,19.27272727,"Alec Gamboa",26227,687941
"Chase Dollander","COL",44,0.27586207,0.69125683,0.48048452,0.58653846,0.81818182,0.75070028,0.49259758,19.26134301,"Chase Dollander",33482,801403
"Gregory Soto","PIT",24.1,0.25943396,0.59782609,0.41666667,0.52727273,0.84545455,0.73939394,0.46464646,19.24666667,"Gregory Soto",19677,642397
"Joe Ryan","MIN",56.2,0.31497797,0.6743215,0.49946409,0.63636364,0.81733746,0.76180258,0.51339764,19.24643875,"Joe Ryan",21390,657746
"Connelly Early","BOS",54,0.32285115,0.60628019,0.45454545,0.64935065,0.89243028,0.8,0.46464646,19.2439759,"Connelly Early",33666,813349
"Max Scherzer","TOR",18.2,0.30167598,0.72560976,0.50437318,0.75925926,0.92436975,0.87283237,0.47813411,19.23255814,"Max Scherzer",3137,453286
"Roki Sasaki","LAD",45.2,0.31100478,0.67258883,0.4864532,0.53846154,0.8490566,0.74683544,0.48522167,19.2306425,"Roki Sasaki",35323,808963
"Hunter Stratton","ATL",1,0.5,0.83333333,0.66666667,0.66666667,1,0.875,0.5,19.22222222,"Hunter Stratton",23455,676702
"Brandan Bidois","PIT",5.1,0.39215686,0.71052632,0.52808989,0.65,0.74074074,0.70212766,0.42696629,19.21538462,"Brandan Bidois",28052,684049
"Robert Gasser","MIL",8.1,0.2688172,0.6,0.41666667,0.64,0.91111111,0.81428571,0.44642857,19.21259843,"Robert Gasser",29812,688107
"Grant Anderson","MIL",21.1,0.27950311,0.68789809,0.48113208,0.57777778,0.84259259,0.76470588,0.49371069,19.21186441,"Grant Anderson",20546,681982
"Sean Burke","CHW",53,0.32873563,0.6347032,0.48224513,0.67832168,0.89928058,0.82422803,0.50171821,19.21085271,"Sean Burke",29878,680732
"Easton McGee","MIL",2,0.18181818,0.90909091,0.54545455,0.5,0.8,0.75,0.5,19.1875,"Easton McGee",22176,668834
"Joel Kuhnel","ATH",20.2,0.30065359,0.68939394,0.48070175,0.5,0.91208791,0.77372263,0.46315789,19.185,"Joel Kuhnel",19995,669270
"Clay Holmes","NYM",52.2,0.3225058,0.62972292,0.46980676,0.61870504,0.908,0.80462725,0.4794686,19.18330606,"Clay Holmes",13649,605280
"Tim Herrin","CLE",17,0.26708075,0.6875,0.46557377,0.53488372,0.7979798,0.71830986,0.47213115,19.17857143,"Tim Herrin",25139,682120
"Jared Shuster","STL",7.2,0.26984127,0.60784314,0.42105263,0.88235294,0.93548387,0.91666667,0.44736842,19.1686747,"Jared Shuster",27472,694363
"Scott Barlow","ATH",25,0.33628319,0.6,0.44148936,0.40789474,0.83333333,0.63855422,0.39893617,19.16849817,"Scott Barlow",14993,605130
"Wyatt Mills","LAD",3.1,0.16,0.75,0.3902439,0.875,0.79166667,0.8125,0.3902439,19.16129032,"Wyatt Mills",20010,670090
"Taylor Rogers","MIN",19.1,0.26404494,0.63975155,0.44247788,0.68085106,0.91262136,0.84,0.47492625,19.15139442,"Taylor Rogers",13449,573124
"Miles Mikolas","WSN",46.2,0.27390181,0.64141414,0.45977011,0.74528302,0.88188976,0.84166667,0.50574713,19.14685315,"Miles Mikolas",9803,571945
"Jake Bird","NYY",16.1,0.22580645,0.57333333,0.41605839,0.64285714,0.72093023,0.70175439,0.54744526,19.14285714,"Jake Bird",21267,656234
"Walbert Ureña","LAA",38.1,0.32460733,0.61672474,0.44992526,0.60483871,0.83615819,0.74086379,0.42899851,19.12749004,"Walbert Urena",29357,700712
"Doug Nikhazy","CHW",2,0.04347826,0.6875,0.30769231,0,0.72727273,0.66666667,0.41025641,19.10344828,"Doug Nikhazy",30142,680951
"Tommy Nance","TOR",21,0.36,0.57594937,0.47077922,0.55555556,0.86813187,0.75172414,0.51298701,19.09633028,"Tommy Nance",19178,667297
"Austin Warren","NYM",15.2,0.29285714,0.55752212,0.41106719,0.53658537,0.92063492,0.76923077,0.44664032,19.08602151,"Austin Warren",24937,681810
"Taylor Clarke","ARI",22.2,0.26829268,0.70198675,0.47619048,0.63636364,0.89622642,0.82,0.47936508,19.07359307,"Taylor Clarke",17611,664199
"Luis Curvelo","TEX",5,0.32,0.75,0.58461538,0.875,0.7,0.73684211,0.61538462,19.06666667,"Luis Curvelo",24710,681168
"Janson Junk","MIA",55,0.29353234,0.66956522,0.49419954,0.70338983,0.89935065,0.84507042,0.53364269,19.0589172,"Janson Junk",23301,676083
"Aaron Ashby","MIL",31,0.32236842,0.50847458,0.4037037,0.3877551,0.875,0.6559633,0.43703704,19.05459057,"Aaron Ashby",23550,676879
"Eli Morgan","KCR",12.1,0.3047619,0.61764706,0.4589372,0.5625,0.92063492,0.8,0.49275362,19.05369128,"Eli Morgan",20203,669212
"Drew Anderson","DET",33.2,0.31464174,0.68674699,0.47719298,0.5049505,0.83040936,0.70955882,0.43684211,19.04449649,"Drew Anderson",15130,623454
"Cade Povich","BAL",19.1,0.31012658,0.63013699,0.46381579,0.51020408,0.89130435,0.75886525,0.48026316,19.04090909,"Cade Povich",30055,700249
"Bryan Hudson","CHW",24.1,0.2393617,0.64347826,0.46172249,0.66666667,0.79054054,0.76165803,0.55023923,19.03481013,"Bryan Hudson",19924,663542
"Dylan Dodd","ATL",8,0.4,0.6744186,0.52688172,0.5,0.86206897,0.71428571,0.46236559,19.03125,"Dylan Dodd",29928,689266
"Louis Varland","TOR",27.2,0.34136546,0.68609865,0.50423729,0.56470588,0.8627451,0.75630252,0.47245763,19.03030303,"Louis Varland",27691,686973
"Tyler Phillips","MIA",33.2,0.35873016,0.55186722,0.44244604,0.46017699,0.90225564,0.69918699,0.43345324,19.02702703,"Tyler Phillips",20629,663969
"Brandon Young","BAL",36.1,0.33128834,0.68571429,0.4950495,0.63888889,0.89583333,0.80333333,0.4620462,19.02488688,"Brandon Young",27819,687064
"Yennier Cano","BAL",19,0.35294118,0.58928571,0.45967742,0.5625,0.86363636,0.73684211,0.4516129,19.02234637,"Yennier Cano",25911,666974
"Trevor McDonald","SFG",22.2,0.30232558,0.64457831,0.4704142,0.51923077,0.85046729,0.74213836,0.49112426,19.01659751,"Trevor McDonald",26448,686790
"Zack Wheeler","PHI",37.2,0.38580247,0.70338983,0.51964286,0.616,0.90361446,0.78006873,0.42142857,19.01201923,"Zack Wheeler",10310,554430
"Blake Treinen","LAD",16.1,0.31111111,0.64,0.46923077,0.54761905,0.8625,0.75409836,0.48076923,19.00531915,"Blake Treinen",12572,595014
"Michael Kelly","ATH",4.1,0.17647059,0.64444444,0.44303797,0.33333333,0.86206897,0.77142857,0.56962025,19,"Michael Kelly",12791,547184
"Brenan Hanifee","DET",9.1,0.31666667,0.60606061,0.46825397,0.84210526,0.95,0.91525424,0.52380952,19,"Brenan Hanifee",22304,669724
"Tyler Schweitzer","CHW",4,0.26829268,0.62857143,0.43421053,0.36363636,0.81818182,0.66666667,0.46052632,19,"Tyler Schweitzer",31920,805326
"Yoshinobu Yamamoto","LAD",64,0.32595573,0.65292842,0.48329854,0.54938272,0.85049834,0.74514039,0.48121086,18.99858357,"Yoshinobu Yamamoto",33825,808967
"Aaron Bummer","ATL",15.1,0.2739726,0.65693431,0.45936396,0.5,0.9,0.77692308,0.48409894,18.99516908,"Aaron Bummer",16258,607481
"Eric Lauer","TOR",36.1,0.31024096,0.71481481,0.49169435,0.76699029,0.89119171,0.84797297,0.44850498,18.99311927,"Eric Lauer",19316,641778
"Ryan Rolison","CHC",15,0.19298246,0.64864865,0.41777778,0.63636364,0.90277778,0.84042553,0.49333333,18.98773006,"Ryan Rolison",22200,669020
"Dylan Cease","TOR",62,0.31553398,0.64705882,0.45682451,0.5025641,0.76767677,0.66260163,0.42618384,18.97791411,"Dylan Cease",18525,656302
"Andrew Morris","MIN",21.2,0.28061224,0.69897959,0.48979592,0.67272727,0.8540146,0.80208333,0.5,18.96928328,"Andrew Morris",31891,702193
"Reid Detmers","LAA",63,0.33024119,0.66795367,0.49574267,0.52808989,0.85260116,0.74236641,0.49006623,18.95069532,"Reid Detmers",27468,672282
"Victor Mederos","ATL",2,0.15384615,0.75,0.44,1,1,1,0.48,18.94736842,"Victor Mederos",31533,682989
"Matt Svanson","STL",25.2,0.23275862,0.69879518,0.47401247,0.68518519,0.87931034,0.83333333,0.51767152,18.94602273,"Matt Svanson",29629,694335
"Trey Yesavage","TOR",25.1,0.33039648,0.72361809,0.51408451,0.52,0.81944444,0.71689498,0.46713615,18.94357367,"Trey Yesavage",35456,702056
"Ryne Stanek","STL",21,0.284,0.71794872,0.4741573,0.49295775,0.76428571,0.67298578,0.43820225,18.94186047,"Ryne Stanek",15947,592773
"George Kirby","SEA",68.2,0.35741445,0.68762677,0.5171737,0.65425532,0.88495575,0.80265655,0.48380765,18.94165536,"George Kirby",25436,669923
"Connor Phillips","CIN",27.2,0.21,0.63157895,0.40036563,0.47619048,0.87179487,0.75799087,0.45155393,18.92961165,"Connor Phillips",27649,683175
"Sandy Alcantara","MIA",69.2,0.3203125,0.6770073,0.50471698,0.61585366,0.8787062,0.79813084,0.51698113,18.92782152,"Sandy Alcantara",18684,645261
"Nick Martinez","TBR",59.2,0.31449631,0.65277778,0.488677,0.6640625,0.91134752,0.83414634,0.51489869,18.92114094,"Nick Martinez",12730,607259
"Gavin Collyer","TEX",13.1,0.21875,0.53571429,0.36666667,0.60714286,0.86666667,0.78409091,0.46666667,18.90502793,"Gavin Collyer",26349,686560
"Spencer Miles","TOR",29,0.27522936,0.69868996,0.49217002,0.65,0.85,0.79545455,0.51230425,18.90490798,"Spencer Miles",31621,693686
"Brady Basso","ATH",2.2,0.25,0.76,0.53333333,0.4,1,0.875,0.55555556,18.90322581,"Brady Basso",25582,669620
"Hunter Barco","PIT",11.2,0.19047619,0.63207547,0.39224138,0.70833333,0.91044776,0.85714286,0.45689655,18.90116279,"Hunter Barco",33174,682995
"Dax Fulton","MIA",4,0.17142857,0.5862069,0.359375,0.5,0.82352941,0.73913043,0.453125,18.89361702,"Dax Fulton",27757,690978
"Zach Agnos","COL",34,0.37096774,0.69456067,0.51183971,0.54782609,0.90963855,0.76156584,0.43533698,18.88395062,"Zach Agnos",31552,688642
"Robert Garcia","TEX",8,0.18666667,0.61538462,0.40522876,0.5,0.79166667,0.72580645,0.50980392,18.88135593,"Robert Garcia",23363,676395
"Erik Sabrowski","CLE",21,0.29081633,0.66049383,0.45810056,0.42105263,0.77570093,0.65243902,0.45251397,18.88043478,"Erik Sabrowski",24978,681870
"Tanner Scott","LAD",21.2,0.44444444,0.68,0.56462585,0.546875,0.76470588,0.68072289,0.51020408,18.88018433,"Tanner Scott",17586,656945
"Jonathan Bowlan","PHI",16.1,0.33333333,0.66393443,0.48,0.64705882,0.72839506,0.6969697,0.44363636,18.87684729,"Jonathan Bowlan",24607,680742
"Will Klein","LAD",21.1,0.27329193,0.60674157,0.44837758,0.54545455,0.90740741,0.80263158,0.52507375,18.86956522,"Will Klein",27787,694361
"Ryan Weathers","NYY",57.1,0.30942623,0.60280374,0.44650655,0.57615894,0.86046512,0.75550122,0.46724891,18.86930984,"Ryan Weathers",23796,677960
"Keegan Thompson","COL",2.2,0.08,0.59259259,0.34615385,0.5,0.875,0.83333333,0.51923077,18.84615385,"Keegan Thompson",19795,624522
"Enmanuel De Jesus","DET",21.1,0.27083333,0.62,0.44897959,0.59615385,0.87903226,0.79545455,0.51020408,18.84429066,"Enmanuel De Jesus",18554,646241
"Rolddy Muñoz","ATL",2,0.2,0.66666667,0.42857143,0.6,0.6875,0.66666667,0.48979592,18.83783784,"Rolddy Munoz",27407,691548
"Calvin Faucher","MIA",20.2,0.27317073,0.54819277,0.39622642,0.57142857,0.87912088,0.76190476,0.44743935,18.83333333,"Calvin Faucher",20116,676534
"Colin Holderman","CLE",18.1,0.32,0.60162602,0.44688645,0.58333333,0.78378378,0.70491803,0.45054945,18.83168317,"Colin Holderman",22361,670059
"Zak Kent","- - -",9.1,0.30337079,0.69230769,0.48502994,0.51851852,0.90740741,0.77777778,0.46706587,18.82926829,"Zak Kent",25703,687849
"Andrew Kittredge","BAL",8.2,0.31818182,0.68831169,0.49090909,0.57142857,0.9245283,0.80246914,0.46666667,18.82352941,"Andrew Kittredge",12828,552640
"Simeon Woods Richardson","MIN",43,0.2244898,0.66757493,0.43873518,0.67045455,0.90204082,0.84084084,0.48353096,18.82129964,"Simeon Woods Richardson",24494,680573
"Emerson Hancock","SEA",58.2,0.26470588,0.76890756,0.52614379,0.61538462,0.83606557,0.7826087,0.51851852,18.81167883,"Emerson Hancock",27470,676106
"Zack Littell","WSN",46.1,0.24517906,0.71117166,0.47945205,0.78651685,0.91187739,0.88,0.50273973,18.79844961,"Zack Littell",15823,641793
"Jacob deGrom","TEX",53.2,0.35535308,0.71728972,0.53402537,0.42307692,0.81433225,0.6825054,0.49365629,18.79352851,"Jacob deGrom",10954,594798
"Zac Gallen","ARI",54.1,0.32713755,0.63797468,0.45873526,0.65340909,0.92063492,0.81074766,0.42336549,18.78985507,"Zac Gallen",19291,668678
"Carmen Mlodzinski","PIT",50,0.27570093,0.60283688,0.43830787,0.65254237,0.89803922,0.82037534,0.49706228,18.78706625,"Carmen Mlodzinski",27572,669387
"Jack Anderson","BOS",8,0.35384615,0.72881356,0.53225806,0.65217391,0.90697674,0.81818182,0.47580645,18.78494624,"Jack Anderson",30086,681252
"Bryan Baker","TBR",21.1,0.36702128,0.6626506,0.50564972,0.5942029,0.71818182,0.67039106,0.46892655,18.78490566,"Bryan Baker",19804,641329
"Paul Skenes","PIT",60,0.34072581,0.71167048,0.51446945,0.68047337,0.82958199,0.77708333,0.46838156,18.78223496,"Paul Skenes",33677,694973
"Michael Lorenzen","COL",53.2,0.25948104,0.65072765,0.45112016,0.62307692,0.88498403,0.80812641,0.4898167,18.76890756,"Michael Lorenzen",14843,547179
"Lucas Erceg","KCR",20.1,0.26368159,0.73652695,0.47826087,0.69811321,0.86178862,0.8125,0.45380435,18.76363636,"Lucas Erceg",19360,668674
"Lazaro Estrada","TOR",4,0.38235294,0.625,0.5,0.84615385,0.7,0.75757576,0.48484848,18.75471698,"Lazaro Estrada",24914,681751
"Lance McCullers Jr.","HOU",39.1,0.27272727,0.59807074,0.41810345,0.53333333,0.90322581,0.76975945,0.44683908,18.74759152,"Lance McCullers Jr.",14120,621121
"Trevor Richards","- - -",12,0.3271028,0.67961165,0.5,0.65714286,0.9,0.81904762,0.49047619,18.74358974,"Trevor Richards",19309,670950
"Ryan Zeferjahn","LAA",24.1,0.23228346,0.62311558,0.40397351,0.55932203,0.81451613,0.73224044,0.4392936,18.74193548,"Ryan Zeferjahn",25420,666171
"Grant Holmes","ATL",52.1,0.33551198,0.66124661,0.48067633,0.46753247,0.8852459,0.72361809,0.44565217,18.73675497,"Grant Holmes",16944,656550
"Spencer Strider","ATL",21,0.29441624,0.65454545,0.45856354,0.44827586,0.82407407,0.69277108,0.4558011,18.73646209,"Spencer Strider",27498,675911
"Joey Cantillo","CLE",56,0.2854251,0.63063063,0.44882729,0.5248227,0.82142857,0.72209026,0.47334755,18.73142857,"Joey Cantillo",23335,676282
"Chris Devenski","PIT",2.1,0.42105263,0.57894737,0.5,0.625,0.90909091,0.78947368,0.5,18.73076923,"Chris Devenski",12763,606965
"Wandy Peralta","SDP",24.1,0.32599119,0.78285714,0.52487562,0.60810811,0.86131387,0.77251185,0.43532338,18.72727273,"Wandy Peralta",14295,593974
"Griffin Jax","TBR",28,0.31854839,0.64646465,0.46412556,0.55696203,0.8359375,0.7294686,0.44394619,18.72507553,"Griffin Jax",20253,643377
"Brandon Sproat","MIL",44.2,0.24873096,0.62886598,0.43734015,0.6122449,0.82786885,0.76608187,0.49616368,18.7233677,"Brandon Sproat",33850,687075
"Jose Franco","CIN",16.2,0.2392638,0.71014493,0.4551495,0.61538462,0.87755102,0.80291971,0.45847176,18.72272727,"Jose Franco",27014,683742
"Cody Laweryson","MIN",6.1,0.2173913,0.6122449,0.42105263,0.7,0.93333333,0.875,0.51578947,18.71641791,"Cody Laweryson",26429,689520
"Hunter Harvey","CHC",4,0.26470588,0.61904762,0.46052632,0.66666667,0.92307692,0.85714286,0.55263158,18.70175439,"Hunter Harvey",15507,640451
"Drew Rasmussen","TBR",55,0.31111111,0.65853659,0.47674419,0.58571429,0.88518519,0.78292683,0.47674419,18.70172684,"Drew Rasmussen",25385,656876
"Victor Vodnik","COL",18,0.2642487,0.68531469,0.44345238,0.54901961,0.84693878,0.74496644,0.42559524,18.69795918,"Victor Vodnik",24614,680767
"Erik Miller","SFG",14.1,0.21505376,0.55645161,0.3516129,0.375,0.85507246,0.67889908,0.4,18.68979592,"Erik Miller",26252,669062
"Joel Peguero","SFG",9,0.36842105,0.77419355,0.57983193,0.71428571,0.85416667,0.8115942,0.5210084,18.68674699,"Joel Peguero",21951,666711
"Michael Soroka","ARI",55,0.33909287,0.6719457,0.50165746,0.57961783,0.90909091,0.79515419,0.48839779,18.68609865,"Michael Soroka",18383,647336
"Tim Mayza","PHI",25.1,0.2617801,0.61734694,0.44186047,0.58,0.84297521,0.76608187,0.50645995,18.68181818,"Tim Mayza",15042,641835
"Cole Henry","WSN",7,0.25,0.71666667,0.45,0.7,0.81395349,0.77777778,0.42857143,18.67307692,"Cole Henry",27570,669371
"Kyle Nicolas","CIN",7.1,0.17213115,0.5,0.2979798,0.61904762,0.94736842,0.83050847,0.38383838,18.66451613,"Kyle Nicolas",27775,693312
"Cole Sands","MIN",11.2,0.27659574,0.67816092,0.46961326,0.69230769,0.79661017,0.76470588,0.48066298,18.66412214,"Cole Sands",21461,663485
"Justin Sterner","ATH",24.2,0.35909091,0.70618557,0.52173913,0.55696203,0.80291971,0.71296296,0.46859903,18.66237942,"Justin Sterner",27694,686993
"Luke Little","CHC",1,0.28571429,0.66666667,0.52631579,0.5,0.75,0.7,0.63157895,18.64285714,"Luke Little",28036,681432
"Chase Petty","CIN",10.2,0.28985507,0.75,0.51824818,0.8,0.88235294,0.85915493,0.49635036,18.64130435,"Chase Petty",30170,695534
"Shaun Anderson","LAA",16.2,0.26490066,0.63909774,0.44014085,0.6,0.83529412,0.76,0.46830986,18.63809524,"Shaun Anderson",19453,641312
"John King","MIA",21.1,0.31506849,0.54135338,0.42293907,0.65217391,0.88888889,0.79661017,0.47670251,18.6281407,"John King",22051,667463
"Nate Pearson","HOU",2,0.26315789,0.75,0.4516129,0.8,1,0.92857143,0.38709677,18.625,"Nate Pearson",20160,663878
"Austin Voth","TOR",2.2,0.09677419,0.83333333,0.36734694,0.33333333,1,0.88888889,0.36734694,18.62162162,"Austin Voth",15047,608723
"David Peterson","NYM",48.1,0.31578947,0.63636364,0.46125,0.58695652,0.9004329,0.78319783,0.45375,18.61780105,"David Peterson",20302,656849
"José Buttó","SFG",2,0.25,0.57894737,0.34920635,0.36363636,0.81818182,0.59090909,0.3015873,18.61702128,"Jose Butto",23313,676130
"Tejay Antone","CIN",7.1,0.38333333,0.45833333,0.41666667,0.65217391,0.95454545,0.8,0.44444444,18.61538462,"Tejay Antone",16233,622088
"Jack Flaherty","DET",47,0.25626204,0.63908046,0.43081761,0.62406015,0.85611511,0.7810219,0.45597484,18.60911602,"Jack Flaherty",17479,656427
"Michael King","SDP",62,0.28252788,0.6350211,0.44762846,0.57894737,0.82392027,0.74172185,0.46837945,18.60290237,"Michael King",19853,650633
"Tyler Davis","CHW",14.2,0.33653846,0.6039604,0.46829268,0.6,0.8852459,0.78125,0.49268293,18.59602649,"Tyler Davis",34847,699823
"Kevin Kelly","TBR",24.2,0.33522727,0.61538462,0.47246377,0.66101695,0.93269231,0.83435583,0.48985507,18.58203125,"Kevin Kelly",25679,687330
"Gabe Speier","SEA",12.1,0.34951456,0.70909091,0.53521127,0.58333333,0.87179487,0.78070175,0.51643192,18.57961783,"Gabe Speier",17170,642100
"Lucas Giolito","SDP",10,0.17045455,0.64473684,0.3902439,0.66666667,0.85714286,0.8125,0.46341463,18.57723577,"Lucas Giolito",15474,608337
"Tobias Myers","NYM",30.1,0.27,0.74208145,0.51781473,0.64814815,0.88414634,0.82568807,0.52494062,18.57142857,"Tobias Myers",22191,668964
"Corbin Martin","CHC",5,0.31818182,0.71111111,0.47747748,0.38095238,0.84375,0.66037736,0.40540541,18.56470588,"Corbin Martin",19884,656686
"Jonah Tong","NYM",3,0.35294118,0.72727273,0.5,0.5,0.75,0.64285714,0.39285714,18.55555556,"Jonah Tong",32157,804636
"Gavin Williams","CLE",69.1,0.34923664,0.63708087,0.49078565,0.50273224,0.83591331,0.71541502,0.49175558,18.55136541,"Gavin Williams",30122,668909
"Trevor Martin","TBR",4.1,0.22857143,0.66666667,0.45070423,0.25,0.91666667,0.75,0.50704225,18.54,"Trevor Martin",31878,694680
"Brent Headrick","NYY",26,0.33009709,0.6969697,0.50990099,0.44117647,0.84057971,0.70873786,0.49009901,18.53767123,"Brent Headrick",27702,687396
"Ty Madden","DET",11.1,0.33653846,0.63380282,0.45714286,0.62857143,0.84444444,0.75,0.40571429,18.51515152,"Ty Madden",30140,680744
"Riley Martin","CHC",8.1,0.19565217,0.65333333,0.47933884,0.44444444,0.87755102,0.81034483,0.61983471,18.51136364,"Riley Martin",29934,702303
"John Schreiber","KCR",20.1,0.27624309,0.60714286,0.43553009,0.7,0.88235294,0.82236842,0.48137536,18.5095057,"John Schreiber",20020,670167
"Andrés Muñoz","SEA",19.2,0.39108911,0.61481481,0.48071217,0.36708861,0.78313253,0.58024691,0.40059347,18.49800797,"Andres Munoz",20373,662253
"Eduard Bazardo","SEA",23.1,0.30687831,0.56930693,0.44245524,0.5862069,0.86956522,0.77456647,0.51662404,18.49310345,"Eduard Bazardo",20997,660825
"Hunter Bigge","TBR",17.2,0.2875,0.66386555,0.44802867,0.5,0.89873418,0.752,0.4265233,18.49268293,"Hunter Bigge",26259,685801
"Ryan Walker","SFG",15.1,0.24183007,0.54929577,0.38983051,0.72972973,0.91025641,0.85217391,0.48135593,18.48878924,"Ryan Walker",20423,676254
"Lake Bachar","MIA",25.1,0.32034632,0.69714286,0.48275862,0.52702703,0.78688525,0.68877551,0.43103448,18.4852459,"Lake Bachar",19222,669199
"Domingo Gonzalez","SEA",5.2,0.225,0.76,0.52222222,0.55555556,0.86842105,0.80851064,0.55555556,18.48484848,"Domingo Gonzalez",25241,682445
"Grayson Rodriguez","LAA",9.1,0.19480519,0.5959596,0.42045455,0.46666667,0.91525424,0.82432432,0.5625,18.48461538,"Grayson Rodriguez",24492,680570
"Foster Griffin","WSN",62,0.29069767,0.62698413,0.45686275,0.61333333,0.87341772,0.78969957,0.49411765,18.47700394,"Foster Griffin",16432,656492
"Tyler Glasnow","LAD",39.2,0.29652997,0.57801418,0.42904841,0.41489362,0.88957055,0.71595331,0.47078464,18.47228381,"Tyler Glasnow",14374,607192
"Cody Ponce","TOR",2.1,0.5,1,0.61702128,0.33333333,0.72727273,0.48275862,0.23404255,18.45945946,"Cody Ponce",17920,664074
"Kyle Backhus","PHI",9.2,0.31578947,0.56470588,0.44720497,0.58333333,0.97916667,0.84722222,0.52795031,18.45833333,"Kyle Backhus",29615,679775
"Eduardo Rivera","BOS",3.1,0.33333333,0.6,0.46341463,0.57142857,0.66666667,0.63157895,0.48780488,18.4516129,"Eduardo Rivera",31280,700842
"Jake Irvin","WSN",51.2,0.25,0.66457023,0.45837724,0.55932203,0.84858044,0.77011494,0.50263435,18.45111732,"Jake Irvin",21504,663623
"Andrew Painter","PHI",50,0.33632287,0.63917526,0.47721823,0.66666667,0.89112903,0.80653266,0.46522782,18.44861338,"Andrew Painter",30091,691725
"Brandon Eisert","CHW",7,0.27956989,0.63492063,0.42307692,0.69230769,0.775,0.74242424,0.40384615,18.44628099,"Brandon Eisert",27668,685126
"Blade Tidwell","SFG",12,0.30208333,0.6744186,0.47802198,0.44827586,0.86206897,0.72413793,0.47252747,18.44029851,"Blade Tidwell",31701,694918
"Angel Zerpa","MIL",12.2,0.20792079,0.6,0.41666667,0.76190476,0.88405797,0.85555556,0.53240741,18.43670886,"Angel Zerpa",22717,672582
"Chris Murphy","CHW",6,0.23636364,0.7037037,0.46788991,0.53846154,0.86842105,0.78431373,0.49541284,18.42857143,"Chris Murphy",26214,669684
"Graham Ashcraft","CIN",26,0.32635983,0.5959596,0.44851259,0.44871795,0.86440678,0.69897959,0.45308924,18.42727273,"Graham Ashcraft",27552,668933
"Christian Roa","HOU",8.2,0.19354839,0.72941176,0.4494382,0.5,0.90322581,0.8125,0.47752809,18.42537313,"Christian Roa",27662,685005
"Albert Suárez","BAL",19.2,0.23668639,0.72519084,0.45,0.675,0.85263158,0.8,0.43666667,18.42201835,"Albert Suarez",6175,544150
"Jose A. Ferrer","SEA",24,0.34682081,0.71,0.54155496,0.66666667,0.81690141,0.77227723,0.53619303,18.4141791,"Jose A. Ferrer",24017,678606
"Tyler Holton","DET",24.1,0.2629108,0.65803109,0.45073892,0.64285714,0.84251969,0.78142077,0.47536946,18.40939597,"Tyler Holton",26231,663947
"Ryan Fernandez","STL",7.2,0.35384615,0.7,0.50434783,0.47826087,0.74285714,0.63793103,0.43478261,18.40243902,"Ryan Fernandez",24862,681676
"Tyler Samaniego","BOS",17.1,0.24031008,0.58139535,0.41085271,0.70967742,0.88,0.83018868,0.5,18.39784946,"Tyler Samaniego",30081,701719
"Luis Morales","ATH",9.1,0.2519084,0.64197531,0.4009434,0.75757576,0.94230769,0.87058824,0.38207547,18.39490446,"Luis Morales",32227,806960
"Andrew Abbott","CIN",56.2,0.26719057,0.65376344,0.45174538,0.59558824,0.90460526,0.80909091,0.47741273,18.39118457,"Andrew Abbott",29911,671096
"Robert Suarez","ATL",22.1,0.39303483,0.71034483,0.52601156,0.62025316,0.85436893,0.75274725,0.41907514,18.38521401,"Robert Suarez",30115,663158
"Jack Kochanowicz","LAA",57.1,0.25363825,0.66887417,0.45503212,0.63934426,0.83168317,0.77647059,0.48501071,18.38179148,"Jack Kochanowicz",27688,686799
"Steven Cruz","KCR",10.1,0.2293578,0.70652174,0.44776119,0.4,0.8,0.68888889,0.45771144,18.38157895,"Steven Cruz",23165,674444
"Reynaldo López","ATL",32.1,0.25684932,0.65019011,0.44324324,0.64,0.88888889,0.81300813,0.47387387,18.37831325,"Reynaldo Lopez",16400,625643
"Cody Bolton","HOU",20,0.22772277,0.61827957,0.41494845,0.67391304,0.90434783,0.83850932,0.47938144,18.37671233,"Cody Bolton",23265,675989
"Zach Eflin","BAL",3.2,0.25581395,0.76666667,0.46575342,0.36363636,0.7826087,0.64705882,0.4109589,18.375,"Zach Eflin",13774,621107
"Ryan Weiss","HOU",26,0.28911565,0.63559322,0.44339623,0.56470588,0.9,0.7787234,0.44528302,18.36363636,"Ryan Weiss",24621,680802
"Mitch Keller","PIT",64.1,0.30161943,0.65744681,0.47510373,0.65100671,0.88349515,0.80786026,0.48755187,18.359375,"Mitch Keller",17594,656605
"John Klein","MIN",2.1,0.48,0.66666667,0.55813953,0.91666667,0.91666667,0.91666667,0.41860465,18.35294118,"John Klein",32155,804619
"Mike Burrows","HOU",56.1,0.31762295,0.6766055,0.48701299,0.60645161,0.85423729,0.76888889,0.47186147,18.34569733,"Mike Burrows",24728,681347
"José Soriano","LAA",66.1,0.31903945,0.64239829,0.46285714,0.46774194,0.85,0.7037037,0.4447619,18.33376123,"Jose Soriano",22100,667755
"Matthew Liberatore","STL",51.2,0.27610209,0.67726161,0.47142857,0.57142857,0.88808664,0.79292929,0.48690476,18.32295082,"Matthew Liberatore",22294,669461
"Jake Bennett","BOS",10.1,0.31395349,0.70588235,0.50877193,0.77777778,0.85,0.82758621,0.49707602,18.3203125,"Jake Bennett",31959,687562
"Eduardo Rodriguez","ARI",60.1,0.27329193,0.63636364,0.45079365,0.71969697,0.89455782,0.84037559,0.48888889,18.31948424,"Eduardo Rodriguez",13164,593958
"Jared Koenig","MIL",2.1,0.2173913,0.47826087,0.34782609,0.2,0.90909091,0.6875,0.5,18.31428571,"Jared Koenig",27517,657649
"Shohei Ohtani","LAD",49,0.31496063,0.64705882,0.4794702,0.5,0.81404959,0.70994475,0.49536424,18.30659537,"Shohei Ohtani",19755,660271
"JR Ritchie","ATL",25.2,0.2745098,0.64948454,0.43652561,0.62857143,0.9047619,0.80612245,0.43207127,18.3033033,"JR Ritchie",31760,702275
"Andrew Alvarez","WSN",12.2,0.32653061,0.61627907,0.46195652,0.34375,0.9245283,0.70588235,0.4673913,18.29545455,"Andrew Alvarez",29914,674841
"Shawn Armstrong","CLE",12.1,0.18965517,0.62711864,0.41025641,0.72727273,0.78378378,0.77083333,0.5042735,18.29050279,"Shawn Armstrong",12857,542888
"Mason Montgomery","PIT",20.2,0.35757576,0.71341463,0.53495441,0.40677966,0.78632479,0.65909091,0.49848024,18.29045643,"Mason Montgomery",29770,682254
"Brandyn Garcia","ARI",7.2,0.19047619,0.56140351,0.4040404,0.5,0.8125,0.75,0.57575758,18.28985507,"Brandyn Garcia",33568,805299
"Ryan Borucki","SFG",19.2,0.33136095,0.69387755,0.5,0.58928571,0.78431373,0.71518987,0.46518987,18.28755365,"Ryan Borucki",16350,621366
"Joe Boyle","TBR",15.2,0.2761194,0.64341085,0.45627376,0.62162162,0.81927711,0.75833333,0.4904943,18.28497409,"Joe Boyle",29608,671212
"Logan Webb","SFG",48,0.34760705,0.64371257,0.48290014,0.69565217,0.88372093,0.8101983,0.45690834,18.28046422,"Logan Webb",17995,657277
"Grant Taylor","CHW",25.2,0.33039648,0.62931034,0.48148148,0.57333333,0.82876712,0.74208145,0.50544662,18.26857143,"Grant Taylor",33927,691799
"Lucas Sims","CHW",10,0.27368421,0.61842105,0.42690058,0.69230769,0.85106383,0.79452055,0.44444444,18.24193548,"Lucas Sims",13470,608371
"Charlie Barnes","- - -",5,0.17391304,0.6097561,0.37931034,0.625,0.96,0.87878788,0.47126437,18.24193548,"Charlie Barnes",19865,656212
"Brandon Williamson","CIN",28,0.24210526,0.65236052,0.42664093,0.68115942,0.80921053,0.76923077,0.44980695,18.24164524,"Brandon Williamson",25463,682227
"Jalen Beeks","TEX",21,0.25974026,0.61176471,0.44444444,0.525,0.89423077,0.79166667,0.52469136,18.24050633,"Jalen Beeks",17192,656222
"DL Hall","MIL",24.2,0.23140496,0.58247423,0.38761468,0.60714286,0.80530973,0.73964497,0.44495413,18.23404255,"DL Hall",22207,669084
"Paul Sewald","ARI",19.1,0.31818182,0.69230769,0.52083333,0.5952381,0.83333333,0.76666667,0.54166667,18.22897196,"Paul Sewald",13892,623149
"Matthew Boyd","CHC",24,0.37656904,0.66492147,0.50465116,0.63333333,0.77952756,0.71889401,0.44418605,18.22560976,"Matthew Boyd",15440,571510
"Patrick Corbin","TOR",44.1,0.31234257,0.71803279,0.48860399,0.66935484,0.90410959,0.81924198,0.43447293,18.21850394,"Patrick Corbin",9323,571578
"Osvaldo Bido","- - -",18.2,0.31521739,0.65413534,0.45741325,0.62068966,0.88505747,0.77931034,0.41955836,18.21030043,"Osvaldo Bido",23150,674370
"Evan Sisk","PIT",22.1,0.23232323,0.64367816,0.42473118,0.60869565,0.8125,0.75316456,0.46774194,18.19858156,"Evan Sisk",24995,681895
"Brock Burke","CIN",24,0.25821596,0.62162162,0.42713568,0.56363636,0.8173913,0.73529412,0.46482412,18.19520548,"Brock Burke",17968,656271
"Franco Aleman","CLE",2.2,0.2962963,0.72,0.5,0.625,0.88888889,0.80769231,0.48076923,18.19512195,"Franco Aleman",30195,680916
"Noah Schultz","CHW",38.2,0.23893805,0.58466454,0.40490798,0.61728395,0.87978142,0.79924242,0.48006135,18.19461698,"Noah Schultz",32056,702273
"Martín Pérez","ATL",46.2,0.28759894,0.62941176,0.44923505,0.69724771,0.85981308,0.80495356,0.472879,18.19324578,"Martin Perez",6902,527048
"Freddy Peralta","NYM",61.1,0.29289428,0.67377399,0.46367113,0.59763314,0.83860759,0.75463918,0.44837476,18.18943299,"Freddy Peralta",18679,642547
"Gerrit Cole","NYY",6,0.22580645,0.58536585,0.43055556,0.71428571,0.91666667,0.87096774,0.56944444,18.18,"Gerrit Cole",13125,543037
"Elmer Rodríguez","NYY",13,0.20769231,0.61111111,0.3907563,0.44444444,0.87878788,0.75268817,0.45378151,18.17919075,"Elmer Rodriguez",31811,695684
"Sam Bachman","LAA",26,0.30046948,0.59428571,0.43298969,0.4375,0.80769231,0.66666667,0.45103093,18.17857143,"Sam Bachman",29754,696147
"Colton Gordon","HOU",9.1,0.3245614,0.69318182,0.48514851,0.67567568,0.93442623,0.83673469,0.43564356,18.17763158,"Colton Gordon",31312,676467
"Tyler Ferguson","ATH",1.1,0.5,0.5,0.5,0.66666667,0.85714286,0.76923077,0.53846154,18.16666667,"Tyler Ferguson",19481,621053
"Merrill Kelly","ARI",41,0.31853786,0.66548043,0.46536145,0.62295082,0.84491979,0.75728155,0.42319277,18.15352697,"Merrill Kelly",11156,518876
"Bryan King","HOU",23.1,0.31313131,0.66183575,0.49135802,0.70967742,0.89781022,0.83919598,0.51111111,18.1320132,"Bryan King",25890,687911
"Trevor Rogers","BAL",42.2,0.32387707,0.68681319,0.49174079,0.62043796,0.872,0.78294574,0.46251588,18.12372881,"Trevor Rogers",22286,669432
"Nick Sandlin","LAA",8.2,0.19101124,0.64705882,0.38853503,0.58823529,0.79545455,0.73770492,0.43312102,18.12068966,"Nick Sandlin",20517,680704
"Tanner Banks","PHI",19.2,0.35148515,0.69662921,0.51315789,0.66197183,0.83870968,0.77435897,0.46842105,18.10320285,"Tanner Banks",16990,621383
"Tyler Mahle","SFG",51.2,0.27623126,0.6076555,0.43276836,0.65891473,0.88188976,0.80678851,0.47231638,18.09188361,"Tyler Mahle",16358,641816
"Luinder Avila","KCR",18.1,0.25888325,0.62264151,0.42134831,0.54901961,0.84848485,0.74666667,0.44662921,18.08791209,"Luinder Avila",24452,679883
"Philip Abner","ARI",2.1,0.11764706,0.52941176,0.32352941,1,0.88888889,0.90909091,0.5,18.07692308,"Philip Abner",33821,691769
"Gregory Santos","SFG",5,0.14285714,0.62745098,0.43023256,0.8,1,0.97297297,0.59302326,18.04761905,"Gregory Santos",21894,666619
"Adam Macko","TOR",3.1,0.40540541,0.5,0.44067797,0.73333333,0.81818182,0.76923077,0.37288136,18.04347826,"Adam Macko",25590,671936
"Colin Rea","CHC",54,0.32056452,0.64663462,0.46929825,0.64150943,0.89962825,0.80373832,0.45614035,18.04154303,"Colin Rea",12317,607067
"Randy Vásquez","SDP",54.2,0.30444444,0.69483568,0.49429224,0.59124088,0.875,0.7852194,0.48630137,18.0154321,"Randy Vasquez",24719,681190
"Jacob Webb","CHC",21.2,0.34358974,0.6974359,0.52051282,0.64179104,0.72058824,0.69458128,0.5,18.00680272,"Jacob Webb",19274,657097
"Tarik Skubal","DET",43.1,0.35109718,0.6742671,0.50958466,0.52678571,0.84057971,0.73040752,0.49041534,18.00652174,"Tarik Skubal",22267,669373
"JT Brubaker","SFG",24.1,0.31967213,0.62359551,0.4478673,0.62820513,0.89189189,0.78306878,0.42180095,17.98417722,"JT Brubaker",17578,664141
"Javier Assad","CHC",26,0.21393035,0.65898618,0.44497608,0.65116279,0.93706294,0.87096774,0.51913876,17.98376623,"Javier Assad",21741,665871
"Jameson Taillon","CHC",55.1,0.30371901,0.63302752,0.45978261,0.57823129,0.85869565,0.76122931,0.47391304,17.97518248,"Jameson Taillon",11674,592791
"Tyler Rogers","TOR",23.1,0.24305556,0.67777778,0.4845679,0.68571429,0.92622951,0.87261146,0.55555556,17.96086957,"Tyler Rogers",15541,643511
"Connor Prielipp","MIN",29,0.30508475,0.63274336,0.44721689,0.62222222,0.88811189,0.78540773,0.43378119,17.95728643,"Connor Prielipp",31857,687570
"Garrett Acton","MIN",6.2,0.22413793,0.61403509,0.4173913,0.30769231,0.82857143,0.6875,0.49565217,17.95454545,"Garrett Acton",27583,670183
"Walker Buehler","SDP",46.1,0.2744186,0.60512821,0.43170732,0.69491525,0.88983051,0.82485876,0.47560976,17.95121951,"Walker Buehler",19374,621111
"Bailey Ober","MIN",62,0.2851153,0.67030568,0.47379679,0.69852941,0.85016287,0.80361174,0.48983957,17.93481481,"Bailey Ober",21224,641927
"Carlos Carrasco","ATL",3.1,0.38095238,0.7,0.53658537,0.625,1,0.86363636,0.48780488,17.93103448,"Carlos Carrasco",6632,471911
"Matt Brash","SEA",13.1,0.33636364,0.50617284,0.40837696,0.54054054,0.85365854,0.70512821,0.42408377,17.92361111,"Matt Brash",25756,666374
"Paul Gervase","LAD",5,0.33333333,0.625,0.46478873,0.76923077,0.7,0.72727273,0.45070423,17.91836735,"Paul Gervase",31571,801434
"Carlos Estévez","KCR",0.1,0.0625,0.72727273,0.33333333,1,0.875,0.88888889,0.40740741,17.89473684,"Carlos Estevez",14542,608032
"Davis Martin","CHW",61.2,0.35344828,0.64847162,0.5,0.53658537,0.85521886,0.74186551,0.4967462,17.89465875,"Davis Martin",21448,663436
"Cole Wilcox","SEA",13.1,0.32867133,0.65354331,0.48148148,0.55319149,0.85542169,0.74615385,0.47037037,17.87939698,"Cole Wilcox",27481,677961
"Cole Sulser","TBR",22,0.3255814,0.67080745,0.47340426,0.68571429,0.87037037,0.79775281,0.42819149,17.87588652,"Cole Sulser",15256,642121
"Stephen Kolek","KCR",26,0.26519337,0.66129032,0.46594005,0.70833333,0.89430894,0.84210526,0.50681199,17.87265918,"Stephen Kolek",21487,663568
"Dylan Lee","ATL",24.1,0.3583815,0.73888889,0.55240793,0.33870968,0.7593985,0.62564103,0.50991501,17.86037736,"Dylan Lee",19996,669276
"Luis Severino","ATH",61.2,0.31777379,0.65019763,0.47601129,0.67231638,0.87234043,0.80237154,0.47601129,17.84296482,"Luis Severino",15890,622663
"Chase Shugart","PHI",17.2,0.27702703,0.55371901,0.40148699,0.73170732,0.86567164,0.81481481,0.44981413,17.82089552,"Chase Shugart",21544,663767
"Sammy Peralta","COL",0.2,0,0.45454545,0.2173913,,1,1,0.47826087,17.8125,"Sammy Peralta",25589,671111
"Tyler Gilbert","CHW",2.2,0.18518519,0.63333333,0.42105263,0.6,0.94736842,0.875,0.52631579,17.80952381,"Tyler Gilbert",17964,656457
"Matt Festa","CLE",22.1,0.30726257,0.6374269,0.46857143,0.6,0.83486239,0.75609756,0.48857143,17.79919679,"Matt Festa",19330,670036
"Trent Thornton","CHC",8.2,0.18181818,0.6557377,0.40944882,0.58333333,0.9,0.82692308,0.48031496,17.79569892,"Trent Thornton",17948,663423
"Edward Cabrera","CHC",54,0.33133733,0.67204301,0.47651775,0.54216867,0.888,0.75,0.42611684,17.77691108,"Edward Cabrera",21690,665795
"Sam Hentges","SFG",5.2,0.16666667,0.61904762,0.36458333,0.44444444,0.88461538,0.77142857,0.4375,17.75,"Sam Hentges",18548,656529
"Cole Ragans","KCR",35.1,0.27887324,0.67253521,0.45383412,0.53535354,0.81151832,0.71724138,0.44444444,17.74166667,"Cole Ragans",21846,666142
"Brooks Raley","NYM",20,0.28846154,0.62658228,0.45859873,0.51111111,0.84848485,0.74305556,0.50318471,17.72294372,"Brooks Raley",10061,548384
"Zach Thornton","NYM",4.1,0.26315789,0.69047619,0.4875,0.5,0.96551724,0.84615385,0.525,17.70491803,"Zach Thornton",33891,804267
"Will Vest","DET",14.2,0.33103448,0.60305344,0.46014493,0.54166667,0.86075949,0.74015748,0.47463768,17.7,"Will Vest",19769,676684
"Gavin Hollowell","CHC",1.2,0.04,0.54166667,0.28571429,0,0.92307692,0.85714286,0.48979592,17.68421053,"Gavin Hollowell",25427,668970
"Shane Drohan","MIL",25.1,0.36945813,0.64824121,0.50746269,0.58666667,0.84496124,0.75,0.49502488,17.66779661,"Shane Drohan",27814,675660
"Garrett Crochet","BOS",30,0.30141844,0.70762712,0.48648649,0.56470588,0.8742515,0.76984127,0.45559846,17.66490765,"Garrett Crochet",27463,676979
"Connor Brogdon","CLE",15.1,0.27891156,0.75,0.4906367,0.63414634,0.82222222,0.76335878,0.4494382,17.66,"Connor Brogdon",21205,641401
"Brendan Beck","NYY",3,0.16666667,0.54545455,0.32692308,0.8,0.83333333,0.82352941,0.42307692,17.64102564,"Brendan Beck",33043,694341
"Kolby Allard","CLE",8.2,0.3452381,0.67741935,0.51977401,0.79310345,0.9047619,0.86956522,0.52542373,17.60606061,"Kolby Allard",18694,663465
"Hunter Dobbins","STL",4.1,0.2173913,0.57575758,0.36708861,0.5,0.78947368,0.68965517,0.41772152,17.59322034,"Hunter Dobbins",30240,690928
"Tanner Gordon","COL",27.1,0.29126214,0.71861472,0.51716247,0.58333333,0.84939759,0.77876106,0.52860412,17.59305994,"Tanner Gordon",27669,685299
"Ian Seymour","TBR",26,0.37558685,0.63451777,0.5,0.5875,0.816,0.72682927,0.4804878,17.57284768,"Ian Seymour",27932,693855
"Adrian Houser","SFG",52.2,0.26036866,0.67919799,0.46098439,0.68141593,0.900369,0.8359375,0.4789916,17.56113903,"Adrian Houser",12718,605288
"Hogan Harris","ATH",24.1,0.21513944,0.64888889,0.42016807,0.66666667,0.80821918,0.77,0.47268908,17.53072626,"Hogan Harris",21520,663687
"Burch Smith","DET",17,0.26206897,0.66197183,0.45993031,0.65789474,0.85106383,0.79545455,0.49477352,17.52358491,"Burch Smith",12784,572143
"Chase Burns","CIN",59,0.33064516,0.69306931,0.49333333,0.51829268,0.78214286,0.68468468,0.44888889,17.48802395,"Chase Burns",35333,695505
"Didier Fuentes","ATL",19.2,0.25,0.71348315,0.49408284,0.525,0.78740157,0.7245509,0.52662722,17.46484375,"Didier Fuentes",30661,800311
"Daniel Lynch IV","KCR",21.2,0.32417582,0.62732919,0.4664723,0.47457627,0.76237624,0.65625,0.46938776,17.46456693,"Daniel Lynch IV",21537,663738
"Blas Castaño","COL",8,0.26470588,0.66666667,0.45801527,0.38888889,0.85714286,0.71666667,0.48091603,17.46315789,"Blas Castano",26117,680604
"Julian Fernández","WSN",4,0.2195122,0.66666667,0.4084507,0.44444444,0.85,0.72413793,0.42253521,17.45283019,"Julian Fernandez",18341,642759
"Huascar Brazobán","NYM",26,0.31979695,0.69680851,0.5038961,0.55555556,0.83206107,0.74226804,0.48831169,17.44642857,"Huascar Brazoban",6107,623211
"Cooper Criswell","SEA",22.1,0.36979167,0.61486486,0.47647059,0.70422535,0.87912088,0.80246914,0.43529412,17.44444444,"Cooper Criswell",24975,681867
"Cameron Foster","BAL",9,0.26530612,0.65934066,0.45502646,0.57692308,0.81666667,0.74418605,0.48148148,17.43165468,"Cameron Foster",31942,671382
"Peyton Pallette","CLE",20.2,0.21518987,0.60487805,0.3959276,0.52941176,0.83064516,0.74285714,0.4638009,17.42397661,"Peyton Pallette",31865,688883
"Edwin Díaz","LAD",6,0.33333333,0.57894737,0.43939394,0.6,0.93939394,0.79310345,0.43181818,17.39175258,"Edwin Diaz",14710,621242
"Ricky Vanasco","DET",4.1,0.27692308,0.60344828,0.43089431,0.72222222,0.97142857,0.88679245,0.47154472,17.38297872,"Ricky Vanasco",23391,676568
"Eric Cerantola","KCR",3,0.23913043,0.52941176,0.31746032,0.27272727,0.88888889,0.55,0.26984127,17.375,"Eric Cerantola",30128,672021
"Casey Legumina","- - -",19.2,0.28834356,0.69127517,0.48076923,0.68085106,0.88349515,0.82,0.4775641,17.31304348,"Casey Legumina",25921,668984
"Orion Kerkering","PHI",18.1,0.32121212,0.58823529,0.44968553,0.66037736,0.87777778,0.7972028,0.48113208,17.28870293,"Orion Kerkering",31776,689147
"Ranger Suarez","BOS",48.2,0.31707317,0.61370717,0.44733242,0.65384615,0.88832487,0.79510703,0.43912449,17.283859,"Ranger Suarez",17277,624133
"Garrett Whitlock","BOS",19.2,0.37423313,0.69871795,0.53291536,0.42622951,0.88990826,0.72352941,0.48902821,17.27848101,"Garrett Whitlock",20191,676477
"Casey Mize","DET",43.2,0.31097561,0.65273312,0.47730829,0.57843137,0.8226601,0.74098361,0.48669797,17.2737069,"Casey Mize",20492,663554
"Jose Espada","BAL",1,0.4,0.6,0.46666667,0.75,1,0.85714286,0.33333333,17.27272727,"Jose Espada",21131,664744
"Anthony Molina","ATL",2,0.2,0.72727273,0.42307692,0.33333333,0.875,0.72727273,0.42307692,17.25,"Anthony Molina",26952,683627
"Luis Gil","NYY",19.1,0.22513089,0.58219178,0.37982196,0.72093023,0.94117647,0.8671875,0.43323442,17.24701195,"Luis Gil",21052,661563
"Logan VanWey","HOU",2,0.22222222,0.57894737,0.46428571,0.5,0.72727273,0.69230769,0.67857143,17.23809524,"Logan VanWey",31884,701121
"Jesús Luzardo","PHI",55.2,0.35580524,0.6047619,0.46540881,0.49473684,0.8503937,0.6981982,0.44025157,17.21848739,"Jesus Luzardo",19959,666200
"Mitch Farris","LAA",18,0.33536585,0.67164179,0.48657718,0.54545455,0.9,0.76551724,0.44966443,17.19909502,"Mitch Farris",33628,815083
"Shane McClanahan","TBR",44.2,0.31780822,0.63559322,0.47426982,0.57758621,0.82222222,0.73900293,0.49235049,17.17636023,"Shane McClanahan",21483,663556
"Michael Wacha","KCR",63.1,0.29892473,0.64473684,0.47014115,0.67625899,0.84693878,0.79214781,0.49511401,17.16766467,"Michael Wacha",14078,608379
"Erick Fedde","CHW",49.1,0.24078091,0.64705882,0.42723005,0.68468468,0.91304348,0.84340659,0.45892019,17.15689382,"Erick Fedde",17425,607200
"Chase Lee","TOR",3.1,0.16129032,0.48,0.30357143,0.6,0.91666667,0.82352941,0.44642857,17.14634146,"Chase Lee",29574,695445
"Troy Melton","DET",5.2,0.27272727,0.77142857,0.49367089,0.66666667,0.88888889,0.82051282,0.44303797,17.14035088,"Troy Melton",31807,675512
"Kyle Leahy","STL",50.2,0.25877193,0.64720195,0.44290657,0.47457627,0.93984962,0.796875,0.47404844,17.13586098,"Kyle Leahy",24763,681517
"Germán Márquez","SDP",29.2,0.24,0.69322709,0.46706587,0.65,0.87931034,0.82051282,0.500998,17.12771739,"German Marquez",15038,608566
"Joel Payamps","ATL",7.2,0.25641026,0.68493151,0.46357616,0.5,0.88,0.77142857,0.48344371,17.11304348,"Joel Payamps",14332,606303
"Payton Tolle","BOS",36.2,0.31004367,0.71052632,0.52525253,0.5915493,0.82539683,0.76153846,0.53737374,17.11299435,"Payton Tolle",35466,801139
"Kyle Harrison","MIL",45.2,0.3459596,0.66157761,0.50316857,0.51094891,0.81153846,0.70780856,0.49809886,17.11258278,"Kyle Harrison",27758,690986
"JoJo Romero","STL",24.2,0.26956522,0.54054054,0.39036145,0.62903226,0.9,0.7962963,0.44578313,17.06709265,"JoJo Romero",19574,668941
"Luis Mey","CIN",8.1,0.24,0.5915493,0.38596491,0.41666667,0.73809524,0.62121212,0.41520468,17.05343511,"Luis Mey",25620,682825
"Cade Horton","CHC",7.1,0.36170213,0.58139535,0.46666667,0.70588235,0.84,0.78571429,0.47777778,17.03125,"Cade Horton",31872,690990
"Alan Rangel","PHI",3,0.23076923,0.72222222,0.43181818,0.83333333,0.61538462,0.68421053,0.40909091,17,"Alan Rangel",19524,660604
"Braxton Ashcraft","PIT",62.1,0.3549884,0.63858093,0.5,0.55555556,0.85416667,0.75056689,0.51133787,16.9952381,"Braxton Ashcraft",23793,677952
"Sean Manaea","NYM",31,0.27835052,0.63194444,0.45423143,0.62962963,0.86263736,0.79087452,0.49740933,16.96519722,"Sean Manaea",15873,640455
"Justin Wrobleski","LAD",55.2,0.29333333,0.64719101,0.48536585,0.73636364,0.89583333,0.85175879,0.54268293,16.96446701,"Justin Wrobleski",31204,680736
"Codi Heuer","CLE",2.2,0.26315789,0.64705882,0.44444444,0.2,0.72727273,0.5625,0.47222222,16.96,"Codi Heuer",23293,676051
"Noah Cameron","KCR",47.2,0.28,0.67989418,0.47429306,0.61607143,0.85214008,0.7804878,0.48586118,16.94003527,"Noah Cameron",30184,702070
"Brooks Kriske","ATH",2.2,0.4,0.625,0.5,0.625,0.9,0.77777778,0.44444444,16.92307692,"Brooks Kriske",21189,621139
"Coleman Crow","MIL",10.1,0.37096774,0.62650602,0.51724138,0.69565217,0.92307692,0.85333333,0.57241379,16.92307692,"Coleman Crow",27926,689441
"Brad Keller","PHI",21.2,0.31818182,0.64596273,0.46518106,0.58730159,0.88461538,0.77245509,0.44846797,16.8973384,"Brad Keller",15734,641745
"Sean Newcomb","CHW",29.2,0.2744186,0.59583333,0.44395604,0.6779661,0.85314685,0.8019802,0.52747253,16.88821752,"Sean Newcomb",16943,656794
"Alek Jacob","SDP",2,0.4,0.6,0.46666667,0.5,0.66666667,0.57142857,0.33333333,16.84848485,"Alek Jacob",29628,689690
"Parker Messick","CLE",64.1,0.33333333,0.66816143,0.48387097,0.62637363,0.83892617,0.75833333,0.44959677,16.83468835,"Parker Messick",31986,800048
"Jonathan Hernández","LAD",2,0.2,0.61538462,0.43478261,0.5,1,0.9,0.56521739,16.82352941,"Jonathan Hernandez",17464,642546
"Brady Singer","CIN",46,0.27713626,0.65116279,0.45365854,0.55,0.91269841,0.79569892,0.47195122,16.79166667,"Brady Singer",25377,663903
"Taijuan Walker","PHI",22.2,0.25991189,0.66497462,0.44811321,0.74576271,0.91603053,0.86315789,0.46462264,16.78104575,"Taijuan Walker",11836,592836
"Rhett Lowder","CIN",38.1,0.25222552,0.57507987,0.40769231,0.57647059,0.93333333,0.81886792,0.48153846,16.75619835,"Rhett Lowder",33876,695076
"Keegan Akin","BAL",10.2,0.3030303,0.65178571,0.48815166,0.86666667,0.75342466,0.78640777,0.53080569,16.73248408,"Keegan Akin",19362,669211
"Travis Adams","MIN",8,0.3030303,0.65454545,0.46280992,0.75,0.77777778,0.76785714,0.45454545,16.70588235,"Travis Adams",30180,701519
"Bryce Elder","ATL",68.2,0.31558935,0.65324385,0.47070915,0.59638554,0.89726027,0.78820961,0.45940391,16.69870875,"Bryce Elder",27779,693821
"Tristan Beck","SFG",3,0.45833333,0.85714286,0.64444444,0.63636364,0.88888889,0.79310345,0.46666667,16.66666667,"Tristan Beck",21584,663941
"Kervin Castro","NYY",2,0.28571429,0.73333333,0.51724138,1,0.90909091,0.93333333,0.51724138,16.66666667,"Kervin Castro",21656,665645
"Landen Roupp","SFG",55,0.29136691,0.59898477,0.41894737,0.58641975,0.88135593,0.76130653,0.41473684,16.65646732,"Landen Roupp",30076,694738
"Cade Smith","CLE",25.2,0.31390135,0.68899522,0.49537037,0.48571429,0.75,0.6635514,0.4837963,16.63473054,"Cade Smith",27867,671922
"Taylor Rashi","ARI",3.2,0.5,0.82608696,0.66666667,0.36363636,0.68421053,0.56666667,0.51111111,16.56666667,"Taylor Rashi",26344,688497
"Nolan McLean","NYM",58,0.2688172,0.58547009,0.42765273,0.6,0.86861314,0.78446115,0.50160772,16.55251799,"Nolan McLean",33703,690997
"Tyler Uberstine","BOS",2.2,0.35294118,0.71428571,0.57777778,0.66666667,0.7,0.69230769,0.62222222,16.5,"Tyler Uberstine",29961,700413
"Tim Hill","NYY",20.2,0.2920354,0.69480519,0.52434457,0.84848485,0.92523364,0.90714286,0.57677903,16.49726776,"Tim Hill",16814,657612
"Jason Alexander","HOU",12.1,0.2,0.71717172,0.45728643,0.5,0.88732394,0.8021978,0.49748744,16.48591549,"Jason Alexander",19666,669920
"Kody Funderburk","MIN",16,0.18,0.65517241,0.38721805,0.7037037,0.88157895,0.83495146,0.43609023,16.41116751,"Kody Funderburk",24993,681892
"Yacksel Ríos","CHC",1.2,0.25,0.55555556,0.46153846,0,0.8,0.66666667,0.69230769,16.375,"Yacksel Rios",15007,605441
"Seth Lugo","KCR",65,0.24786325,0.64768683,0.46601942,0.70689655,0.88736264,0.84375,0.54563107,16.36206897,"Seth Lugo",12447,607625
"Chayce McDermott","LAD",1,0.2,0.83333333,0.4375,0.5,0.8,0.71428571,0.375,16.33333333,"Chayce McDermott",29866,694646
"Carl Edwards Jr.","NYM",6,0.2745098,0.60416667,0.43434343,0.42857143,0.65517241,0.58139535,0.48484848,16.31081081,"Carl Edwards Jr.",13607,605218
"Hoby Milner","CHC",23.1,0.26946108,0.57062147,0.4244186,0.8,0.93069307,0.89041096,0.51453488,16.30645161,"Hoby Milner",13346,571948
"Joey Gerber","NYM",2,0.30434783,0.625,0.46808511,0.85714286,0.93333333,0.90909091,0.5106383,16.13157895,"Joey Gerber",24591,680702
"Brent Suter","LAA",27,0.33840304,0.62616822,0.46750524,0.68539326,0.84328358,0.78026906,0.44863732,15.87811634,"Brent Suter",13942,608718
"Raisel Iglesias","ATL",15.2,0.42156863,0.71028037,0.56937799,0.48837209,0.77631579,0.67226891,0.51196172,15.86,"Raisel Iglesias",17130,628452
"Jakob Junis","TEX",23,0.31914894,0.60240964,0.4723127,0.66666667,0.92,0.84137931,0.54071661,15.8,"Jakob Junis",13619,596001
"Dylan Smith","SFG",0.2,0,0.5,0.22222222,,1,1,0.44444444,15.66666667,"Dylan Smith",30145,681916
"Ryan Gusto","MIA",1,0.33333333,0.33333333,0.33333333,0,1,0.5,0.5,15.55555556,"Ryan Gusto",26440,687473
"Zebby Matthews","MIN",13,0.29591837,0.65882353,0.46448087,0.68965517,0.85714286,0.8,0.46448087,15.37037037,"Zebby Matthews",31827,805673
"Steven Matz","TBR",41.1,0.27272727,0.68047337,0.47904192,0.62222222,0.85217391,0.7875,0.50598802,15.16232465,"Steven Matz",13361,571927
"Dylan Moore","PHI",1.2,0.28571429,0.66666667,0.4,1,0.75,0.875,0.3,14.23076923,"Dylan Moore",18042,664238
"Christian Koss","SFG",2,0.17647059,0.81818182,0.42857143,0.66666667,1,0.91666667,0.39285714,14.11111111,"Christian Koss",27653,683766
"Carlos Cortes","ATH",1,0.44444444,0.55555556,0.5,1,0.8,0.88888889,0.5,13.07692308,"Carlos Cortes",21842,666126
"Weston Wilson","BAL",2.1,0.35714286,0.58333333,0.425,1,1,1,0.3,12.85714286,"Weston Wilson",19358,642215
"Ty Blach","CHC",3,0.33333333,0.55555556,0.46666667,0.25,1,0.78571429,0.6,12.76190476,"Ty Blach",14361,621389
"Miguel Rojas","LAD",1,0.15384615,0.8,0.33333333,1,1,1,0.27777778,12.75,"Miguel Rojas",7802,500743
"Jose Trevino","CIN",5,0.30434783,0.84615385,0.5,0.92857143,1,0.97222222,0.36111111,12.6744186,"Jose Trevino",16725,624431
"Reese McGuire","CHW",1,0.5,0.6,0.55555556,1,0.66666667,0.8,0.55555556,12,"Reese McGuire",15674,624512
"James McCann","ARI",4,0.35,0.70588235,0.45614035,0.92857143,0.91666667,0.92307692,0.29824561,11.975,"James McCann",12859,543510
"Jorbit Vivas","WSN",0.2,0.375,1,0.58333333,1,1,1,0.33333333,11.83333333,"Jorbit Vivas",23917,678391
"Tyler Heineman","TOR",3,0.39130435,0.8,0.55263158,1,1,1,0.39473684,11.80952381,"Tyler Heineman",13897,623168
"Joey Wiemer","WSN",2,0.19354839,1,0.41860465,1,1,1,0.27906977,11.75862069,"Joey Wiemer",27690,686894
"Austin Hedges","CLE",0.1,0.66666667,0,0.5,1,,1,0.25,11.66666667,"Austin Hedges",12976,595978
"Jake Rogers","DET",1.1,0.2,0.8,0.35,0.66666667,1,0.85714286,0.25,11.5,"Jake Rogers",19452,668670
"Javier Sanoja","MIA",1,0.28571429,0.83333333,0.53846154,0.5,1,0.85714286,0.46153846,11.44444444,"Javier Sanoja",28253,691594
"Adam Frazier","LAA",2,0.33333333,0.46666667,0.37777778,1,1,1,0.33333333,10.96774194,"Adam Frazier",15223,624428
"Tyler Tolbert","KCR",0.2,0.5,0.33333333,0.4,1,1,1,0.6,10.66666667,"Tyler Tolbert",25779,686475
"Ben Williamson","TBR",1,0.5,0.6,0.57142857,1,1,1,0.71428571,10.33333333,"Ben Williamson",33197,810938
"Garrett Stubbs","PHI",1,0.5,1,0.6,1,1,1,0.2,10,"Garrett Stubbs",18067,596117
"Jorge Mateo","ATL",1,0,0.8,0.36363636,,1,1,0.45454545,9.71428571,"Jorge Mateo",17273,622761
"Brett Sullivan","COL",2,0.28571429,0.71428571,0.42857143,1,1,1,0.33333333,9.4,"Brett Sullivan",18217,664954
"P.J. Higgins","CIN",1,0.4,0.6,0.5,0.5,0.66666667,0.6,0.5,9.28571429,"P.J. Higgins",18433,664731
"César Salazar","HOU",1,0.42857143,0.66666667,0.5,1,1,1,0.3,9.16666667,"Cesar Salazar",21587,663967