Name,Team,W,L,ERA,G,GS,QS,CG,ShO,SV,HLD,BS,IP,TBF,H,R,ER,HR,BB,IBB,HBP,WP,BK,SO,NameASCII,PlayerId,MLBAMID
"Dylan Cease","TOR",3,3,3.0483870967741935,11,11,4,0,0,0,0,0,62,258,49,24,21,5,26,0,3,1,0,92,"Dylan Cease",18525,656302
"Jacob Misiorowski","MIL",4,2,1.894736842105263,10,10,5,0,0,0,0,0,57,224,32,14,12,4,18,0,5,2,1,88,"Jacob Misiorowski",31623,694819
"Cristopher Sánchez","PHI",5,2,1.6175116344758933,11,11,8,1,1,0,0,0,72.1,296,67,18,13,3,16,0,1,0,0,86,"Cristopher Sanchez",20778,650911
"Gavin Williams","CLE",7,3,3.245192545758214,11,11,5,0,0,0,0,0,69.1,277,55,26,25,9,22,0,1,1,0,84,"Gavin Williams",30122,668909
"Reid Detmers","LAA",1,5,4.571428848232018,11,11,4,0,0,0,0,0,63,265,53,35,32,5,19,0,4,0,0,75,"Reid Detmers",27468,672282
"Cam Schlittler","NYY",6,2,1.5,11,11,7,0,0,0,0,0,66,253,44,13,11,2,13,0,0,0,0,75,"Cam Schlittler",32095,693645
"José Soriano","LAA",6,3,2.442211242538624,11,11,6,0,0,0,0,0,66.1,265,44,18,18,5,27,1,1,0,0,74,"Jose Soriano",22100,667755
"Chris Sale","ATL",7,3,1.8870967741935485,10,10,9,0,0,0,0,0,62,241,40,15,13,6,14,0,5,0,0,72,"Chris Sale",10603,519242
"Parker Messick","CLE",6,1,2.238342145877672,11,11,4,0,0,0,0,0,64.1,250,48,17,16,6,19,0,1,1,0,70,"Parker Messick",31986,800048
"Nolan McLean","NYM",2,3,3.5689655172413794,10,10,5,0,0,0,0,0,58,234,43,28,23,6,17,0,5,1,0,69,"Nolan McLean",33703,690997
"Max Meyer","MIA",5,0,2.521978127698715,11,11,3,0,0,0,0,0,60.2,250,42,18,17,4,22,0,4,2,0,68,"Max Meyer",27474,676974
"Shota Imanaga","CHC",4,5,4.036082632952922,11,11,6,0,0,0,0,0,64.2,261,52,30,29,10,17,0,1,3,0,67,"Shota Imanaga",33829,684007
"Jesús Luzardo","PHI",3,4,4.850299622783529,10,10,5,0,0,0,0,0,55.2,236,58,32,30,5,15,0,3,3,0,66,"Jesus Luzardo",19959,666200
"Davis Martin","CHW",7,1,2.043243327506538,10,10,7,0,0,0,0,0,61.2,241,51,14,14,3,12,0,3,4,0,66,"Davis Martin",21448,663436
"Braxton Ashcraft","PIT",3,2,2.887700593666864,10,10,6,0,0,0,0,0,62.1,246,48,23,20,6,16,0,3,0,0,65,"Braxton Ashcraft",23793,677952
"Ryan Weathers","NYY",2,2,3.1395349533510197,10,10,4,0,0,0,0,0,57.1,230,48,22,20,8,16,0,0,2,0,65,"Ryan Weathers",23796,677960
"Paul Skenes","PIT",6,4,3,11,11,5,0,0,0,0,0,60,232,40,22,20,6,9,0,4,1,0,65,"Paul Skenes",33677,694973
"Jacob deGrom","TEX",3,4,3.8571430399233915,10,10,3,0,0,0,0,0,53.2,215,44,23,23,12,11,1,0,2,0,64,"Jacob deGrom",10954,594798
"Luis Severino","ATH",2,5,4.232432606977828,11,11,3,0,0,0,0,0,61.2,264,58,29,29,8,31,0,2,0,0,64,"Luis Severino",15890,622663
"Chase Burns","CIN",6,1,1.8305084745762712,10,10,7,0,0,0,0,0,59,227,38,12,12,7,18,0,0,0,0,64,"Chase Burns",35333,695505
"Freddy Peralta","NYM",3,4,3.521739203447657,11,11,3,0,0,0,0,0,61.1,263,51,26,24,8,27,0,2,3,0,63,"Freddy Peralta",18679,642547
"Michael King","SDP",4,3,2.7580645161290325,11,11,5,0,0,0,0,0,62,248,43,20,19,5,28,0,4,1,0,63,"Michael King",19853,650633
"Logan Gilbert","SEA",2,4,4.0427808311336095,11,11,3,0,0,0,0,0,62.1,252,55,28,28,11,14,0,3,2,0,63,"Logan Gilbert",22250,669302
"Eury Pérez","MIA",3,6,4.909091121894278,11,11,4,0,0,0,0,0,58.2,250,48,36,32,11,28,0,4,2,1,63,"Eury Perez",27768,691587
"MacKenzie Gore","TEX",3,4,4.418181818181818,11,11,3,0,0,0,0,0,55,233,42,27,27,6,26,0,1,0,0,62,"MacKenzie Gore",22201,669022
"Will Warren","NYY",6,1,3.611465319150239,10,10,3,0,0,0,0,0,52.1,220,49,26,21,6,13,0,1,2,1,62,"Will Warren",30182,701542
"Nathan Eovaldi","TEX",5,5,3.6486487991188175,10,10,6,0,0,0,0,0,61.2,256,56,27,25,11,14,0,5,3,0,61,"Nathan Eovaldi",9132,543135
"Kevin Gausman","TOR",4,3,3.2343751927837845,11,11,7,0,0,0,0,0,64,258,57,25,23,6,10,0,0,1,2,61,"Kevin Gausman",14107,592332
"Joe Ryan","MIN",3,3,3.017647194251888,11,11,6,0,0,0,0,0,56.2,225,41,24,19,3,14,0,3,2,0,61,"Joe Ryan",21390,657746
"Cade Cavalli","WSN",2,3,3.8571430399233915,11,11,4,0,0,0,0,0,53.2,243,58,30,23,3,19,0,10,2,0,61,"Cade Cavalli",27473,676917
"Landen Roupp","SFG",5,4,3.272727272727273,10,10,5,0,0,0,0,0,55,224,42,22,20,2,21,0,2,1,0,61,"Landen Roupp",30076,694738
"Foster Griffin","WSN",6,2,3.629032258064516,11,11,5,0,0,0,0,0,62,259,51,29,25,10,19,0,5,1,1,60,"Foster Griffin",16432,656492
"Emerson Hancock","SEA",3,2,3.0681819511839237,10,10,6,0,0,0,0,0,58.2,229,49,20,20,8,13,0,2,2,0,60,"Emerson Hancock",27470,676106
"Bryce Elder","ATL",4,2,1.9660194902890211,11,11,8,0,0,0,0,0,68.2,273,47,18,15,5,21,0,2,0,0,60,"Bryce Elder",27779,693821
"Jack Leiter","TEX",1,4,4.609756312010059,10,10,2,0,0,0,0,0,54.2,238,53,29,28,8,23,0,2,1,0,60,"Jack Leiter",30146,683004
"Taj Bradley","MIN",5,1,2.769230769230769,9,9,5,0,0,0,0,0,52,217,42,16,16,5,19,0,2,2,0,59,"Taj Bradley",22543,671737
"Kyle Harrison","MIL",5,1,1.773722726514091,9,9,3,0,0,0,0,0,45.2,183,35,9,9,3,14,0,3,2,0,59,"Kyle Harrison",27758,690986
"Bryan Woo","SEA",4,3,3.816754079159805,11,11,7,0,0,0,0,0,63.2,256,52,29,27,6,14,1,2,0,1,59,"Bryan Woo",30279,693433
"Yoshinobu Yamamoto","LAD",4,4,3.09375,10,10,8,0,0,0,0,0,64,248,50,23,22,9,13,0,2,2,0,59,"Yoshinobu Yamamoto",33825,808967
"Jake Irvin","WSN",2,4,5.225806708837039,11,11,0,0,0,0,0,0,51.2,228,48,34,30,7,22,0,6,1,0,58,"Jake Irvin",21504,663623
"Kyle Bradish","BAL",2,6,4.1273886353168034,10,10,3,0,0,0,0,0,52.1,229,51,28,24,6,28,1,1,4,0,58,"Kyle Bradish",24586,680694
"Michael Soroka","ARI",6,2,3.272727272727273,10,10,4,0,0,0,0,0,55,233,55,20,20,4,14,0,4,0,0,57,"Michael Soroka",18383,647336
"Michael Wacha","KCR",4,2,2.700000054208857,10,10,8,0,0,0,0,0,63.1,249,45,20,19,7,20,0,3,1,0,55,"Michael Wacha",14078,608379
"Jack Flaherty","DET",0,6,5.93617069456796,11,11,1,0,0,0,0,0,47,225,49,39,31,8,29,0,5,3,1,55,"Jack Flaherty",17479,656427
"George Kirby","SEA",5,4,3.538835082520238,11,11,6,1,0,0,0,0,68.2,278,67,29,27,6,16,0,2,0,0,55,"George Kirby",25436,669923
"Seth Lugo","KCR",2,4,3.7384615384615385,11,11,7,0,0,0,0,0,65,273,67,28,27,3,23,0,0,1,0,54,"Seth Lugo",12447,607625
"Tyler Mahle","SFG",1,6,6.0967744936432124,10,10,1,0,0,0,0,0,51.2,229,60,35,35,10,21,0,0,3,0,54,"Tyler Mahle",16358,641816
"Shohei Ohtani","LAD",4,2,0.7346938775510204,8,8,7,0,0,0,0,0,49,190,28,6,4,2,13,0,3,0,1,54,"Shohei Ohtani",19755,660271
"Robbie Ray","SFG",3,6,4.6022729267758855,11,11,4,0,0,0,0,0,58.2,250,52,32,30,13,29,0,0,1,0,53,"Robbie Ray",11486,592662
"Tanner Bibee","CLE",0,6,3.75,11,11,5,0,0,0,0,0,60,250,54,25,25,7,21,0,1,2,0,52,"Tanner Bibee",30134,676440
"Aaron Nola","PHI",2,4,6.03947398735217,10,10,3,0,0,0,0,0,50.2,224,61,34,34,9,18,0,0,1,0,51,"Aaron Nola",16149,605400
"Kris Bubic","KCR",3,2,4.112582885352706,9,9,4,0,0,0,0,0,50.1,207,36,23,23,4,26,0,1,4,0,51,"Kris Bubic",21455,663460
"Joey Cantillo","CLE",4,1,3.053571636579489,11,11,2,0,0,0,0,0,56,233,47,23,19,6,27,0,1,2,0,51,"Joey Cantillo",23335,676282
"Drew Rasmussen","TBR",4,1,2.7818181818181817,10,10,5,0,0,0,0,0,55,218,44,19,17,7,10,0,1,2,0,51,"Drew Rasmussen",25385,656876
"Emmet Sheehan","LAD",3,1,4.927007573650253,9,9,3,0,0,0,0,0,45.2,193,45,25,25,9,13,0,2,2,1,51,"Emmet Sheehan",29839,686218
"Max Fried","NYY",4,3,3.2108109432245593,10,10,6,0,0,0,0,0,61.2,240,43,22,22,1,19,0,2,0,0,50,"Max Fried",13743,608331
"Framber Valdez","DET",2,3,4.278688524590164,11,11,7,0,0,0,0,0,61,268,58,33,29,6,23,0,5,2,0,50,"Framber Valdez",17295,664285
"Jeffrey Springs","ATH",3,5,4.1086957373556,11,11,4,0,0,0,0,0,61.1,254,53,29,28,11,19,0,2,0,1,50,"Jeffrey Springs",17677,605488
"Connelly Early","BOS",4,2,3.3333333333333335,10,10,4,0,0,0,0,0,54,226,45,20,20,9,19,0,5,3,1,50,"Connelly Early",33666,813349
"Tyler Glasnow","LAD",3,0,2.7226892501888273,7,7,4,0,0,0,0,0,39.2,148,20,12,12,5,13,1,0,0,0,49,"Tyler Glasnow",14374,607192
"David Peterson","NYM",3,4,5.0275863391635855,11,6,0,0,0,0,0,0,48.1,225,55,31,27,2,20,0,3,2,0,49,"David Peterson",20302,656849
"Ryne Nelson","ARI",2,3,4.650000295639057,11,11,4,0,0,0,0,0,60,254,52,37,31,11,19,1,1,2,0,49,"Ryne Nelson",26253,669194
"Grant Holmes","ATL",3,2,3.7834395823737363,10,10,4,0,0,0,0,0,52.1,223,44,23,22,9,24,0,0,2,0,48,"Grant Holmes",16944,656550
"Sandy Alcantara","MIA",3,3,4.004784835187002,11,11,7,1,1,0,0,0,69.2,292,69,34,31,6,20,0,1,1,0,48,"Sandy Alcantara",18684,645261
"Shane Baz","BAL",1,5,4.866279501474025,10,10,2,0,0,0,0,0,57.1,250,58,32,31,7,25,1,2,3,0,48,"Shane Baz",22264,669358
"Mike Burrows","HOU",2,6,5.751479419764218,10,10,2,0,0,0,0,0,56.1,248,66,36,36,12,20,0,3,0,0,48,"Mike Burrows",24728,681347
"J.T. Ginn","ATH",2,3,3.1863356113415575,12,9,3,1,0,0,0,1,53.2,217,38,20,19,6,23,0,3,0,1,48,"J.T. Ginn",27889,669372
"Brandon Sproat","MIL",1,3,5.84328391478148,10,8,1,0,0,0,0,0,44.2,196,42,29,29,9,27,0,3,2,0,48,"Brandon Sproat",33850,687075
"Jameson Taillon","CHC",2,4,5.204819396715725,10,10,3,0,0,0,0,0,55.1,233,52,33,32,17,18,1,2,0,0,47,"Jameson Taillon",11674,592791
"Luis Castillo","SEA",1,5,6.410071986425331,10,9,1,0,0,0,1,0,46.1,213,54,37,33,7,18,0,5,0,0,47,"Luis Castillo",15689,622491
"Shane McClanahan","TBR",5,2,2.820895682997956,9,9,1,0,0,0,0,0,44.2,182,30,16,14,2,17,0,0,1,0,47,"Shane McClanahan",21483,663556
"Edward Cabrera","CHC",3,2,4,10,10,4,0,0,0,0,0,54,227,53,29,24,8,20,0,1,0,0,47,"Edward Cabrera",21690,665795
"Slade Cecconi","CLE",3,5,5.180232673029183,11,11,2,0,0,0,0,0,57.1,253,65,35,33,9,20,0,3,1,0,47,"Slade Cecconi",27500,677944
"Bubba Chandler","PIT",1,6,4.787234042553192,10,10,1,0,0,0,0,0,47,212,35,29,25,7,34,1,1,2,0,47,"Bubba Chandler",29868,696149
"Mason Miller","SDP",1,1,0.760563462008996,23,0,0,0,0,16,0,0,23.2,90,10,3,2,0,9,0,0,3,0,47,"Mason Miller",31757,695243
"Chase Dollander","COL",3,3,3.8863638048329703,10,3,1,0,0,0,0,0,44,189,39,19,19,6,18,0,3,0,0,47,"Chase Dollander",33482,801403
"Mitch Keller","PIT",5,2,3.6373059870512168,11,11,7,0,0,0,0,0,64.1,257,50,26,26,4,19,0,3,1,1,46,"Mitch Keller",17594,656605
"Aaron Ashby","MIL",8,0,2.6129036277192066,23,1,0,0,0,0,1,1,31,134,27,10,9,1,17,1,1,4,0,46,"Aaron Ashby",23550,676879
"Sean Burke","CHW",2,3,4.07547191811356,10,8,2,0,0,0,0,0,53,224,50,25,24,5,14,0,5,5,0,46,"Sean Burke",29878,680732
"Clay Holmes","NYM",4,4,2.392405178813943,9,9,4,0,0,0,0,0,52.2,215,40,14,14,3,18,0,1,2,1,45,"Clay Holmes",13649,605280
"Cole Ragans","KCR",1,4,4.8396228156763765,8,8,3,0,0,0,0,0,35.1,151,27,20,19,10,23,0,0,0,0,45,"Cole Ragans",21846,666142
"Tarik Skubal","DET",3,2,2.7000000792283303,7,7,5,0,0,0,0,0,43.1,166,35,14,13,2,6,0,1,0,0,45,"Tarik Skubal",22267,669373
"Randy Vásquez","SDP",5,2,2.963414772006466,10,10,4,0,0,0,0,0,54.2,224,49,18,18,5,16,0,3,0,0,45,"Randy Vasquez",24719,681190
"Colin Rea","CHC",4,3,4.833333589412561,11,8,2,0,0,1,0,0,54,234,57,30,29,8,17,0,2,1,0,44,"Colin Rea",12317,607067
"Carmen Mlodzinski","PIT",4,3,3.9600003021240466,10,8,1,0,0,0,0,0,50,216,53,23,22,2,17,0,2,0,0,44,"Carmen Mlodzinski",27572,669387
"Noah Cameron","KCR",2,3,4.720279972118029,9,9,3,0,0,0,0,0,47.2,210,53,28,25,5,16,0,0,0,0,44,"Noah Cameron",30184,702070
"Eduardo Rodriguez","ARI",4,1,2.237569107931761,10,10,5,0,0,0,0,0,60.1,247,49,16,15,4,23,0,0,0,1,43,"Eduardo Rodriguez",13164,593958
"Lance McCullers Jr.","HOU",2,3,6.864407001573174,8,8,2,0,0,0,0,0,39.1,172,38,32,30,7,22,0,2,4,0,43,"Lance McCullers Jr.",14120,621121
"Ranger Suarez","BOS",2,2,2.4041097146705583,9,9,3,0,0,0,0,0,48.2,188,35,13,13,3,14,0,0,0,0,43,"Ranger Suarez",17277,624133
"Casey Mize","DET",2,3,2.473282586791211,8,8,5,0,0,0,0,0,43.2,171,32,12,12,2,11,0,1,0,0,43,"Casey Mize",20492,663554
"Bailey Ober","MIN",6,2,3.9193548387096775,11,11,4,1,1,0,0,0,62,254,51,28,27,9,17,0,2,0,0,43,"Bailey Ober",21224,641927
"Matthew Liberatore","STL",2,2,4.7032260379533355,10,10,3,0,0,0,0,0,51.2,226,60,27,27,9,20,0,0,2,0,43,"Matthew Liberatore",22294,669461
"Andre Pallante","STL",5,4,3.7636363636363637,10,10,3,0,0,0,0,0,55,233,49,25,23,7,20,0,3,2,0,43,"Andre Pallante",26108,669467
"Roki Sasaki","LAD",3,3,4.927007573650253,9,9,2,0,0,0,0,0,45.2,202,47,26,25,9,18,0,4,4,0,43,"Roki Sasaki",35323,808963
"Drew Anderson","DET",1,1,3.7425747521659787,17,1,0,0,0,2,2,0,33.2,143,27,15,14,3,16,1,1,1,1,42,"Drew Anderson",15130,623454
"Logan Webb","SFG",2,4,5.0625,8,8,5,0,0,0,0,0,48,208,52,29,27,4,15,0,3,0,0,42,"Logan Webb",17995,657277
"Dustin May","STL",3,5,5,10,10,6,0,0,0,0,0,54,230,60,32,30,5,17,0,4,4,0,42,"Dustin May",19716,669160
"Kyle Leahy","STL",5,3,4.440789696582478,10,10,1,0,0,0,0,0,50.2,229,58,25,25,8,22,0,3,2,0,42,"Kyle Leahy",24763,681517
"Michael Lorenzen","COL",2,7,7.211180465943732,12,11,1,0,0,0,0,0,53.2,261,84,49,43,10,18,0,3,1,1,41,"Michael Lorenzen",14843,547179
"Walker Buehler","SDP",3,2,5.050359850831611,10,10,2,0,0,0,0,0,46.1,202,47,26,26,4,18,0,2,0,0,41,"Walker Buehler",19374,621111
"Jack Kochanowicz","LAA",2,3,4.552325682358979,10,10,5,0,0,0,0,0,57.1,252,48,32,29,5,29,1,4,3,0,41,"Jack Kochanowicz",27688,686799
"Martín Pérez","ATL",2,3,2.700000091961455,11,7,1,0,0,0,0,0,46.2,185,33,14,14,5,15,0,2,0,0,40,"Martin Perez",6902,527048
"Jeff Hoffman","TOR",2,3,5.08695736544358,25,0,0,0,0,5,6,3,23,108,29,16,13,3,8,3,2,1,0,40,"Jeff Hoffman",17432,656546
"Peter Lambert","HOU",3,4,3.7933885493440407,7,7,3,0,0,0,0,0,40.1,168,29,17,17,2,18,0,4,1,0,40,"Peter Lambert",17969,663567
"Zac Gallen","ARI",3,4,4.803681094015884,11,11,2,0,0,0,0,0,54.1,240,61,33,29,7,17,0,2,1,0,40,"Zac Gallen",19291,668678
"Janson Junk","MIA",2,5,5.072727272727272,10,10,2,0,0,0,0,0,55,232,57,33,31,8,13,0,1,1,0,40,"Janson Junk",23301,676083
"Ben Brown","CHC",1,2,2.094827723985062,15,3,0,0,0,1,2,1,38.2,154,26,11,9,1,12,0,1,6,0,40,"Ben Brown",23590,676962
"Louis Varland","TOR",2,1,0.6506025142949483,25,0,0,0,0,7,3,0,27.2,109,21,6,2,0,9,1,0,1,0,40,"Louis Varland",27691,686973
"Spencer Arrighetti","HOU",6,1,1.3170731707317074,7,7,3,0,0,0,0,0,41,175,24,8,6,1,25,0,6,0,1,40,"Spencer Arrighetti",29921,681293
"Andrew Painter","PHI",1,5,5.4,10,9,2,0,0,0,0,0,50,218,57,30,30,7,16,0,2,1,0,40,"Andrew Painter",30091,691725
"Erik Sabrowski","CLE",2,1,1.7142861813916292,25,0,0,0,0,0,17,0,21,83,7,4,4,1,13,0,0,3,0,39,"Erik Sabrowski",24978,681870
"Payton Tolle","BOS",2,2,2.454545624788154,6,6,4,0,0,0,0,0,36.2,140,21,14,10,3,9,0,1,0,0,39,"Payton Tolle",35466,801139
"Andrew Abbott","CIN",4,2,3.9705884134893266,11,11,3,0,0,0,0,0,56.2,247,57,27,25,7,26,0,0,0,0,38,"Andrew Abbott",29911,671096
"Grant Taylor","CHW",1,0,2.454545880152248,20,4,0,0,0,1,2,1,25.2,108,22,10,7,1,9,0,0,1,0,38,"Grant Taylor",33927,691799
"Aaron Civale","ATH",5,1,3.3096775822634585,10,10,1,0,0,0,0,0,51.2,224,56,19,19,9,16,1,1,2,0,37,"Aaron Civale",19479,650644
"Garrett Crochet","BOS",3,3,6.3,6,6,3,0,0,0,0,0,30,138,33,23,21,5,11,0,4,2,0,37,"Garrett Crochet",27463,676979
"Cade Smith","CLE",2,0,2.454545515346416,25,0,0,0,0,18,0,2,25.2,102,22,9,7,1,5,1,0,4,0,37,"Cade Smith",27867,671922
"Michael McGreevy","STL",3,3,2.3964497582350908,10,10,6,0,0,0,0,0,56.1,217,44,15,15,7,12,0,0,1,0,37,"Michael McGreevy",29869,700241
"Kumar Rocker","TEX",2,4,3.600000152587897,9,8,2,0,0,0,0,0,45,194,42,18,18,4,20,0,1,4,0,37,"Kumar Rocker",31843,677958
"Zack Wheeler","PHI",4,0,1.6725664846076955,6,6,5,0,0,0,0,0,37.2,141,23,7,7,1,8,0,1,0,0,36,"Zack Wheeler",10310,554430
"Nick Martinez","TBR",4,1,1.508379952558803,10,10,6,0,0,0,0,0,59.2,242,54,10,10,4,12,0,2,0,0,36,"Nick Martinez",12730,607259
"Kai-Wei Teng","HOU",3,3,2.189189414894456,17,4,1,0,0,0,2,0,37,145,24,9,9,3,15,0,2,2,0,36,"Kai-Wei Teng",24282,678906
"Walbert Ureña","LAA",2,4,2.5826089098232856,9,7,3,0,0,0,1,0,38.1,168,31,17,11,2,22,1,1,2,0,36,"Walbert Urena",29357,700712
"Kyle Freeland","COL",1,5,7.043478494510767,8,8,1,0,0,0,0,0,38.1,180,51,31,30,9,14,0,4,1,0,35,"Kyle Freeland",16256,607536
"Yohan Ramírez","PIT",2,1,3.60000045776373,23,0,0,0,0,1,3,2,30,133,24,15,12,2,17,7,6,2,0,35,"Yohan Ramirez",19444,670990
"Chris Paddack","- - -",0,6,6.860656166743055,9,8,1,0,0,0,0,0,40.2,193,54,32,31,6,14,0,2,3,0,35,"Chris Paddack",20099,663978
"Trevor Rogers","BAL",2,6,6.960937914904232,9,9,3,0,0,0,0,0,42.2,196,52,35,33,6,17,0,1,2,0,35,"Trevor Rogers",22286,669432
"Brayan Bello","BOS",2,5,6.428571929041954,10,7,1,0,0,0,0,0,49,232,67,39,35,10,21,0,0,2,0,35,"Brayan Bello",23920,678394
"Jacob Lopez","ATH",4,2,5.732876787223251,11,9,0,0,0,0,0,0,48.2,230,55,32,31,11,31,0,0,0,0,35,"Jacob Lopez",25098,682052
"Chris Bassitt","BAL",4,3,5.514084544074935,10,8,1,0,0,0,0,0,47.1,222,60,30,29,4,19,0,7,2,0,34,"Chris Bassitt",12304,605135
"Sonny Gray","BOS",5,1,3.272727272727273,9,9,4,0,0,0,0,0,44,182,42,17,16,4,11,0,3,0,1,34,"Sonny Gray",12768,543243
"Anthony Kay","CHW",3,1,4.273381500200714,10,8,1,0,0,0,0,0,46.1,212,45,24,22,6,22,0,9,0,2,34,"Anthony Kay",20387,641743
"Brady Singer","CIN",2,4,6.260869565217392,10,10,2,0,0,0,0,0,46,216,66,33,32,14,12,0,3,1,0,34,"Brady Singer",25377,663903
"Steven Matz","TBR",4,1,3.701613017101073,8,8,3,0,0,0,0,0,41.1,166,31,17,17,6,15,0,1,2,0,33,"Steven Matz",13361,571927
"Yusei Kikuchi","LAA",0,3,5.806451612903226,7,7,1,0,0,0,0,0,31,142,35,20,20,3,14,0,1,3,1,33,"Yusei Kikuchi",20633,579328
"Noah Schultz","CHW",2,4,5.818965899958505,8,8,2,0,0,0,0,0,38.2,168,30,26,25,4,22,0,4,1,1,33,"Noah Schultz",32056,702273
"Patrick Corbin","TOR",2,1,3.8571429677731786,9,9,1,0,0,0,0,0,44.1,190,49,19,19,4,13,0,4,0,0,32,"Patrick Corbin",9323,571578
"Sean Manaea","NYM",0,1,5.806452327414768,11,0,0,0,0,0,0,0,31,146,37,21,20,3,13,0,4,1,0,32,"Sean Manaea",15873,640455
"Adrian Morejon","SDP",4,1,4.443038832853068,23,0,0,0,0,1,10,4,26.1,109,23,14,13,2,6,0,1,0,0,32,"Adrian Morejon",20039,670970
"Andrés Muñoz","SEA",3,3,4.57627177820649,21,0,0,0,0,9,0,3,19.2,84,18,11,10,3,7,0,0,1,1,32,"Andres Munoz",20373,662253
"Jovani Morán","BOS",0,2,3.2530125714747418,18,3,0,0,0,0,1,0,27.2,114,18,10,10,4,14,1,1,0,0,32,"Jovani Moran",20422,663558
"Keider Montero","DET",2,3,3.8310811798271276,9,9,3,0,0,0,0,0,49.1,196,36,22,21,6,14,0,0,0,0,32,"Keider Montero",22630,672456
"Miles Mikolas","WSN",1,3,6.171428907744757,11,6,0,0,0,0,0,0,46.2,203,51,35,32,11,14,0,0,1,0,31,"Miles Mikolas",9803,571945
"Adrian Houser","SFG",2,4,5.297468610230874,10,10,2,0,0,0,0,0,52.2,235,59,35,31,8,19,0,2,2,0,31,"Adrian Houser",12718,605288
"Matthew Boyd","CHC",2,1,6.000000476837196,5,5,1,0,0,0,0,0,24,100,25,17,16,2,6,0,0,0,0,31,"Matthew Boyd",15440,571510
"Erick Fedde","CHW",0,5,5.472973219838094,10,7,1,0,0,0,0,0,49.1,217,52,33,30,12,20,0,2,2,0,31,"Erick Fedde",17425,607200
"Tyler Phillips","MIA",0,0,1.069307011466981,16,1,0,0,0,2,0,1,33.2,144,24,6,4,1,18,0,1,3,0,31,"Tyler Phillips",20629,663969
"Braydon Fisher","TOR",2,1,2.730337751557514,27,2,0,0,0,0,6,0,29.2,113,18,12,9,2,12,1,2,2,0,31,"Braydon Fisher",24609,680755
"Justin Wrobleski","LAD",6,2,3.071856427762902,9,8,5,0,0,0,0,0,55.2,227,48,19,19,3,14,0,2,1,0,31,"Justin Wrobleski",31204,680736
"Fernando Cruz","NYY",3,1,2.0769238692066576,25,0,0,0,0,0,10,1,21.2,94,16,6,5,2,14,1,2,2,0,30,"Fernando Cruz",7048,518585
"Gregory Soto","PIT",3,0,2.2191781981574383,24,0,0,0,0,5,6,2,24.1,94,10,7,6,1,10,0,2,3,0,30,"Gregory Soto",19677,642397
"José Suarez","- - -",0,1,6.17142915998192,13,1,0,0,0,1,1,0,23.1,113,30,16,16,1,16,1,1,2,2,30,"Jose Suarez",19911,660761
"Ryan Weiss","HOU",0,3,7.6153854533766365,9,2,0,0,0,0,0,0,26,131,35,24,22,8,20,0,0,0,0,30,"Ryan Weiss",24621,680802
"Ryan Zeferjahn","LAA",2,2,4.808219806229553,19,0,0,0,0,1,4,1,24.1,109,15,15,13,1,15,2,6,0,0,30,"Ryan Zeferjahn",25420,666171
"Graham Ashcraft","CIN",1,1,3.4615389694124326,25,0,0,0,0,1,10,2,26,106,17,11,10,2,16,1,0,2,0,30,"Graham Ashcraft",27552,668933
"Tanner Gordon","COL",0,0,6.585366160014369,7,0,0,0,0,0,0,0,27.1,120,35,20,20,6,6,1,0,1,0,30,"Tanner Gordon",27669,685299
"Christian Scott","NYM",0,0,3.197368581539384,6,6,0,0,0,0,0,0,25.1,114,21,10,9,1,14,0,5,0,1,30,"Christian Scott",30107,681035
"Logan Henderson","MIL",2,1,2.739130434782609,5,5,1,0,0,0,0,0,23,90,18,7,7,2,6,0,0,1,0,30,"Logan Henderson",31475,701656
"Connor Prielipp","MIN",1,2,4.0344827586206895,6,6,1,0,0,0,0,0,29,123,22,18,13,4,12,0,2,0,0,30,"Connor Prielipp",31857,687570
"Reynaldo López","ATL",2,1,3.618556843337102,11,5,1,0,0,0,1,0,32.1,140,29,16,13,6,16,0,1,1,0,29,"Reynaldo Lopez",16400,625643
"Jesse Scholtens","TBR",5,2,3.2201835989360146,8,2,0,0,0,0,0,0,36.1,155,33,13,13,7,11,1,3,0,1,29,"Jesse Scholtens",19205,669947
"Dylan Lee","ATL",2,0,1.1095891860529739,25,0,0,0,0,0,8,1,24.1,88,12,4,3,0,3,0,0,0,0,29,"Dylan Lee",19996,669276
"Juan Mejia","COL",0,4,4.06849401106569,21,1,0,0,0,3,3,1,24.1,109,25,11,11,2,13,2,1,1,0,29,"Juan Mejia",23237,675848
"Brent Headrick","NYY",3,1,2.076923686371931,26,0,0,0,0,0,7,1,26,110,24,7,6,2,9,1,0,1,0,29,"Brent Headrick",27702,687396
"Ian Seymour","TBR",3,0,4.846154912689263,23,1,0,0,0,2,9,0,26,108,23,14,14,3,8,1,1,1,0,29,"Ian Seymour",27932,693855
"Chad Patrick","MIL",2,2,2.634146464005748,12,5,1,0,0,2,2,0,41,165,32,12,12,2,17,1,0,0,0,29,"Chad Patrick",30113,694477
"Spencer Miles","TOR",1,0,2.1724140788655877,14,1,0,0,0,0,0,0,29,116,22,9,7,2,8,0,0,1,0,29,"Spencer Miles",31621,693686
"Brad Lord","WSN",2,0,2.828571736861282,16,0,0,0,0,0,3,0,35,146,30,12,11,4,6,2,4,2,0,29,"Brad Lord",31972,695418
"Trey Yesavage","TOR",2,1,1.0657895271797946,5,5,2,0,0,0,0,0,25.1,101,19,3,3,0,8,0,1,3,0,29,"Trey Yesavage",35456,702056
"Ryne Stanek","STL",1,0,6.000001634870702,24,0,0,0,0,1,9,1,21,101,21,16,14,2,18,1,0,1,0,28,"Ryne Stanek",15947,592773
"David Bednar","NYY",1,3,4.909091334697666,22,0,0,0,0,11,0,2,22,102,26,15,12,2,9,1,1,0,0,28,"David Bednar",19569,670280
"Anthony Nunez","BAL",2,1,4.943662901479165,23,0,0,0,0,3,6,2,23.2,100,20,17,13,4,8,0,0,2,1,28,"Anthony Nunez",25796,689296
"Connor Phillips","CIN",1,0,5.530121371507061,25,0,0,0,0,1,5,0,27.2,133,21,18,17,3,28,0,3,1,0,28,"Connor Phillips",27649,683175
"Mason Montgomery","PIT",1,1,3.4838717179791243,21,3,0,0,0,0,6,0,20.2,86,17,9,8,3,8,0,0,1,0,28,"Mason Montgomery",29770,682254
"Tomoyuki Sugano","COL",4,3,3.8571430399233915,10,10,3,0,0,0,0,0,53.2,222,51,23,23,9,15,0,1,1,0,28,"Tomoyuki Sugano",35321,608372
"Merrill Kelly","ARI",4,3,5.7073170731707314,7,7,3,1,0,0,0,0,41,181,44,26,26,8,18,2,0,0,0,27,"Merrill Kelly",11156,518876
"Lake Bachar","MIA",0,0,2.8421054058127857,16,0,0,0,0,0,1,0,25.1,101,14,9,8,2,9,0,2,2,0,27,"Lake Bachar",19222,669199
"Riley O'Brien","STL",3,2,2.958904496141263,24,0,0,0,0,13,1,4,24.1,98,20,10,8,1,4,0,5,4,0,27,"Riley O'Brien",20348,676617
"Hogan Harris","ATH",2,0,2.958905191935518,27,0,0,0,0,4,8,1,24.1,117,21,9,8,2,21,2,2,0,0,27,"Hogan Harris",21520,663687
"Spencer Strider","ATL",2,0,3,4,4,2,0,0,0,0,0,21,82,12,7,7,4,12,0,0,0,0,27,"Spencer Strider",27498,675911
"Brandon Pfaadt","ARI",0,1,5.603774089073153,11,3,1,0,0,0,2,0,35.1,154,34,25,22,6,15,0,2,2,1,27,"Brandon Pfaadt",27782,694297
"Shane Drohan","MIL",2,1,2.842105619795149,10,1,0,0,0,1,2,0,25.1,106,21,11,8,1,8,0,0,0,0,27,"Shane Drohan",27814,675660
"Ryan Watson","BOS",0,0,5.282609133729448,19,0,0,0,0,0,1,0,30.2,138,32,18,18,5,13,0,2,0,0,27,"Ryan Watson",27853,670245
"Sam Bachman","LAA",1,0,2.4230774563446316,19,0,0,0,0,0,9,1,26,103,16,7,7,2,11,0,1,1,0,27,"Sam Bachman",29754,696147
"Rhett Lowder","CIN",3,3,5.400000179124921,8,8,3,0,0,0,0,0,38.1,166,36,24,23,2,18,0,0,0,1,27,"Rhett Lowder",33876,695076
"Antonio Senzatela","COL",4,0,1.1250001341104667,15,0,0,0,0,3,2,0,32,118,17,5,4,1,8,1,1,0,0,26,"Antonio Senzatela",15488,622608
"Sean Newcomb","CHW",0,1,3.0337085153190775,21,0,0,0,0,1,3,1,29.2,123,27,10,10,1,8,2,4,0,0,26,"Sean Newcomb",16943,656794
"Eric Lauer","TOR",1,5,6.6880736285594145,8,6,0,0,0,0,0,0,36.1,162,38,27,27,11,16,0,0,1,0,26,"Eric Lauer",19316,641778
"Rico Garcia","BAL",3,0,0.8437501257285663,24,0,0,0,0,3,8,1,21.1,75,5,2,2,1,7,0,0,0,0,26,"Rico Garcia",20023,670329
"Daniel Lynch IV","KCR",1,0,1.66153880282979,21,0,0,0,0,1,6,1,21.2,88,13,7,4,1,7,0,2,0,0,26,"Daniel Lynch IV",21537,663738
"DL Hall","MIL",0,0,2.5540545148690095,21,1,0,0,0,0,3,1,24.2,101,12,7,7,1,19,0,1,3,0,26,"DL Hall",22207,669084
"Evan Sisk","PIT",0,0,1.6119406656158597,18,0,0,0,0,0,2,1,22.1,88,16,4,4,1,7,0,3,0,0,26,"Evan Sisk",24995,681895
"Brandon Young","BAL",3,1,3.4678900296234003,7,7,2,0,0,0,0,0,36.1,162,35,22,14,5,16,0,0,2,0,26,"Brandon Young",27819,687064
"Matt Svanson","STL",1,1,8.766235286258029,24,0,0,0,0,0,1,1,25.2,126,35,25,25,5,15,0,1,3,0,26,"Matt Svanson",29629,694335
"Tim Mayza","PHI",1,1,3.9078952272183303,22,1,0,0,0,0,1,0,25.1,102,19,12,11,4,7,1,1,1,0,25,"Tim Mayza",15042,641835
"Brad Keller","PHI",2,1,3.7384619772646364,22,0,0,0,0,3,5,1,21.2,88,18,10,9,3,6,0,1,2,0,25,"Brad Keller",15734,641745
"Devin Williams","NYM",3,2,6.352941889251472,20,0,0,0,0,7,0,1,17,77,18,12,12,2,10,1,0,0,0,25,"Devin Williams",15816,642207
"Brandon Woodruff","MIL",2,1,3.6,6,6,2,0,0,0,0,0,30,121,24,13,12,4,7,1,1,0,0,25,"Brandon Woodruff",16162,605540
"Tanner Scott","LAD",1,1,1.2461539924215455,23,0,0,0,0,4,4,0,21.2,77,10,3,3,2,3,0,0,0,0,25,"Tanner Scott",17586,656945
"Brock Burke","CIN",1,2,3.3750008046628963,25,0,0,0,0,1,6,0,24,108,20,13,9,2,16,2,1,0,0,25,"Brock Burke",17968,656271
"Tyler Kinley","ATL",4,2,3.573529812703953,25,0,0,0,0,0,6,2,22.2,96,19,10,9,4,9,1,1,1,0,25,"Tyler Kinley",18297,641755
"Tommy Nance","TOR",0,2,3.8571439081311656,20,0,0,0,0,0,1,1,21,85,16,9,9,1,8,0,0,2,0,25,"Tommy Nance",19178,667297
"Jacob Webb","CHC",0,1,2.9076929049521323,22,0,0,0,0,1,2,2,21.2,94,22,10,7,3,8,0,0,0,0,25,"Jacob Webb",19274,657097
"Bryan Baker","TBR",1,0,2.531250150874266,23,0,0,0,0,14,1,3,21.1,86,13,6,6,1,9,0,0,0,1,25,"Bryan Baker",19804,641329
"Garrett Whitlock","BOS",3,1,3.2033899340674816,20,0,0,0,0,0,9,1,19.2,81,16,8,7,2,6,0,0,1,0,25,"Garrett Whitlock",20191,676477
"Ron Marinaccio","SDP",1,0,3.9000004959107075,19,0,0,0,0,0,1,0,30,122,29,13,13,3,9,0,0,3,0,25,"Ron Marinaccio",23488,676760
"Alex Vesia","LAD",1,1,2.500000529819177,22,0,0,0,0,2,5,0,18,71,8,5,5,0,9,0,0,0,1,25,"Alex Vesia",25007,681911
"Caleb Kilian","SFG",1,2,2.4179109984237894,21,0,0,0,0,3,3,0,22.1,91,12,8,6,3,12,2,1,0,0,25,"Caleb Kilian",26213,668873
"Justin Sterner","ATH",2,3,4.013514547996147,25,0,0,0,0,0,9,1,24.2,104,24,13,11,4,7,1,0,0,0,25,"Justin Sterner",27694,686993
"Mason Fluharty","TOR",2,0,4.8214304599234135,27,2,0,0,0,0,7,0,18.2,84,20,10,10,1,9,1,0,0,0,25,"Mason Fluharty",31553,689254
"Brent Suter","LAA",1,2,4.666667325997151,19,2,0,0,0,0,3,0,27,111,25,15,14,3,12,1,0,1,0,24,"Brent Suter",13942,608718
"Nick Pivetta","SDP",1,2,4.5,4,4,0,0,0,0,0,0,16,66,12,8,8,0,6,0,0,0,0,24,"Nick Pivetta",15454,601713
"Mark Leiter Jr.","ATH",0,1,5.9558835223474125,24,0,0,0,0,4,2,2,22.2,101,27,15,15,2,7,1,1,1,0,24,"Mark Leiter Jr.",15551,643410
"José Alvarado","PHI",1,1,6.11320974717401,23,0,0,0,0,0,7,1,17.2,90,26,13,12,1,8,2,4,2,0,24,"Jose Alvarado",17780,621237
"Seranthony Domínguez","CHW",3,3,4.57627177820649,21,0,0,0,0,10,0,3,19.2,87,14,13,10,5,11,1,2,2,0,24,"Seranthony Dominguez",19249,622554
"Matt Festa","CLE",1,0,4.432837209024267,23,0,0,0,0,1,7,0,22.1,98,20,12,11,4,7,0,3,0,0,24,"Matt Festa",19330,670036
"Kevin Ginkel","ARI",1,2,3.048387753231734,22,0,0,0,0,0,3,0,20.2,84,16,8,7,1,6,0,0,1,1,24,"Kevin Ginkel",19876,656464
"Bryan Hudson","CHW",2,1,1.4794523060534748,25,3,0,0,0,2,2,1,24.1,103,21,5,4,0,10,1,3,0,1,24,"Bryan Hudson",19924,663542
"Griffin Jax","TBR",1,2,3.535714646991455,16,5,0,0,0,0,2,2,28,117,23,15,11,4,15,1,0,1,0,24,"Griffin Jax",20253,643377
"Andrew Nardi","MIA",3,2,5.225807576968687,23,0,0,0,0,0,7,0,20.2,91,20,12,12,3,11,0,0,1,0,24,"Andrew Nardi",25942,677053
"Jack Dreyer","LAD",2,1,2.076923320702576,20,0,0,0,0,0,3,1,21.2,84,15,5,5,1,6,0,1,0,0,24,"Jack Dreyer",30249,676263
"Didier Fuentes","ATL",3,0,2.7457630669238937,12,1,0,0,0,0,1,0,19.2,81,13,6,6,1,7,0,2,0,0,24,"Didier Fuentes",30661,800311
"Jack Perkins","ATH",2,2,5.311476240232537,14,0,0,0,0,3,1,2,20.1,95,23,14,12,0,5,0,6,0,0,24,"Jack Perkins",31468,678022
"Zach Agnos","COL",0,0,4.7647061496457574,14,1,0,0,0,2,0,0,34,145,32,20,18,3,11,1,1,1,0,24,"Zach Agnos",31552,688642
"AJ Blubaugh","HOU",2,2,4.831579335389736,21,0,0,0,0,0,3,0,31.2,139,23,17,17,5,21,0,1,3,0,24,"AJ Blubaugh",31764,805123
"Brooks Raley","NYM",1,1,1.3500003862382086,22,0,0,0,0,0,8,0,20,84,15,4,3,1,9,1,1,1,0,23,"Brooks Raley",10061,548384
"Aroldis Chapman","BOS",0,1,0.5094339805975133,18,0,0,0,0,12,0,0,17.2,68,8,1,1,0,7,0,1,1,0,23,"Aroldis Chapman",10233,547973
"Zack Littell","WSN",3,4,5.827338529308136,10,7,0,0,0,0,0,0,46.1,208,52,37,30,15,15,0,1,0,0,23,"Zack Littell",15823,641793
"Luke Weaver","NYM",2,1,3.2238810559003825,21,0,0,0,0,0,6,2,22.1,91,16,8,8,2,8,0,1,0,0,23,"Luke Weaver",16918,596133
"Tanner Banks","PHI",0,3,6.406780489489085,20,0,0,0,0,0,2,1,19.2,99,30,15,14,1,10,1,0,0,0,23,"Tanner Banks",16990,621383
"Anthony Bender","MIA",1,0,3.3750008046628963,22,0,0,0,0,1,4,2,21.1,87,12,8,8,0,9,1,2,3,0,23,"Anthony Bender",19742,669622
"Alex Lange","KCR",0,2,4.875000387430222,21,0,0,0,0,0,0,0,24,101,20,14,13,2,13,0,2,3,0,23,"Alex Lange",19883,656638
"Jhoan Duran","PHI",1,2,1.8409091707103544,15,0,0,0,0,9,0,0,14.2,58,11,4,3,1,5,0,0,1,0,23,"Jhoan Duran",21029,661395
"Juan Morillo","ARI",1,1,2.6129037884843433,23,0,0,0,0,1,8,3,20.2,85,13,6,6,1,7,0,2,1,0,23,"Juan Morillo",21924,666661
"Cole Winn","TEX",2,1,5.5862078150729175,22,0,0,0,0,1,5,0,19.1,89,22,12,12,3,7,1,1,3,0,23,"Cole Winn",22113,668390
"Tobias Myers","NYM",0,1,3.5604400455110214,17,2,0,0,0,1,1,1,30.1,121,25,14,12,5,7,1,0,0,0,23,"Tobias Myers",22191,668964
"Mick Abel","MIN",1,2,3.9836066196567756,4,3,2,0,0,0,0,0,20.1,93,22,9,9,0,10,1,3,0,0,23,"Mick Abel",27756,690953
"Will Klein","LAD",1,2,2.1093753143214156,16,1,0,0,0,1,4,1,21.1,87,18,5,5,0,6,2,1,1,0,23,"Will Klein",27787,694361
"Bradgley Rodriguez","SDP",0,2,1.7763161461109656,22,2,0,0,0,0,3,1,25.1,103,20,5,5,0,7,1,0,0,0,23,"Bradgley Rodriguez",29107,699134
"Kodai Senga","NYM",0,4,9.000000858306967,5,5,1,0,0,0,0,0,20,97,26,21,20,5,13,0,1,0,0,23,"Kodai Senga",31838,673540
"Paul Sewald","ARI",1,4,3.7241385433819447,22,0,0,0,0,12,0,1,19.1,74,9,9,8,3,6,0,1,1,0,22,"Paul Sewald",13892,623149
"Scott Barlow","ATH",1,0,2.880000659179838,25,0,0,0,0,1,8,1,25,101,11,9,8,2,10,1,5,0,0,22,"Scott Barlow",14993,605130
"Justin Lawrence","PIT",0,2,5.311476240232537,22,0,0,0,0,0,2,1,20.1,96,20,18,12,3,10,1,4,1,0,22,"Justin Lawrence",17639,664875
"Trevor Megill","MIL",0,2,5.294117647058823,18,0,0,0,0,5,6,1,17,73,14,11,10,0,6,0,1,3,0,22,"Trevor Megill",17722,656730
"JoJo Romero","STL",0,1,2.918919671269925,24,0,0,0,0,0,15,1,24.2,101,20,8,8,3,10,1,1,0,0,22,"JoJo Romero",19574,668941
"Tyler Wells","BAL",0,1,3.085714706109552,18,0,0,0,0,0,7,0,23.1,96,22,9,8,2,6,0,1,1,0,22,"Tyler Wells",20000,669330
"Calvin Faucher","MIA",4,3,3.919355682726515,21,0,0,0,0,1,3,2,20.2,94,17,14,9,0,17,1,0,3,0,22,"Calvin Faucher",20116,676534
"Eduard Bazardo","SEA",3,2,2.3142864079380168,25,0,0,0,0,0,9,2,23.1,99,22,8,6,2,9,1,1,0,0,22,"Eduard Bazardo",20997,660825
"Yoendrys Gómez","- - -",0,0,4.680000535583558,18,0,0,0,0,2,4,0,25,112,22,14,13,5,13,2,3,1,2,22,"Yoendrys Gomez",22872,672782
"Cody Bolton","HOU",0,1,5.400000257492078,8,3,0,0,0,1,0,0,20,95,21,12,12,3,14,0,1,0,0,22,"Cody Bolton",23265,675989
"Jose A. Ferrer","SEA",0,1,1.8750002980232712,26,0,0,0,0,3,6,1,24,104,27,6,5,1,3,0,3,3,0,22,"Jose A. Ferrer",24017,678606
"Matt Waldron","SDP",1,2,8.485714748149041,6,3,0,0,0,0,0,0,23.1,110,33,22,22,5,7,0,2,0,1,22,"Matt Waldron",25550,663362
"Peyton Pallette","CLE",1,2,5.225806612377985,16,0,0,0,0,0,1,0,20.2,97,17,13,12,2,16,0,3,2,0,22,"Peyton Pallette",31865,688883
"Bryan Abreu","HOU",2,2,6.882354485535226,19,0,0,0,0,3,4,0,17,86,15,14,13,4,20,0,3,4,0,21,"Bryan Abreu",16609,650556
"Enmanuel De Jesus","DET",2,0,5.9062514081600686,16,0,0,0,0,0,0,0,21.1,101,25,17,14,1,11,0,0,0,0,21,"Enmanuel De Jesus",18554,646241
"Richard Lovelady","- - -",2,2,2.347826573709109,22,3,0,0,0,4,4,0,23,103,21,8,6,2,15,4,1,0,0,21,"Richard Lovelady",19337,663992
"Tony Santillan","CIN",1,2,5.850000557899528,22,0,0,0,0,2,10,3,20,88,20,14,13,8,11,0,0,0,0,21,"Tony Santillan",19926,663574
"Michael Petersen","MIA",1,1,3.661017777624759,18,0,0,0,0,1,5,0,19.2,78,14,9,8,1,7,0,0,0,0,21,"Michael Petersen",20827,656848
"Jacob Latz","TEX",1,1,1.90140865502249,19,1,0,0,0,5,2,2,23.2,86,9,5,5,1,5,0,0,1,0,21,"Jacob Latz",21306,656641
"Colin Holderman","CLE",2,0,1.4727275280913488,14,0,0,0,0,0,2,0,18.1,70,9,4,3,1,5,0,0,1,0,21,"Colin Holderman",22361,670059
"Keaton Winn","SFG",1,1,1.9285715336702365,23,0,0,0,0,0,10,0,23.1,86,11,5,5,0,8,1,0,1,0,21,"Keaton Winn",23499,676775
"Simeon Woods Richardson","MIN",0,6,7.534883720930233,10,9,1,0,0,0,0,0,43,203,59,41,36,9,21,0,2,2,0,21,"Simeon Woods Richardson",24494,680573
"Paxton Schultz","WSN",0,2,5.303572151125792,15,0,0,0,0,1,0,1,18.2,85,22,14,11,2,5,1,1,1,0,21,"Paxton Schultz",25501,687606
"Erik Miller","SFG",0,0,3.7674426960263574,16,0,0,0,0,2,6,1,14.1,63,8,6,6,0,12,0,0,1,0,21,"Erik Miller",26252,669062
"Trevor McDonald","SFG",2,1,4.764706416938604,4,4,2,0,0,0,0,0,22.2,94,19,12,12,2,4,0,4,0,0,21,"Trevor McDonald",26448,686790
"Eric Orze","MIN",2,1,3.3750008046628963,21,0,0,0,0,1,6,2,24,103,19,9,9,0,13,2,0,0,0,21,"Eric Orze",27626,679358
"Jaden Hill","COL",0,1,2.8421064043974242,21,0,0,0,0,0,9,1,19,84,17,6,6,1,9,1,0,1,0,21,"Jaden Hill",30250,677955
"JR Ritchie","ATL",1,1,4.55844167135763,5,5,1,0,0,0,0,0,25.2,114,21,15,13,4,16,0,3,0,0,21,"JR Ritchie",31760,702275
"Tatsuya Imai","HOU",1,2,8.307693831314277,5,5,0,0,0,0,0,0,17.1,83,17,16,16,4,14,0,3,1,1,21,"Tatsuya Imai",37124,837227
"Jose Quintana","COL",2,3,5.268293173096184,9,9,1,0,0,0,0,0,41,181,45,27,24,6,17,0,1,1,1,20,"Jose Quintana",11423,500779
"Burch Smith","DET",0,2,3.176471128389589,13,1,0,0,0,0,0,0,17,73,18,8,6,2,7,0,0,0,0,20,"Burch Smith",12784,572143
"Pierce Johnson","CIN",2,1,3.3750008046628963,23,0,0,0,0,1,4,0,21.1,89,18,8,8,3,8,0,0,1,0,20,"Pierce Johnson",13435,572955
"Steven Okert","HOU",0,0,4.029852018959012,25,1,0,0,0,0,5,0,22.1,89,17,10,10,3,7,0,0,0,0,20,"Steven Okert",13580,595345
"Sam Moll","CIN",1,3,2.8636371084483168,24,0,0,0,0,0,2,2,22,94,15,10,7,2,11,1,3,0,0,20,"Sam Moll",14874,594580
"Pete Fairbanks","MIA",2,2,7.615385174045942,14,1,0,0,0,6,1,2,13,58,12,12,11,2,7,1,1,1,0,20,"Pete Fairbanks",17998,664126
"Greg Weissert","BOS",0,1,3.9836075538529077,22,0,0,0,0,0,4,2,20.1,90,22,10,9,4,7,1,1,0,0,20,"Greg Weissert",20375,669711
"Grant Wolfram","BAL",1,1,4.846155979225149,16,0,0,0,0,0,5,0,13,62,19,10,7,0,1,1,3,0,0,20,"Grant Wolfram",21623,664991
"Tyler Holton","DET",0,4,4.4383570921089674,23,2,0,0,0,0,4,1,24.1,106,28,14,12,3,8,0,1,2,0,20,"Tyler Holton",26231,663947
"Mitchell Parker","WSN",2,1,5.25,11,0,0,0,0,0,3,2,24,100,21,14,14,4,7,0,1,2,0,20,"Mitchell Parker",27636,680730
"Robert Suarez","ATL",4,0,0.8059701951422731,22,0,0,0,0,4,6,1,22.1,86,15,2,2,1,5,0,0,1,0,20,"Robert Suarez",30115,663158
"Kenley Jansen","DET",1,3,5.023256259586091,17,0,0,0,0,7,1,4,14.1,59,9,8,8,4,8,0,0,0,1,19,"Kenley Jansen",3096,445276
"Huascar Brazobán","NYM",3,1,1.730769675159004,22,3,0,0,0,0,2,2,26,102,14,6,5,1,10,1,1,1,0,19,"Huascar Brazoban",6107,623211
"Wandy Peralta","SDP",0,0,2.2191785460544837,21,0,0,0,0,0,2,1,24.1,101,23,6,6,3,10,0,1,0,0,19,"Wandy Peralta",14295,593974
"Anthony Banda","MIN",1,0,5.95588452469598,25,0,0,0,0,1,5,0,22.2,100,19,16,15,2,8,0,6,4,0,19,"Anthony Banda",14706,607455
"Germán Márquez","SDP",3,2,5.764045067348803,6,6,0,0,0,0,0,0,29.2,128,31,19,19,8,12,0,1,2,0,19,"German Marquez",15038,608566
"Raisel Iglesias","ATL",0,0,0,15,0,0,0,0,8,0,0,15.2,56,8,0,0,0,3,0,0,0,0,19,"Raisel Iglesias",17130,628452
"Tyler Alexander","TEX",1,0,1.9014088082612175,23,1,0,0,0,2,4,0,23.2,101,24,6,5,1,7,0,2,0,0,19,"Tyler Alexander",17735,641302
"Phil Maton","CHC",0,1,7.875001877546758,18,0,0,0,0,0,3,0,16,77,18,14,14,3,9,0,3,1,0,19,"Phil Maton",18064,664208
"Griffin Canning","SDP",0,2,9.000000536441835,4,4,0,0,0,0,0,0,16,75,19,16,16,2,10,0,0,0,0,19,"Griffin Canning",19867,656288
"Luis Medina","ATH",1,1,2.250000321865128,15,1,0,0,0,0,2,1,20,84,15,9,5,1,9,1,1,2,0,19,"Luis Medina",21649,665622
"Luinder Avila","KCR",0,2,4.418181894791029,9,1,0,0,0,0,0,0,18.1,78,20,9,9,1,10,0,0,0,0,19,"Luinder Avila",24452,679883
"Gus Varland","WSN",1,1,3.9836075538529077,21,0,0,0,0,4,6,2,20.1,90,23,10,9,1,7,1,0,1,0,19,"Gus Varland",24737,681402
"Abner Uribe","MIL",2,2,4.418182584274047,20,0,0,0,0,5,5,2,18.1,75,14,9,9,2,7,0,0,0,0,19,"Abner Uribe",25327,682842
"Brandon Williamson","CIN",2,3,6.107143273158978,6,6,1,0,0,0,0,0,28,128,26,19,19,4,20,0,3,1,0,19,"Brandon Williamson",25463,682227
"JT Brubaker","SFG",0,0,3.3287675581589213,17,0,0,0,0,0,0,0,24.1,106,23,11,9,1,14,0,0,3,0,18,"JT Brubaker",17578,664141
"Enyel De Los Santos","HOU",0,1,4.285715064224073,20,0,0,0,0,3,4,0,21,87,20,10,10,1,4,0,0,0,0,18,"Enyel De Los Santos",18403,660853
"Lucas Erceg","KCR",3,1,4.426229784995519,21,0,0,0,0,11,1,3,20.1,87,19,12,10,0,13,0,0,1,0,18,"Lucas Erceg",19360,668674
"Jake Bird","NYY",1,1,4.4081646380256,20,0,0,0,0,0,6,2,16.1,70,16,8,8,1,4,0,2,0,0,18,"Jake Bird",21267,656234
"Chase Shugart","PHI",2,0,1.5283021067928253,14,0,0,0,0,0,0,0,17.2,68,12,3,3,2,4,0,3,0,0,18,"Chase Shugart",21544,663767
"Jeremiah Estrada","SDP",1,1,3.2400004943848413,16,0,0,0,0,1,6,2,16.2,65,9,8,6,2,8,0,0,1,0,18,"Jeremiah Estrada",22210,669093
"Cooper Criswell","SEA",1,1,3.2238807805690923,19,0,0,0,0,1,3,1,22.1,86,20,9,8,3,5,1,1,1,0,18,"Cooper Criswell",24975,681867
"Bryan King","HOU",0,1,2.700000588553421,20,0,0,0,0,6,4,2,23.1,101,21,9,7,0,9,1,3,0,0,18,"Bryan King",25890,687911
"Edgardo Henriquez","LAD",2,0,3.258620903976763,18,0,0,0,0,0,2,0,19.1,77,12,9,7,1,8,0,2,0,0,18,"Edgardo Henriquez",26944,683618
"Kyle Hurt","LAD",0,0,0.6,15,0,0,0,0,0,3,0,15,57,9,1,1,0,4,1,1,0,0,18,"Kyle Hurt",27514,669165
"Jordan Leasure","CHW",2,1,6.1132087571719245,17,1,0,0,0,0,3,3,17.2,74,14,13,12,6,8,1,0,1,1,18,"Jordan Leasure",29950,673929
"Brant Hurter","DET",4,1,2.8421060477599727,21,0,0,0,0,0,1,0,25.1,101,15,9,8,1,12,1,1,0,0,18,"Brant Hurter",30133,676428
"Taijuan Walker","PHI",1,4,9.13235319733208,5,4,0,0,0,0,0,0,22.2,115,36,25,23,8,11,0,1,0,0,17,"Taijuan Walker",11836,592836
"Matt Strahm","KCR",1,1,3.8571431574251727,17,0,0,0,0,0,8,1,16.1,71,14,7,7,3,7,0,1,1,0,17,"Matt Strahm",13799,621381
"Carlos Rodón","NYY",0,2,4.153846458570514,3,3,0,0,0,0,0,0,13,59,8,7,6,0,11,0,1,2,0,17,"Carlos Rodon",16137,607074
"Jalen Beeks","TEX",2,1,3.000000817435351,23,0,0,0,0,0,5,0,21,87,17,7,7,3,8,1,0,0,0,17,"Jalen Beeks",17192,656222
"Matt Gage","SFG",4,1,2.0769238692066576,26,0,0,0,0,1,5,1,21.2,88,14,6,5,3,11,0,0,0,0,17,"Matt Gage",17381,657424
"Jimmy Herget","COL",0,1,5.0625006034971,15,3,0,0,0,1,3,1,16,70,18,9,9,2,4,0,1,2,0,17,"Jimmy Herget",17556,623474
"Grant Anderson","MIL",1,2,2.953125968110134,21,0,0,0,0,0,5,0,21.1,80,15,8,7,3,8,1,0,0,0,17,"Grant Anderson",20546,681982
"Ryan Feltner","COL",1,1,6.3,5,5,0,0,0,0,0,0,20,88,22,15,14,5,8,0,0,0,0,17,"Ryan Feltner",21446,663372
"George Soriano","STL",2,0,3.32307760565958,23,0,0,0,0,2,8,1,21.2,90,15,9,8,3,10,1,1,0,0,17,"George Soriano",21863,666277
"Camilo Doval","NYY",1,0,5.4000015449528345,23,0,0,0,0,1,3,3,20,83,18,12,12,4,4,0,0,1,0,17,"Camilo Doval",21992,666808
"John King","MIA",1,0,2.109375691507238,24,0,0,0,0,1,3,0,21.1,80,7,5,5,2,8,1,3,0,0,17,"John King",22051,667463
"Kevin Kelly","TBR",3,2,2.918919671269925,24,0,0,0,0,2,11,1,24.2,89,15,10,8,2,5,1,1,0,0,17,"Kevin Kelly",25679,687330
"Hunter Brown","HOU",1,0,0.843750050291422,2,2,1,0,0,0,0,0,10.2,43,5,1,1,0,6,0,0,0,0,17,"Hunter Brown",25880,686613
"Chase Silseth","LAA",1,1,2.076923914915344,23,0,0,0,0,0,4,2,17.1,78,14,5,4,1,13,1,1,3,0,17,"Chase Silseth",30074,681217
"Andrew Morris","MIN",1,2,4.569231707781922,14,1,0,0,0,1,4,2,21.2,98,25,12,11,1,9,0,0,1,0,17,"Andrew Morris",31891,702193
"Shawn Armstrong","CLE",1,0,3.648649589087406,14,0,0,0,0,0,4,0,12.1,53,9,5,5,2,8,0,1,0,0,16,"Shawn Armstrong",12857,542888
"Joe Mantiply","TOR",1,0,2.0377363623908615,17,0,0,0,0,0,0,0,17.2,71,16,4,4,1,4,0,1,0,0,16,"Joe Mantiply",14857,573009
"Cole Sulser","TBR",1,0,3.6818185010232494,18,1,0,0,0,2,4,0,22,95,21,11,9,1,9,2,0,3,0,16,"Cole Sulser",15256,642121
"Brennan Bernardino","COL",2,2,3.5409848452323525,24,2,0,0,0,0,3,1,20.1,86,21,11,8,1,5,1,1,1,0,16,"Brennan Bernardino",16835,657514
"Jake Woodford","MIL",1,0,6.157895355013331,13,0,0,0,0,1,0,0,19,91,26,13,13,1,7,0,0,0,0,16,"Jake Woodford",18674,663765
"Dean Kremer","BAL",0,1,4.090909090909091,2,2,1,0,0,0,0,0,11,43,8,7,5,4,2,0,0,0,0,16,"Dean Kremer",19350,665152
"Will Vest","DET",1,3,5.522728230342558,16,0,0,0,0,0,5,2,14.2,63,13,11,9,1,6,0,0,1,0,16,"Will Vest",19769,676684
"PJ Poulin","WSN",3,0,3.3230777519273285,23,5,0,0,0,2,4,2,21.2,96,18,9,8,3,14,1,1,1,0,16,"PJ Poulin",23394,676571
"Jonathan Bowlan","PHI",1,0,4.9591846386626575,16,0,0,0,0,0,0,0,16.1,68,16,10,9,1,4,0,0,0,0,16,"Jonathan Bowlan",24607,680742
"Victor Vodnik","COL",1,2,8.000000847710593,18,0,0,0,0,4,0,2,18,90,25,17,16,2,13,1,1,3,0,16,"Victor Vodnik",24614,680767
"Austin Warren","NYM",0,1,1.723404535075173,11,0,0,0,0,0,0,0,15.2,64,12,4,3,1,7,0,0,0,0,16,"Austin Warren",24937,681810
"Joe Boyle","TBR",0,1,5.170212975774439,3,3,1,0,0,0,0,0,15.2,66,11,11,9,1,6,0,0,1,0,16,"Joe Boyle",29608,671212
"Andrew Alvarez","WSN",1,0,2.8421054058127857,4,0,0,0,0,1,2,0,12.2,49,10,4,4,1,3,0,0,0,0,16,"Andrew Alvarez",29914,674841
"Orion Kerkering","PHI",2,0,2.454545880152248,21,0,0,0,0,1,2,0,18.1,78,14,6,5,2,7,0,1,0,0,16,"Orion Kerkering",31776,689147
"Craig Kimbrel","NYM",0,2,6.00000076293955,14,0,0,0,0,0,1,0,15,64,16,12,10,3,6,1,0,1,0,15,"Craig Kimbrel",6655,518886
"Blake Treinen","LAD",1,1,3.3061230924417715,20,0,0,0,0,0,6,2,16.1,71,16,6,6,2,6,2,1,0,0,15,"Blake Treinen",12572,595014
"Taylor Rogers","MIN",0,1,3.724139278199165,22,0,0,0,0,2,5,0,19.1,87,25,8,8,0,6,0,1,0,0,15,"Taylor Rogers",13449,573124
"Paul Blackburn","NYY",2,1,3.2238810559003825,15,1,0,0,0,0,0,0,22.1,95,22,9,8,1,10,0,1,0,0,15,"Paul Blackburn",14739,621112
"Kyle Finnegan","DET",1,0,1.824324653477864,24,0,0,0,0,1,6,3,24.2,105,21,5,5,2,19,0,0,0,0,15,"Kyle Finnegan",15009,640448
"Tyler Rogers","TOR",1,2,1.542857353054776,24,0,0,0,0,1,9,2,23.1,94,17,5,4,0,8,3,0,0,0,15,"Tyler Rogers",15541,643511
"Dennis Santana","PIT",2,3,5.484375326894243,23,0,0,0,0,2,3,2,21.1,95,22,15,13,3,10,1,1,0,0,15,"Dennis Santana",17878,642701
"Ryan Helsley","BAL",0,2,2.531250150874266,12,0,0,0,0,7,0,0,10.2,46,7,3,3,0,7,1,0,3,0,15,"Ryan Helsley",18138,664854
"Jordan Hicks","CHW",0,1,5.603774996574868,20,0,0,0,0,1,3,1,17.2,87,20,11,11,1,17,2,1,3,0,15,"Jordan Hicks",19618,663855
"Isaac Mattson","PIT",0,0,4.118644999827854,21,0,0,0,0,0,7,2,19.2,87,19,9,9,0,10,0,1,0,0,15,"Isaac Mattson",20385,676755
"Ryan Rolison","CHC",3,1,3.6000006866456387,13,0,0,0,0,0,0,1,15,60,13,7,6,3,6,0,0,1,0,15,"Ryan Rolison",22200,669020
"Yennier Cano","BAL",1,1,1.4210529168887724,23,0,0,0,0,0,4,0,19,66,7,3,3,1,3,0,1,0,0,15,"Yennier Cano",25911,666974
"Cole Wilcox","SEA",0,0,5.40000090122238,11,0,0,0,0,0,0,0,13.1,70,17,8,8,1,12,1,2,1,0,15,"Cole Wilcox",27481,677961
"David Morgan","SDP",2,0,6.0750014483932135,11,0,0,0,0,0,0,0,13.1,68,17,10,9,2,11,1,2,2,0,15,"David Morgan",31616,688158
"Mitch Farris","LAA",0,0,3.5,8,0,0,0,0,0,0,0,18,76,22,7,7,4,5,0,0,1,0,15,"Mitch Farris",33628,815083
"Ryan Borucki","SFG",1,1,4.118644999827854,19,0,0,0,0,0,1,1,19.2,85,21,10,9,2,7,1,2,0,0,14,"Ryan Borucki",16350,621366
"Ryan Yarbrough","NYY",0,0,4.320000659179788,10,0,0,0,0,0,0,0,16.2,71,13,8,8,1,6,1,2,0,1,14,"Ryan Yarbrough",16502,642232
"Connor Seabold","DET",1,0,3.4468088603333067,11,0,0,0,0,0,0,0,15.2,69,17,6,6,2,5,0,1,0,0,14,"Connor Seabold",19695,657756
"Zack Kelly","BOS",0,2,3.3061234785191993,17,0,0,0,0,0,3,0,16.1,71,14,8,6,1,7,0,1,1,0,14,"Zack Kelly",20349,677161
"Ryan Walker","SFG",0,1,6.456523077700051,16,0,0,0,0,3,2,3,15.1,73,19,12,11,2,10,2,0,3,0,14,"Ryan Walker",20423,676254
"Connor Brogdon","CLE",2,2,5.282609790845496,15,0,0,0,0,1,4,1,15.1,67,14,12,9,5,3,0,0,2,0,14,"Connor Brogdon",21205,641401
"Stephen Kolek","KCR",3,0,2.769230769230769,4,4,3,1,1,0,0,0,26,98,17,8,8,3,5,0,1,2,0,14,"Stephen Kolek",21487,663568
"Javier Assad","CHC",3,1,5.884616032154674,8,3,0,0,0,0,0,0,26,108,26,17,17,4,7,0,0,1,0,14,"Javier Assad",21741,665871
"Steven Cruz","KCR",0,2,8.709679294947811,11,0,0,0,0,0,0,1,10.1,51,11,11,10,5,8,2,0,0,0,14,"Steven Cruz",23165,674444
"Justin Bruihl","STL",0,0,5.55882508862021,25,0,0,0,0,0,5,1,22.2,105,22,16,14,2,13,0,4,1,0,14,"Justin Bruihl",23779,677865
"Nick Mears","KCR",2,3,3.8571433826369397,20,0,0,0,0,0,5,2,18.2,77,16,8,8,2,9,1,0,1,0,14,"Nick Mears",25376,683232
"Luis Mey","CIN",0,0,5.40000020599366,6,0,0,0,0,0,1,0,8.1,40,6,5,5,2,7,0,2,2,0,14,"Luis Mey",25620,682825
"Kendry Rojas","MIN",1,0,1.255813981340408,5,1,0,0,0,0,1,0,14.1,61,11,2,2,0,10,0,1,1,0,14,"Kendry Rojas",29423,696070
"Jakob Junis","TEX",0,1,1.5652175211050217,19,1,0,0,0,3,5,0,23,87,12,4,4,0,5,1,2,0,0,13,"Jakob Junis",13619,596001
"Aaron Bummer","ATL",1,1,7.630436839138506,19,0,0,0,0,0,4,0,15.1,77,18,15,13,6,10,0,1,0,0,13,"Aaron Bummer",16258,607481
"Garrett Cleavinger","TBR",1,1,5.400000823974735,11,0,0,0,0,1,7,1,8.1,42,11,6,5,1,6,1,1,1,0,13,"Garrett Cleavinger",17897,664076
"Trevor Richards","- - -",0,0,7.500000596046495,8,0,0,0,0,0,0,1,12,53,13,10,10,4,5,0,0,0,0,13,"Trevor Richards",19309,670950
"Cal Quantrill","TEX",2,0,2.7931036319800824,8,0,0,0,0,0,0,0,19.1,80,16,9,6,1,8,0,1,0,0,13,"Cal Quantrill",19312,615698
"Mason Englert","TBR",0,1,5.625000670552334,10,1,0,0,0,1,0,0,16,73,22,11,10,4,4,2,0,1,0,13,"Mason Englert",22288,669438
"Ryan Fernandez","STL",1,0,1.1739131408287662,5,0,0,0,0,0,0,0,7.2,32,7,3,1,0,2,0,0,0,0,13,"Ryan Fernandez",24862,681676
"Tim Herrin","CLE",0,1,2.1176477716045734,22,0,0,0,0,0,5,0,17,80,15,5,4,1,12,3,2,2,0,13,"Tim Herrin",25139,682120
"Casey Legumina","- - -",1,1,3.661017600094967,15,0,0,0,0,0,1,0,19.2,87,23,8,8,0,6,1,3,0,0,13,"Casey Legumina",25921,668984
"Hunter Bigge","TBR",1,1,5.603774391573692,15,0,0,0,0,0,5,0,17.2,74,11,12,11,1,10,1,0,0,0,13,"Hunter Bigge",26259,685801
"Jose Franco","CIN",0,0,5.40000020599366,9,0,0,0,0,0,1,0,16.2,79,18,11,10,3,14,0,0,0,0,13,"Jose Franco",27014,683742
"Clayton Beeter","WSN",1,0,2.9189192198592746,12,0,0,0,0,2,2,2,12.1,53,5,4,4,2,9,2,1,6,0,13,"Clayton Beeter",27494,690925
"Tyler Samaniego","BOS",0,2,1.0384618431859656,18,0,0,0,0,0,1,0,17.1,72,13,4,2,1,7,0,2,0,0,13,"Tyler Samaniego",30081,701719
"Tyler Davis","CHW",2,1,2.454545880152248,12,0,0,0,0,0,0,0,14.2,56,4,5,4,1,8,2,0,0,0,13,"Tyler Davis",34847,699823
"Caleb Thielbar","CHC",2,2,3.3750008046628963,13,0,0,0,0,2,1,1,10.2,47,8,5,4,2,6,1,0,1,0,12,"Caleb Thielbar",10078,573204
"Drew Pomeranz","LAA",0,3,7.20000091552746,17,0,0,0,0,0,6,2,15,72,18,13,12,4,8,4,2,0,0,12,"Drew Pomeranz",11426,519141
"Dietrich Enns","BAL",2,0,3.6000006866456387,12,0,0,0,0,0,0,0,15,65,11,6,6,0,11,0,0,1,0,12,"Dietrich Enns",13932,608650
"Justin Topa","MIN",0,1,8.052634812459369,23,0,0,0,0,2,4,0,19,92,27,18,17,4,11,0,1,1,0,12,"Justin Topa",15145,623437
"Jordan Romano","LAA",0,2,10.125002413988689,11,0,0,0,0,4,0,2,8,42,11,9,9,1,6,0,1,1,0,12,"Jordan Romano",16122,605447
"Ryan Thompson","ARI",2,1,3.115385529557897,23,0,0,0,0,0,4,1,17.1,72,15,7,6,2,6,1,1,0,2,12,"Ryan Thompson",16647,657044
"Gabe Speier","SEA",0,2,2.918919671269925,15,0,0,0,0,1,5,0,12.1,56,14,6,4,1,5,1,1,0,0,12,"Gabe Speier",17170,642100
"Shaun Anderson","LAA",1,0,5.9400002265930265,9,0,0,0,0,0,0,0,16.2,73,17,13,11,3,8,0,1,1,0,12,"Shaun Anderson",19453,641312
"Jonathan Loáisiga","ARI",1,1,2.7931039075364588,21,0,0,0,0,1,4,3,19.1,76,17,6,6,1,3,0,1,0,0,12,"Jonathan Loaisiga",19753,642528
"Joel Kuhnel","ATH",1,1,2.177419823736953,20,0,0,0,0,4,3,0,20.2,83,16,5,5,1,5,0,2,1,0,12,"Joel Kuhnel",19995,669270
"John Schreiber","KCR",0,2,3.098361430774484,22,0,0,0,0,1,2,0,20.1,88,19,7,7,3,10,3,1,3,0,12,"John Schreiber",20020,670167
"Hunter Gaddis","CLE",1,1,4.7250011265280545,16,0,0,0,0,1,6,1,13.1,61,15,7,7,2,6,0,0,0,0,12,"Hunter Gaddis",25636,683769
"Justin Slaten","BOS",0,2,4.153846915657138,10,0,0,0,0,0,5,1,8.2,37,8,5,4,2,3,0,0,0,0,12,"Justin Slaten",25648,686580
"Gordon Graceffo","STL",3,1,1.6463418846539923,23,0,0,0,0,1,3,0,27.1,103,14,7,5,2,11,1,2,0,0,12,"Gordon Graceffo",29519,700669
"Andrew Hoffmann","ARI",1,0,7.714286765273879,8,0,0,0,0,0,0,0,11.2,59,16,12,10,3,8,0,1,0,0,12,"Andrew Hoffmann",29633,694851
"Cade Povich","BAL",1,1,5.120689991963484,4,3,1,0,0,0,0,0,19.1,82,19,11,11,4,7,0,1,0,0,12,"Cade Povich",30055,700249
"Ty Madden","DET",0,0,2.3823530079996726,3,0,0,0,0,0,0,0,11.1,43,7,3,3,1,2,0,0,0,0,12,"Ty Madden",30140,680744
"Alex Hoppe","SEA",0,1,6.352941889251472,10,0,0,0,0,0,0,0,11.1,53,13,9,8,0,5,0,1,1,0,12,"Alex Hoppe",31880,695380
"Yuki Matsui","SDP",0,0,0,5,0,0,0,0,0,0,0,10,39,5,0,0,0,6,0,0,0,0,12,"Yuki Matsui",33826,673513
"Carl Edwards Jr.","NYM",0,0,1.500000238418617,2,0,0,0,0,0,0,0,6,25,3,1,1,1,4,0,0,0,0,11,"Carl Edwards Jr.",13607,605218
"Emilio Pagán","CIN",2,1,6.428571866483134,15,0,0,0,0,6,0,3,14,62,14,10,10,3,6,1,1,2,0,11,"Emilio Pagan",14771,641941
"Keegan Akin","BAL",0,0,12.656251885928494,12,2,0,0,0,0,0,0,10.2,54,18,15,15,3,4,0,0,0,0,11,"Keegan Akin",19362,669211
"Cole Sands","MIN",1,1,4.62857243752015,12,0,0,0,0,1,3,0,11.2,50,12,6,6,2,4,0,0,1,0,11,"Cole Sands",21461,663485
"Osvaldo Bido","- - -",2,0,6.267857676562043,11,0,0,0,0,1,0,0,18.2,81,15,13,13,3,10,0,4,4,0,11,"Osvaldo Bido",23150,674370
"Peyton Gray","TEX",0,0,2.0769233816474593,8,0,0,0,0,0,1,0,13,56,9,5,3,0,7,1,0,0,0,11,"Peyton Gray",25310,682608
"Matt Brash","SEA",3,0,0,16,0,0,0,0,0,5,1,13.1,47,6,1,0,0,2,1,1,0,0,11,"Matt Brash",25756,666374
"Gavin Collyer","TEX",1,1,2.70000045061119,15,0,0,0,0,0,0,0,13.1,57,7,5,4,0,8,0,4,1,0,11,"Gavin Collyer",26349,686560
"Nick Lodolo","CIN",0,1,7.200000457763701,3,3,0,0,0,0,0,0,15,67,14,12,12,4,9,0,3,0,0,11,"Nick Lodolo",26378,666157
"Daniel Palencia","CHC",1,0,1.8620692716909724,11,0,0,0,0,3,0,0,9.2,42,10,2,2,1,4,1,0,0,0,11,"Daniel Palencia",27914,694037
"Colton Gordon","HOU",0,0,11.571430147910819,4,1,0,0,0,0,0,0,9.1,50,21,12,12,6,3,1,1,1,0,11,"Colton Gordon",31312,676467
"Shane Smith","CHW",0,2,10.80000164794947,3,3,0,0,0,0,0,0,8.1,49,12,12,10,1,9,0,1,0,0,11,"Shane Smith",31687,681343
"Zebby Matthews","MIN",1,1,1.3846153846153846,2,2,2,0,0,0,0,0,13,48,9,2,2,1,1,0,0,0,0,11,"Zebby Matthews",31827,805673
"José Fermin","LAA",1,1,3.1764712119186203,12,0,0,0,0,0,1,0,11.1,52,8,4,4,1,8,1,2,2,0,11,"Jose Fermin",33908,820862
"Max Scherzer","TOR",1,3,9.642857471290911,5,5,2,0,0,0,0,0,18.2,84,22,20,20,7,8,0,1,0,0,10,"Max Scherzer",3137,453286
"Albert Suárez","BAL",1,0,2.74576280062927,7,0,0,0,0,1,0,0,19.2,81,14,10,6,3,9,0,0,0,0,10,"Albert Suarez",6175,544150
"Jason Adam","SDP",2,0,1.0188680711952167,19,0,0,0,0,1,11,0,17.2,70,12,2,2,1,5,0,1,0,0,10,"Jason Adam",11861,592094
"Hoby Milner","CHC",1,0,1.9285718489667292,23,0,0,0,0,1,3,1,23.1,92,16,5,5,2,6,0,2,0,0,10,"Hoby Milner",13346,571948
"Lucas Sims","CHW",0,2,4.5000008583070485,9,0,0,0,0,0,2,0,10,46,9,7,5,1,7,0,1,0,0,10,"Lucas Sims",13470,608371
"Edwin Díaz","LAD",1,0,10.5,7,0,0,0,0,4,0,1,6,33,9,7,7,1,5,1,1,1,0,10,"Edwin Diaz",14710,621242
"Tim Hill","NYY",1,2,2.612904029632085,25,0,0,0,0,0,8,1,20.2,85,18,8,6,1,5,1,1,0,0,10,"Tim Hill",16814,657612
"Taylor Clarke","ARI",1,1,1.9852945074491375,24,0,0,0,0,0,11,1,22.2,85,13,6,5,1,3,1,2,0,0,10,"Taylor Clarke",17611,664199
"Kyle Hart","SDP",0,1,5.400000823974735,12,0,0,0,0,0,4,0,16.2,68,12,10,10,0,6,0,2,0,0,10,"Kyle Hart",19646,606996
"Jason Alexander","HOU",1,0,7.2972974853850054,3,1,1,0,0,0,0,0,12.1,57,15,10,10,2,6,0,0,0,0,10,"Jason Alexander",19666,669920
"Kody Funderburk","MIN",1,1,2.8125010058287403,19,0,0,0,0,1,6,0,16,70,9,5,5,1,13,0,2,0,0,10,"Kody Funderburk",24993,681892
"Orlando Ribalta","WSN",0,0,2.314285840404284,12,0,0,0,0,2,1,1,11.2,47,8,4,3,0,4,0,0,0,0,10,"Orlando Ribalta",26247,687377
"Kyle Backhus","PHI",0,0,4.655173638488148,10,1,0,0,0,0,0,0,9.2,41,11,6,5,2,1,0,0,0,0,10,"Kyle Backhus",29615,679775
"Bryce Miller","SEA",0,0,1.6363637782325553,2,2,0,0,0,0,0,0,11,44,9,2,2,1,2,1,0,0,0,10,"Bryce Miller",29837,682243
"Riley Martin","CHC",0,0,2.160000082397464,8,1,0,0,0,0,0,0,8.1,31,5,2,2,1,2,0,0,0,0,10,"Riley Martin",29934,702303
"Blade Tidwell","SFG",0,0,3,8,0,0,0,0,1,1,0,12,47,10,4,4,1,3,0,1,0,0,10,"Blade Tidwell",31701,694918
"Seth Halvorsen","COL",0,0,3.8571429885163644,10,0,0,0,0,0,2,0,9.1,45,9,4,4,0,8,1,0,1,0,10,"Seth Halvorsen",33294,678020
"Kirby Yates","LAA",0,0,4.263158750666317,7,0,0,0,0,1,0,1,6.1,28,4,3,3,1,3,0,1,0,1,9,"Kirby Yates",9073,489446
"Joel Payamps","ATL",0,2,8.217393007981883,12,0,0,0,0,0,2,1,7.2,36,9,9,7,2,4,0,0,0,0,9,"Joel Payamps",14332,606303
"Kolby Allard","CLE",0,0,10.384616146426286,4,0,0,0,0,0,0,0,8.2,45,16,10,10,2,3,1,1,0,0,9,"Kolby Allard",18694,663465
"Cionel Pérez","WSN",2,3,6.187500368803762,16,0,0,0,0,0,4,0,16,73,16,12,11,2,11,0,0,2,0,9,"Cionel Perez",19614,672335
"Eli Morgan","KCR",0,1,5.108108634753731,9,0,0,0,0,1,0,0,12.1,57,15,7,7,3,6,0,0,0,0,9,"Eli Morgan",20203,669212
"Luis Gil","NYY",1,2,6.051724535956845,4,4,1,0,0,0,0,0,19.1,85,15,13,13,6,11,0,3,2,0,9,"Luis Gil",21052,661563
"Elvis Alvarado","ATH",2,0,8.379312549278668,10,0,0,0,0,0,3,0,9.2,44,11,9,9,1,7,0,0,0,0,9,"Elvis Alvarado",21662,665660
"Grayson Rodriguez","LAA",1,1,10.607144302251584,2,2,0,0,0,0,0,0,9.1,46,14,11,11,1,6,0,0,0,0,9,"Grayson Rodriguez",24492,680570
"Garrett Acton","MIN",1,1,2.70000025749209,4,0,0,0,0,0,0,1,6.2,28,4,5,2,0,3,1,1,0,0,9,"Garrett Acton",27583,670183
"Dylan Dodd","ATL",0,0,1.125,4,0,0,0,0,1,0,0,8,30,5,1,1,0,1,1,0,0,0,9,"Dylan Dodd",29928,689266
"Travis Adams","MIN",1,0,3.3750004023314,5,0,0,0,0,1,0,0,8,34,6,3,3,0,3,0,0,0,0,9,"Travis Adams",30180,701519
"Cameron Foster","BAL",0,0,9.000000953674418,6,0,0,0,0,0,0,0,9,49,17,10,9,1,8,0,0,2,0,9,"Cameron Foster",31942,671382
"Andrew Kittredge","BAL",0,1,9.346156588673692,11,0,0,0,0,0,1,1,8.2,45,14,11,9,2,4,1,0,0,0,8,"Andrew Kittredge",12828,552640
"Angel Zerpa","MIL",0,2,6.394738125999476,12,0,0,0,0,2,2,3,12.2,55,16,11,9,2,6,0,0,1,0,8,"Angel Zerpa",22717,672582
"Valente Bellozo","COL",0,1,7.593750452622798,3,0,0,0,0,0,0,0,10.2,48,10,10,9,5,7,2,1,0,0,8,"Valente Bellozo",23899,678368
"Ethan Roberts","CHC",0,0,0.7297298613911456,9,0,0,0,0,0,0,0,12.1,45,5,1,1,0,6,0,2,0,0,8,"Ethan Roberts",24930,681799
"Cody Laweryson","MIN",0,0,4.263158750666317,5,0,0,0,0,1,1,0,6.1,26,3,4,3,0,2,0,2,0,0,8,"Cody Laweryson",26429,689520
"Cole Henry","WSN",0,2,6.4285723043948995,7,0,0,0,0,0,0,2,7,34,8,7,5,1,4,0,1,1,0,8,"Cole Henry",27570,669371
"Ken Waldichuk","WSN",0,0,6.750000919614645,5,0,0,0,0,0,0,1,9.1,41,8,7,7,4,6,0,1,0,0,8,"Ken Waldichuk",27681,686610
"Hunter Barco","PIT",0,1,7.714286765273879,5,0,0,0,0,0,1,1,11.2,60,14,12,10,3,9,0,2,0,0,8,"Hunter Barco",33174,682995
"Chris Martin","TEX",1,1,8.590910580532869,9,0,0,0,0,0,1,1,7.1,34,14,8,7,2,0,0,1,0,0,7,"Chris Martin",11847,455119
"Zach Eflin","BAL",0,0,2.454545880152248,1,1,0,0,0,0,0,0,3.2,17,4,1,1,1,2,0,0,0,0,7,"Zach Eflin",13774,621107
"Tejay Antone","CIN",0,0,6.136363902367847,7,0,0,0,0,1,0,0,7.1,29,5,5,5,1,1,0,1,0,0,7,"Tejay Antone",16233,622088
"Sam Hentges","SFG",0,0,0,6,0,0,0,0,0,1,0,5.2,23,1,0,0,0,5,0,0,0,0,7,"Sam Hentges",18548,656529
"Cam Sanders","PIT",0,0,10.800002059936917,5,0,0,0,0,0,0,0,5,27,6,6,6,0,5,0,1,1,0,7,"Cam Sanders",23479,676742
"Zak Kent","- - -",0,0,5.7857150739554095,6,0,0,0,0,0,0,0,9.1,44,10,9,6,3,5,0,0,0,0,7,"Zak Kent",25703,687849
"Blas Castaño","COL",0,0,3.3750004023314,3,0,0,0,0,0,0,0,8,35,8,3,3,1,4,0,2,0,0,7,"Blas Castano",26117,680604
"Brandon Eisert","CHW",0,0,5.14285784351592,7,0,0,0,0,0,0,0,7,35,9,4,4,0,5,0,0,0,0,7,"Brandon Eisert",27668,685126
"Kyle Nicolas","CIN",1,0,8.590910580532869,7,0,0,0,0,0,0,0,7.1,42,8,7,7,1,13,0,0,2,0,7,"Kyle Nicolas",27775,693312
"Coleman Crow","MIL",0,0,2.6129033061889926,2,2,0,0,0,0,0,0,10.1,40,7,3,3,0,1,0,1,0,0,7,"Coleman Crow",27926,689441
"Robert Gasser","MIL",0,1,6.480000247192392,2,2,0,0,0,0,0,0,8.1,41,7,7,6,1,6,0,3,0,0,7,"Robert Gasser",29812,688107
"Luis Morales","ATH",0,2,14.464286206936366,3,2,0,0,0,0,0,0,9.1,55,17,15,15,5,12,0,1,1,0,7,"Luis Morales",32227,806960
"Brandyn Garcia","ARI",0,0,1.1739132868545545,9,0,0,0,0,0,3,0,7.2,29,5,1,1,0,2,0,1,1,0,7,"Brandyn Garcia",33568,805299
"Luis García","- - -",0,1,9.000000572204627,15,0,0,0,0,2,1,1,15,74,23,16,15,2,6,0,1,0,0,6,"Luis Garcia",6984,472610
"Danny Coulombe","BOS",0,1,5.000002649096727,13,0,0,0,0,0,3,0,9,40,9,5,5,1,4,0,1,0,0,6,"Danny Coulombe",13293,543056
"José Urquidy","PIT",0,1,8.526316217438357,5,0,0,0,0,1,0,0,6.1,36,15,10,6,1,2,0,0,0,0,6,"Jose Urquidy",18413,664353
"Bailey Falter","KCR",0,1,9.818182243788556,4,1,0,0,0,0,0,0,7.1,41,15,8,8,1,6,0,0,1,0,6,"Bailey Falter",20070,663559
"Zach Pop","PHI",0,0,3.681818341420709,7,1,0,0,0,0,0,0,7.1,31,5,3,3,0,3,0,1,0,0,6,"Zach Pop",20185,647315
"Nick Sandlin","LAA",0,1,11.42307901805713,8,0,0,0,0,0,0,0,8.2,40,9,11,11,2,5,0,3,0,0,6,"Nick Sandlin",20517,680704
"Yerry De los Santos","NYY",0,0,1.687500100582844,2,0,0,0,0,0,0,0,5.1,21,4,1,1,1,3,0,0,0,0,6,"Yerry De los Santos",21420,660787
"Brendon Little","TOR",0,2,24.545466781653836,5,0,0,0,0,0,0,2,3.2,24,10,11,10,3,3,1,0,0,0,6,"Brendon Little",21574,663893
"Robert Garcia","TEX",0,1,3.3750008046628963,9,0,0,0,0,0,2,1,8,34,5,5,3,0,7,0,0,0,0,6,"Robert Garcia",23363,676395
"Roddery Muñoz","HOU",0,0,15.750003755093516,3,0,0,0,0,0,0,0,4,25,7,7,7,3,6,0,0,2,0,6,"Roddery Munoz",25311,682610
"Chris Murphy","CHW",1,0,10.500001668930318,6,0,0,0,0,1,0,0,6,32,9,7,7,1,5,0,0,1,0,6,"Chris Murphy",26214,669684
"Christian Roa","HOU",0,1,5.1923092159298285,7,0,0,0,0,0,0,0,8.2,43,10,5,5,1,7,0,3,0,0,6,"Christian Roa",27662,685005
"Wilber Dotel","PIT",0,0,2.3478262816575324,4,0,0,0,0,0,0,0,7.2,31,5,2,2,1,3,0,0,0,0,6,"Wilber Dotel",28901,696062
"Jack Anderson","BOS",0,0,3.375,3,0,0,0,0,0,0,0,8,32,8,3,3,1,2,0,0,0,0,6,"Jack Anderson",30086,681252
"Carter Baumler","TEX",0,0,3.176470944625736,4,0,0,0,0,0,0,0,5.2,27,4,2,2,1,6,0,1,0,0,6,"Carter Baumler",30231,691945
"Elmer Rodríguez","NYY",0,1,4.153846458570514,3,3,0,0,0,0,0,0,13,64,15,6,6,0,9,0,3,1,0,6,"Elmer Rodriguez",31811,695684
"George Klassen","LAA",0,1,11.571430147910819,2,2,0,0,0,0,0,0,4.2,32,7,7,6,1,10,0,0,2,0,6,"George Klassen",33464,691946
"Blake Snell","LAD",0,1,12,1,1,0,0,0,0,0,0,3,18,6,5,4,0,2,0,0,0,0,5,"Blake Snell",13543,605483
"Lucas Giolito","SDP",2,0,2.7,2,2,0,0,0,0,0,0,10,41,5,3,3,0,8,0,1,1,0,5,"Lucas Giolito",15474,608337
"Trent Thornton","CHC",2,0,2.076923229285257,7,0,0,0,0,0,0,0,8.2,33,5,2,2,1,3,1,0,1,0,5,"Trent Thornton",17948,663423
"Alan Rangel","PHI",0,0,3,1,0,0,0,0,0,0,0,3,12,3,1,1,0,0,0,0,0,0,5,"Alan Rangel",19524,660604
"Braxton Garrett","MIA",0,1,14.538462604996798,2,2,0,0,0,0,0,0,4.1,28,7,7,7,0,8,0,0,0,0,5,"Braxton Garrett",21844,666129
"Brenan Hanifee","DET",0,0,1.9285716913184698,7,2,0,0,0,0,0,0,9.1,37,9,2,2,1,1,0,0,0,0,5,"Brenan Hanifee",22304,669724
"José Buttó","SFG",0,0,22.500012069947044,3,0,0,0,0,0,0,0,2,16,6,5,5,2,4,0,0,0,0,5,"Jose Butto",23313,676130
"Josh Walker","BAL",0,0,4.5,3,0,0,0,0,0,0,0,4,16,3,2,2,1,2,0,0,0,0,5,"Josh Walker",23617,677020
"Joey Gerber","NYM",0,0,0,1,0,0,0,0,0,0,0,2,9,2,0,0,0,1,0,0,0,0,5,"Joey Gerber",24591,680702
"Domingo Gonzalez","SEA",0,0,0,4,0,0,0,0,0,0,0,5.2,24,5,0,0,0,3,0,0,0,0,5,"Domingo Gonzalez",25241,682445
"Alek Manoah","LAA",0,0,9.818182243788556,3,0,0,0,0,0,0,0,7.1,39,8,9,8,1,8,0,0,0,0,5,"Alek Manoah",26410,666201
"Jayden Murray","HOU",0,0,7.147059023999018,7,0,0,0,0,0,0,0,11.1,53,16,9,9,0,7,0,0,0,0,5,"Jayden Murray",26482,681151
"Eric Cerantola","KCR",0,0,9,2,0,0,0,0,0,0,0,3,14,2,3,3,1,4,0,0,0,0,5,"Eric Cerantola",30128,672021
"Carlos Rodriguez","MIL",0,0,1.5,3,0,0,0,0,0,0,0,6,25,5,1,1,1,2,0,0,0,0,5,"Carlos Rodriguez",30161,692230
"Mason Black","KCR",0,0,0,4,0,0,0,0,0,0,0,4.2,22,7,0,0,0,2,0,0,0,0,5,"Mason Black",30171,696131
"Paul Gervase","LAD",0,0,1.8,2,0,0,0,0,0,0,0,5,21,5,1,1,0,2,0,0,0,0,5,"Paul Gervase",31571,801434
"Cade Gibson","MIA",0,0,14.727275280913489,2,0,0,0,0,0,0,0,3.2,22,8,6,6,1,2,0,3,0,0,5,"Cade Gibson",31815,806188
"Matt Pushard","STL",0,0,6.230769687855771,4,0,0,0,0,0,0,0,4.1,19,3,3,3,0,3,0,1,1,0,5,"Matt Pushard",31870,690155
"Josh Ekness","MIA",0,0,1.687500100582844,6,0,0,0,0,1,0,1,5.1,22,2,1,1,0,5,0,0,1,0,5,"Josh Ekness",33785,694795
"Ryan Johnson","LAA",0,1,15.120000576782248,4,1,0,0,0,0,0,0,8.1,47,15,14,14,3,7,0,0,1,0,5,"Ryan Johnson",35325,696270
"Michael Kelly","ATH",0,0,6.230769687855771,4,0,0,0,0,0,0,1,4.1,22,6,3,3,1,4,0,0,0,0,4,"Michael Kelly",12791,547184
"Hunter Harvey","CHC",0,1,6.750001609325793,4,0,0,0,0,0,0,0,4,18,5,3,3,2,1,0,0,0,0,4,"Hunter Harvey",15507,640451
"Cristian Javier","HOU",0,1,12.535715993570054,3,3,0,0,0,0,0,0,9.1,48,13,13,13,2,9,0,2,0,0,4,"Cristian Javier",17606,664299
"Joey Lucchesi","LAA",0,1,13.50000997782491,5,0,0,0,0,0,1,1,3.1,24,7,6,5,1,6,0,1,0,0,4,"Joey Lucchesi",19320,664192
"Corbin Martin","CHC",0,0,10.8,7,0,0,0,0,1,0,0,5,25,5,6,6,2,5,0,0,1,0,4,"Corbin Martin",19884,656686
"J.P. France","HOU",0,0,8.10000077247627,3,0,0,0,0,0,0,0,6.2,31,6,6,6,1,5,0,1,1,0,4,"J.P. France",21212,641585
"Bennett Sousa","HOU",0,0,8.10000077247627,5,0,0,0,0,0,0,0,3.1,17,3,3,3,0,5,0,0,0,0,4,"Bennett Sousa",21345,656986
"Chase Solesky","TBR",0,0,6,1,0,0,0,0,0,0,0,3,17,6,2,2,1,1,0,0,0,0,4,"Chase Solesky",25480,686678
"Seth Johnson","PHI",0,0,7.363637640456744,3,0,0,0,0,0,0,0,3.2,21,5,5,3,0,3,0,1,0,0,4,"Seth Johnson",26020,686751
"Taylor Rashi","ARI",1,0,9.818183520608992,3,0,0,0,0,0,0,0,3.2,15,3,4,4,1,1,0,0,0,0,4,"Taylor Rashi",26344,688497
"Jared Koenig","MIL",0,0,0,3,0,0,0,0,0,1,0,2.1,13,3,2,0,0,2,2,0,1,0,4,"Jared Koenig",27517,657649
"Nick Davila","SEA",0,0,0,7,0,0,0,0,0,1,0,7.1,29,3,0,0,0,6,0,0,0,0,4,"Nick Davila",27741,689546
"Brandan Bidois","PIT",0,0,3.375000201165688,5,0,0,0,0,0,0,0,5.1,21,4,2,2,2,3,0,0,0,0,4,"Brandan Bidois",28052,684049
"Ben Casparius","LAD",0,1,9.64285845659235,5,0,0,0,0,0,0,0,4.2,23,6,5,5,1,4,0,0,0,0,4,"Ben Casparius",30085,676508
"Hunter Dobbins","STL",0,0,6.230769687855771,1,1,0,0,0,0,0,0,4.1,19,2,3,3,0,5,0,0,0,0,4,"Hunter Dobbins",30240,690928
"Brian Fitzpatrick","MIL",0,0,1.588235472312868,4,0,0,0,0,0,0,0,5.2,27,7,2,1,0,3,0,0,0,1,4,"Brian Fitzpatrick",31624,702153
"Cade Horton","CHC",1,0,2.454545560947139,2,2,1,0,0,0,0,0,7.1,26,4,2,2,1,2,0,0,0,0,4,"Cade Horton",31872,690990
"Trevor Martin","TBR",0,0,6.230769687855771,3,0,0,0,0,0,0,0,4.1,21,6,3,3,1,1,0,1,1,0,4,"Trevor Martin",31878,694680
"Jake Bennett","BOS",1,1,4.354838843648321,2,2,0,0,0,0,0,0,10.1,42,11,5,5,1,4,0,0,0,0,4,"Jake Bennett",31959,687562
"Trey Gibson","BAL",0,0,5.40000051498418,2,1,0,0,0,0,0,0,6.2,31,7,4,4,2,3,0,0,0,0,4,"Trey Gibson",33794,694346
"Yariel Rodríguez","TOR",0,1,10.384618431859657,5,0,0,0,0,0,0,1,4.1,21,4,6,5,2,4,0,1,1,0,4,"Yariel Rodriguez",33838,684320
"Tyron Guerrero","BOS",0,1,10.800004119874618,2,0,0,0,0,0,1,0,1.2,8,2,2,2,0,1,0,0,0,0,3,"Tyron Guerrero",11691,594027
"Chris Devenski","PIT",0,0,7.714289918240094,3,0,0,0,0,0,0,0,2.1,12,5,2,2,1,0,0,0,0,0,3,"Chris Devenski",12763,606965
"Lou Trivino","BAL",0,0,18.000005722047717,2,0,0,0,0,0,0,0,3,18,6,6,6,0,3,0,0,0,0,3,"Lou Trivino",15043,642152
"Brock Stewart","LAD",0,0,0,2,0,0,0,0,0,1,0,2,7,0,0,0,0,1,0,0,0,0,3,"Brock Stewart",16727,592779
"Tayler Saucedo","LAA",0,0,4.500004827981407,4,0,0,0,0,0,2,0,2,8,2,1,1,0,0,0,1,1,0,3,"Tayler Saucedo",17888,642048
"Cody Ponce","TOR",0,0,3.8571433826369397,1,1,0,0,0,0,0,0,2.1,10,1,1,1,0,1,0,0,1,1,3,"Cody Ponce",17920,664074
"Julian Fernández","WSN",0,0,2.25,3,0,0,0,0,0,0,0,4,18,3,3,1,1,2,0,0,1,0,3,"Julian Fernandez",18341,642759
"Joel Peguero","SFG",0,0,1.0000002119276707,8,0,0,0,0,0,0,0,9,33,5,2,1,0,2,0,2,1,0,3,"Joel Peguero",21951,666711
"Johan Oviedo","BOS",0,0,9.818183520608992,1,0,0,0,0,0,0,0,3.2,18,6,4,4,2,1,0,1,1,0,3,"Johan Oviedo",22487,670912
"Yovanny Cruz","NYY",0,0,0,2,0,0,0,0,0,0,0,2.1,9,1,0,0,0,0,0,1,0,0,3,"Yovanny Cruz",22622,672442
"Codi Heuer","CLE",0,0,3.3750008046628963,2,0,0,0,0,0,1,0,2.2,11,3,1,1,0,1,0,0,0,0,3,"Codi Heuer",23293,676051
"Ricky Vanasco","DET",0,1,14.538465804603518,4,0,0,0,0,0,1,1,4.1,29,10,8,7,2,4,0,0,1,0,3,"Ricky Vanasco",23391,676568
"Luis Curvelo","TEX",0,0,5.4,4,0,0,0,0,0,1,0,5,22,6,3,3,2,2,1,0,1,0,3,"Luis Curvelo",24710,681168
"Lazaro Estrada","TOR",0,0,0,1,0,0,0,0,0,0,0,4,14,0,0,0,0,2,0,0,0,0,3,"Lazaro Estrada",24914,681751
"Adam Macko","TOR",1,0,0,4,0,0,0,0,0,2,0,3.1,13,2,0,0,0,0,0,1,0,0,3,"Adam Macko",25590,671936
"Josh Simpson","SEA",0,0,7.714286765273879,3,0,0,0,0,0,0,0,2.1,10,2,2,2,2,1,0,0,0,0,3,"Josh Simpson",25957,681006
"Angel Chivilli","NYY",0,0,3.857144959120047,2,0,0,0,0,0,0,0,2.1,13,2,1,1,1,3,0,1,0,0,3,"Angel Chivilli",26790,683409
"Rolddy Muñoz","ATL",0,0,13.5,1,0,0,0,0,0,0,0,2,12,5,3,3,1,1,0,0,0,0,3,"Rolddy Munoz",27407,691548
"Mitch Spence","KCR",0,0,13.5,1,0,0,0,0,0,0,0,4,21,4,6,6,1,5,0,0,0,0,3,"Mitch Spence",27707,687765
"Dax Fulton","MIA",0,0,4.5,1,0,0,0,0,0,0,0,4,16,3,2,2,0,2,0,0,0,0,3,"Dax Fulton",27757,690978
"Andre Granillo","WSN",0,0,9.64285944189399,8,0,0,0,0,0,0,0,9.1,50,13,12,10,2,8,0,1,0,0,3,"Andre Granillo",29542,701552
"Alek Jacob","SDP",1,0,9,2,0,0,0,0,0,0,0,2,12,3,2,2,0,2,0,1,0,0,3,"Alek Jacob",29628,689690
"Chris Roycroft","STL",0,0,12.272729400761241,5,0,0,0,0,0,0,0,3.2,25,8,5,5,1,5,0,0,0,0,3,"Chris Roycroft",31261,688297
"Eduardo Rivera","BOS",0,0,0,1,0,0,0,0,0,0,0,3.1,10,1,0,0,0,0,0,0,0,0,3,"Eduardo Rivera",31280,700842
"Troy Melton","DET",1,0,1.588235472312868,1,1,0,0,0,0,0,0,5.2,22,2,1,1,0,3,0,0,1,0,3,"Troy Melton",31807,675512
"Logan VanWey","HOU",0,0,0,2,0,0,0,0,0,0,0,2,7,1,0,0,0,0,0,0,0,0,3,"Logan VanWey",31884,701121
"Zach Thornton","NYM",0,1,8.307692917141027,1,1,0,0,0,0,0,0,4.1,19,4,4,4,1,2,0,0,0,0,3,"Zach Thornton",33891,804267
"Carlos Carrasco","ATL",0,0,0,3,0,0,0,0,0,0,0,3.1,12,1,0,0,0,0,0,1,0,0,2,"Carlos Carrasco",6632,471911
"Joe Ross","ARI",0,0,19.636367041217984,3,0,0,0,0,0,1,0,3.2,22,7,8,8,1,4,0,0,1,0,2,"Joe Ross",12972,605452
"Gerrit Cole","NYY",0,0,0,1,1,1,0,0,0,0,0,6,22,2,0,0,0,3,0,0,0,0,2,"Gerrit Cole",13125,543037
"Ty Blach","CHC",0,0,0,1,0,0,0,0,0,0,0,3,9,1,0,0,0,0,0,0,0,0,2,"Ty Blach",14361,621389
"Yacksel Ríos","CHC",0,0,0,1,0,0,0,0,0,0,0,1.2,5,0,0,0,0,0,0,0,0,0,2,"Yacksel Rios",15007,605441
"Tyler Gilbert","CHW",0,0,20.250004827977378,2,0,0,0,0,0,0,0,2.2,15,4,6,6,2,3,0,0,0,0,2,"Tyler Gilbert",17964,656457
"Keegan Thompson","COL",0,0,0,1,0,0,0,0,0,0,0,2.2,13,3,0,0,0,2,0,0,1,0,2,"Keegan Thompson",19795,624522
"Charlie Barnes","- - -",0,0,5.4,3,0,0,0,0,0,0,0,5,25,5,4,3,0,4,0,1,0,0,2,"Charlie Barnes",19865,656212
"Brooks Kriske","ATH",0,0,0,2,0,0,0,0,0,0,0,2.2,11,2,0,0,0,1,0,0,0,0,2,"Brooks Kriske",21189,621139
"Kervin Castro","NYY",0,0,4.5,1,0,0,0,0,0,0,0,2,8,2,1,1,0,0,0,0,0,0,2,"Kervin Castro",21656,665645
"Nolan Hoffman","PHI",0,0,2.70000025749209,2,0,0,0,0,0,0,0,3.1,15,5,1,1,0,1,0,0,0,0,2,"Nolan Hoffman",23381,676510
"Yaramil Hiraldo","BAL",0,0,21.600008239749236,3,0,0,0,0,0,0,1,1.2,12,3,4,4,2,4,0,0,0,0,2,"Yaramil Hiraldo",25215,682274
"Jackson Rutledge","WSN",0,0,47.25001126528055,1,0,0,0,0,0,0,0,1.1,12,6,7,7,0,2,0,0,0,0,2,"Jackson Rutledge",26215,671131
"Alec Gamboa","BOS",0,0,0,1,0,0,0,0,0,0,0,1,3,0,0,0,0,0,0,0,0,0,2,"Alec Gamboa",26227,687941
"Sam Aldegheri","LAA",1,0,4.764706416938604,2,1,0,0,0,0,0,0,5.2,26,6,3,3,1,3,0,0,0,0,2,"Sam Aldegheri",26443,691951
"Jared Shuster","STL",0,0,2.3478262816575324,4,0,0,0,0,0,0,0,7.2,32,6,3,2,0,3,1,0,1,0,2,"Jared Shuster",27472,694363
"Tyler Uberstine","BOS",0,1,3.3750008046628963,1,0,0,0,0,0,0,0,2.2,11,3,1,1,1,1,0,0,0,0,2,"Tyler Uberstine",29961,700413
"Chase Petty","CIN",0,0,5.9062503520399545,2,2,0,0,0,0,0,0,10.2,45,10,7,7,2,3,0,1,0,0,2,"Chase Petty",30170,695534
"Robby Snelling","MIA",0,1,5.4,1,1,0,0,0,0,0,0,5,22,5,3,3,1,4,0,0,0,0,2,"Robby Snelling",31893,702281
"Jonah Tong","NYM",0,0,0,1,0,0,0,0,0,0,0,3,9,0,0,0,0,1,0,0,0,0,2,"Jonah Tong",32157,804636
"Justin Verlander","DET",0,1,12.272729400761241,1,1,0,0,0,0,0,0,3.2,19,6,5,5,1,2,0,0,1,0,1,"Justin Verlander",8700,434378
"Vince Velasquez","CHC",0,0,0,1,0,0,0,0,0,0,0,2.1,8,1,0,0,0,0,0,0,1,0,1,"Vince Velasquez",11189,592826
"Austin Voth","TOR",0,0,3.3750008046628963,1,0,0,0,0,0,0,0,2.2,12,3,1,1,0,1,0,0,2,0,1,"Austin Voth",15047,608723
"Jose Trevino","CIN",0,0,14.4,4,0,0,0,0,0,0,0,5,29,14,8,8,0,1,0,1,0,0,1,"Jose Trevino",16725,624431
"Jonathan Hernández","LAD",0,0,0,2,0,0,0,0,0,0,0,2,6,0,0,0,0,0,0,0,0,0,1,"Jonathan Hernandez",17464,642546
"Daniel Duarte","NYM",0,0,0,1,0,0,0,0,0,0,0,2.1,7,1,0,0,0,0,0,0,0,0,1,"Daniel Duarte",17480,650960
"P.J. Higgins","CIN",0,0,0,1,0,0,0,0,0,0,0,1,3,0,0,0,0,0,0,0,0,0,1,"P.J. Higgins",18433,664731
"Ian Hamilton","ATL",0,0,27,1,0,0,0,0,0,0,0,1,7,2,3,3,0,2,0,0,0,0,1,"Ian Hamilton",19261,641656
"Jake Rogers","DET",0,0,0,2,0,0,0,0,0,0,0,1.1,6,2,0,0,0,0,0,0,0,0,1,"Jake Rogers",19452,668670
"Tyler Ferguson","ATH",0,0,27.00000643730317,1,0,0,0,0,0,0,0,1.1,8,4,4,4,2,0,0,0,0,0,1,"Tyler Ferguson",19481,621053
"Wyatt Mills","LAD",0,0,8.10000077247627,4,0,0,0,0,0,0,0,3.1,21,3,3,3,0,7,1,1,0,0,1,"Wyatt Mills",20010,670090
"Nick Raquet","BAL",0,0,10.125002413988689,3,0,0,0,0,0,0,0,2.2,14,3,3,3,1,2,0,1,0,0,1,"Nick Raquet",20333,675919
"Josh Fleming","TOR",0,0,12,1,0,0,0,0,0,0,0,3,18,6,4,4,1,2,0,1,0,0,1,"Josh Fleming",20418,676596
"Tristan Beck","SFG",0,0,0,2,0,0,0,0,0,0,0,3,11,2,0,0,0,0,0,0,0,0,1,"Tristan Beck",21584,663941
"Gregory Santos","SFG",0,0,3.6000006866456387,3,0,0,0,0,0,0,0,5,22,5,5,2,0,3,0,0,0,1,1,"Gregory Santos",21894,666619
"Easton McGee","MIL",0,0,0,2,0,0,0,0,0,0,0,2,6,1,0,0,0,1,0,0,0,0,1,"Easton McGee",22176,668834
"Hunter Stratton","ATL",0,0,0,1,0,0,0,0,0,0,0,1,3,1,0,0,0,0,0,0,0,0,1,"Hunter Stratton",23455,676702
"Gavin Hollowell","CHC",0,0,10.800004119874618,1,0,0,0,0,0,0,0,1.2,11,2,2,2,1,4,0,0,0,0,1,"Gavin Hollowell",25427,668970
"Brady Basso","ATH",0,0,6.75000402331592,3,0,0,0,0,0,1,1,2.2,14,5,2,2,1,1,0,0,0,0,1,"Brady Basso",25582,669620
"Sammy Peralta","COL",0,1,27.000028163224034,1,1,0,0,0,0,0,0,0.2,7,2,2,2,0,2,0,1,0,0,1,"Sammy Peralta",25589,671111
"Ryan Gusto","MIA",0,0,0,1,0,0,0,0,0,1,0,1,3,0,0,0,0,0,0,0,0,0,1,"Ryan Gusto",26440,687473
"Jake Eder","LAD",1,0,2.25,4,0,0,0,0,0,0,0,4,15,3,1,1,0,1,0,0,0,0,1,"Jake Eder",27590,671109
"Luke Little","CHC",0,0,9,1,0,0,0,0,0,0,0,1,5,2,1,1,1,0,0,0,0,0,1,"Luke Little",28036,681432
"Javier Sanoja","MIA",0,0,0,1,0,0,0,0,0,0,0,1,4,1,0,0,0,0,0,0,0,0,1,"Javier Sanoja",28253,691594
"Chase Lee","TOR",0,0,8.100003089905965,3,0,0,0,0,0,0,0,3.1,15,2,3,3,2,4,0,0,0,0,1,"Chase Lee",29574,695445
"Chayce McDermott","LAD",0,0,0,1,0,0,0,0,0,0,0,1,4,1,0,0,0,0,0,0,0,0,1,"Chayce McDermott",29866,694646
"Doug Nikhazy","CHW",0,0,4.5,1,0,0,0,0,0,0,0,2,9,1,1,1,0,2,0,0,2,0,1,"Doug Nikhazy",30142,680951
"Franco Aleman","CLE",0,0,3.3750008046628963,2,0,0,0,0,0,1,0,2.2,10,3,1,1,1,1,0,0,0,0,1,"Franco Aleman",30195,680916
"Zach Maxwell","CIN",0,0,36,1,0,0,0,0,0,0,0,1,8,3,4,4,2,2,0,0,0,0,1,"Zach Maxwell",31610,687209
"William Kempner","MIA",0,0,0,1,0,0,0,0,0,0,0,1,3,0,0,0,0,0,0,0,0,0,1,"William Kempner",31615,687531
"Mason Barnett","ATH",0,0,0,1,0,0,0,0,0,0,0,2,9,1,0,0,0,2,0,0,0,0,1,"Mason Barnett",31741,686930
"Tyler Schweitzer","CHW",0,0,9.000002145767724,4,0,0,0,0,0,1,0,4,20,5,4,4,0,3,0,0,0,0,1,"Tyler Schweitzer",31920,805326
"Riley Cornelio","WSN",0,1,9,1,0,0,0,0,0,0,1,2,12,2,3,2,0,4,0,0,0,0,1,"Riley Cornelio",31953,683000
"John Klein","MIN",0,1,7.714286765273879,2,0,0,0,0,0,0,0,2.1,9,2,2,2,1,1,0,0,0,0,1,"John Klein",32155,804619
"Brendan Beck","NYY",0,0,6,1,0,0,0,0,0,0,0,3,13,2,2,2,1,3,0,0,0,0,1,"Brendan Beck",33043,694341
"Philip Abner","ARI",0,0,7.714286765273879,1,0,0,0,0,0,0,0,2.1,8,1,2,2,0,1,0,0,0,0,1,"Philip Abner",33821,691769
"Miguel Rojas","LAD",0,0,9,1,0,0,0,0,0,0,0,1,6,1,1,1,0,1,0,1,0,0,0,"Miguel Rojas",7802,500743
"Aaron Brooks","TBR",0,1,81.0000844896721,1,0,0,0,0,0,0,1,0.1,4,1,4,3,1,2,0,0,0,0,0,"Aaron Brooks",12272,605156
"James McCann","ARI",0,0,11.25,4,0,0,0,0,0,0,0,4,23,9,6,5,1,3,0,0,0,0,0,"James McCann",12859,543510
"Austin Hedges","CLE",0,0,0,1,0,0,0,0,0,0,0,0.1,1,0,0,0,0,0,0,0,0,0,0,"Austin Hedges",12976,595978
"Tyler Heineman","TOR",0,0,15,2,0,0,0,0,0,0,0,3,17,7,5,5,1,1,0,0,0,0,0,"Tyler Heineman",13897,623168
"Carlos Estévez","KCR",0,1,162.0001689793442,1,0,0,0,0,0,0,1,0.1,7,4,6,6,1,2,0,0,0,0,0,"Carlos Estevez",14542,608032
"Adam Frazier","LAA",0,0,18.000009655957633,3,0,0,0,0,0,0,0,2,14,7,4,4,1,2,0,0,0,0,0,"Adam Frazier",15223,624428
"Reese McGuire","CHW",0,0,0,1,0,0,0,0,0,0,0,1,3,0,0,0,0,0,0,0,0,0,0,"Reese McGuire",15674,624512
"Jorge Mateo","ATL",0,0,0,1,0,0,0,0,0,0,0,1,4,1,0,0,0,0,0,0,0,0,0,"Jorge Mateo",17273,622761
"Dylan Moore","PHI",0,0,5.400002059937309,2,0,0,0,0,0,0,0,1.2,8,1,1,1,0,1,0,1,0,0,0,"Dylan Moore",18042,664238
"Garrett Stubbs","PHI",0,0,0,1,0,0,0,0,0,0,0,1,3,0,0,0,0,0,0,0,0,0,0,"Garrett Stubbs",18067,596117
"Brett Sullivan","COL",0,0,0,2,0,0,0,0,0,0,0,2,6,0,0,0,0,1,0,0,0,0,0,"Brett Sullivan",18217,664954
"Weston Wilson","BAL",0,0,15.428573530547759,3,0,0,0,0,0,0,0,2.1,13,6,4,4,2,0,0,0,0,0,0,"Weston Wilson",19358,642215
"Nate Pearson","HOU",0,0,0,2,0,0,0,0,1,0,0,2,7,0,0,0,0,1,0,0,0,0,0,"Nate Pearson",20160,663878
"Jose Espada","BAL",0,0,0,1,0,0,0,0,0,0,0,1,4,2,0,0,0,0,0,0,0,0,0,"Jose Espada",21131,664744
"César Salazar","HOU",0,0,9,1,0,0,0,0,0,0,0,1,4,1,1,1,1,0,0,0,0,0,0,"Cesar Salazar",21587,663967
"Carlos Cortes","ATH",0,0,0,1,0,0,0,0,0,0,0,1,5,1,0,0,0,1,0,0,0,0,0,"Carlos Cortes",21842,666126
"Jorbit Vivas","WSN",0,0,40.50004224483605,1,0,0,0,0,0,0,0,0.2,6,4,3,3,0,0,0,0,0,0,0,"Jorbit Vivas",23917,678391
"Tyler Tolbert","KCR",0,0,0,1,0,0,0,0,0,0,0,0.2,2,1,0,0,0,0,0,0,0,0,0,"Tyler Tolbert",25779,686475
"Anthony Molina","ATL",0,0,0,1,0,0,0,0,0,0,0,2,6,0,0,0,0,1,0,0,0,0,0,"Anthony Molina",26952,683627
"Christian Koss","SFG",0,0,13.5,2,0,0,0,0,0,0,0,2,10,5,3,3,0,0,0,0,0,0,0,"Christian Koss",27653,683766
"Joey Wiemer","WSN",0,0,22.5,2,0,0,0,0,0,0,0,2,16,7,5,5,1,2,0,1,1,0,0,"Joey Wiemer",27690,686894
"Jedixson Paez","CHW",0,0,18.000005722047717,3,0,0,0,0,0,0,0,3,16,4,6,6,2,3,0,0,0,0,0,"Jedixson Paez",29114,699151
"Dylan Smith","SFG",0,0,0,1,0,0,0,0,0,0,0,0.2,3,0,0,0,0,1,0,0,1,0,0,"Dylan Smith",30145,681916
"Victor Mederos","ATL",0,0,0,1,0,0,0,0,0,0,0,2,6,0,0,0,0,1,0,0,0,0,0,"Victor Mederos",31533,682989
"Jonathan Cannon","CHW",0,0,9,1,0,0,0,0,0,0,0,0,3,0,1,1,0,3,0,0,0,0,0,"Jonathan Cannon",31730,686563
"Duncan Davitt","CHW",0,0,0,1,0,0,0,0,0,0,0,1,3,0,0,0,0,1,0,0,0,0,0,"Duncan Davitt",31886,701474
"Ben Williamson","TBR",0,0,9,1,0,0,0,0,0,0,0,1,4,1,1,1,1,0,0,0,0,0,0,"Ben Williamson",33197,810938
"Jonathan Pintaro","NYM",0,0,0,1,0,0,0,0,0,0,0,1,3,0,0,0,0,0,0,0,0,0,0,"Jonathan Pintaro",33980,702752