"last_name, first_name","player_id","attempts","avg_hit_angle","anglesweetspotpercent","max_hit_speed","avg_hit_speed","ev50","fbld","gb","max_distance","avg_distance","avg_hr_distance","ev95plus","ev95percent","barrels","brl_percent","brl_pa"
"Arraez, Luis","650333","195","14.9",40,"101","87.3","94.1","88.8","86.6","376","163","345","40",20.5,"0",0,0
"Hoerner, Nico","663538","193","13.4",39.4,"105.8","85.3","95.6","89","83","400","166","383","50",25.9,"3",1.6,1.3
"Albies, Ozzie","645277","184","17",33.2,"107.7","86.3","96.6","90.7","83.2","414","175","386","48",26.1,"7",3.8,3
"Clement, Ernie","676391","183","15.3",31.1,"109.7","85.8","95.7","89.6","84.1","383","157","370","47",25.7,"4",2.2,1.9
"Bichette, Bo","666182","178","7.3",32.6,"114.9","90.9","101.4","93.1","89.8","409","152","389","80",44.9,"13",7.3,5.6
"Simpson, Chandler","802415","177","2.2",28.2,"106.3","84.1","92.9","85","84.6","335","109",,"28",15.9,"0",0,0
"Edwards, Xavier","669364","176","11.9",39.2,"105.7","87.6","97.3","91.9","83.6","422","160","396","59",33.5,"11",6.3,4.8
"Garcia, Maikel","672580","175","8.4",32.6,"110.6","90.2","100.6","92.2","90.3","412","158","398","74",42.3,"8",4.6,3.5
"Lopez, Otto","672640","174","6.3",29.9,"112.8","90.6","101.5","93.9","88.1","415","150","396","78",44.8,"14",8,6.3
"Lile, Daylen","695734","173","17.1",35.3,"109.5","87.9","98.6","91.1","84.6","429","181","405","65",37.8,"14",8.1,6
"Witt Jr., Bobby","677951","171","15.4",37.4,"115.6","93.3","103.7","96.4","92.7","427","182","404","91",53.2,"21",12.3,8.9
"Ramírez, José","608070","170","21",35.9,"110.8","90.2","100.1","93.2","88.8","410","190","396","73",43.2,"14",8.2,5.8
"Bregman, Alex","608324","169","14.2",31.4,"108.3","88.9","99.2","92.6","87.7","408","155","390","73",43.2,"10",5.9,4.2
"Guerrero Jr., Vladimir","665489","168","8.9",31,"116","90.4","102.1","91.8","91.1","437","141","412","72",42.9,"12",7.1,5.4
"McGonigle, Kevin","805808","165","20.4",40.6,"109.5","88.1","98.5","92.8","80.3","413","187","402","61",37,"16",9.7,7
"Contreras, William","661388","165","10.8",29.7,"111.9","90.5","101.2","94.7","89.1","419","150","406","74",44.8,"12",7.3,5.7
"Rodríguez, Julio","677594","165","12.4",29.7,"113","89.9","102.4","94.2","87.3","436","160","413","70",42.4,"13",7.9,5.5
"Marte, Ketel","606466","164","9.7",32.9,"116.9","91.7","103.5","94.9","89.7","443","158","411","76",46.3,"19",11.6,9
"Naylor, Josh","647304","164","15.3",33.5,"111.5","87.7","99.4","91.7","87.1","433","155","402","68",41.5,"10",6.1,4.6
"Kwan, Steven","680757","163","14.5",34.4,"100.8","82","91.3","85.9","79.4","381","149","381","15",9.3,"1",0.6,0.5
"Turner, Trea","607208","163","11.1",32.5,"109.7","90.2","99.4","91.3","90.2","423","161","388","66",40.5,"8",4.9,3.5
"Vargas, Ildemaro","545121","162","11.3",30.9,"109","87.2","97.8","91.4","86.6","431","148","399","53",32.7,"6",3.7,3.2
"Burleson, Alec","676475","162","10.7",32.7,"111.6","91.3","101.8","96.1","87.1","432","166","408","78",48.1,"17",10.5,7.8
"Bellinger, Cody","641355","161","20.2",41.6,"109.3","89.9","99","92.8","88.6","402","186","379","65",40.4,"12",7.5,5.4
"Schanuel, Nolan","694384","160","10.8",36.3,"106.6","87","97.1","89.7","85.6","392","148","371","51",31.9,"5",3.1,2.4
"DeLauter, Chase","800050","159","14",36.5,"111.2","90.2","100.3","94","88.8","422","166","376","64",40.5,"10",6.3,4.8
"Lee, Jung Hoo","808982","159","11.4",36.5,"107.6","88","96.8","89.6","87.4","374","163","363","50",31.4,"3",1.9,1.6
"Rumfield, TJ","681198","159","12.3",41.5,"107.6","85.8","98.3","92.2","78.9","440","175","412","58",36.5,"13",8.2,6.1
"Díaz, Yandy","650490","158","5.6",29.1,"113.7","90.3","102.2","93.9","88.8","439","149","383","70",44.6,"13",8.2,6.3
"Perez, Salvador","521692","158","16.5",33.5,"111.2","88.8","100.1","92.8","84.9","425","174","392","64",40.5,"14",8.9,6.6
"Adell, Jo","666176","157","19.4",33.8,"114.9","91.5","102.6","94.8","89.1","449","176","412","73",46.5,"13",8.3,5.8
"Dubón, Mauricio","643289","156","15.6",37.8,"106.3","87","96.8","90.8","83.7","413","173","389","45",28.8,"8",5.1,3.9
"Caminero, Junior","691406","156","10.2",25.6,"116.9","92.2","104.8","97","90.6","450","147","407","71",45.8,"20",12.8,9.1
"Abreu, Wilyer","677800","156","17.3",31.4,"113.1","90","100.8","93.4","87.2","427","187","391","66",42.3,"18",11.5,8.2
"Olson, Matt","621566","155","16.6",32.9,"111.6","93","104.5","98.1","88.6","441","184","413","79",51,"24",15.5,10.1
"Harper, Bryce","547180","154","12.7",38.3,"112.5","89.3","101.2","94.5","84.3","457","175","411","63",40.9,"21",13.6,9.5
"Henderson, Gunnar","683002","154","14.8",29.9,"111.9","89.9","100.5","95.5","85.2","410","174","387","68",44.2,"15",9.7,6.3
"Semien, Marcus","543760","154","18",32.5,"107.5","85.7","96.7","89.9","80.1","407","177","396","50",32.5,"11",7.1,5.2
"Jung, Josh","673962","154","11.2",39.6,"110.1","90","100.5","93.3","86.7","412","166","378","71",46.1,"9",5.8,4.5
"Herrera, Iván","671056","154","7.8",31.2,"112.3","89.4","100.9","94.3","87.6","429","144","403","66",42.9,"11",7.1,4.7
"Stewart, Sal","701398","154","14.1",35.7,"111.4","90.9","101.2","94.5","87.3","441","182","393","64",41.6,"25",16.2,11
"Pages, Andy","681624","154","14",35.1,"109.7","90","101.5","94","87.5","412","169","388","72",46.8,"12",7.8,5.6
"Wetherholt, JJ","802139","154","16.7",37.7,"108.7","90.2","99.7","95.3","83.6","425","186","394","70",45.5,"12",7.8,5.2
"Walker, Christian","572233","154","15.3",31.8,"112.2","91","102.4","94","89.4","432","172","393","73",47.4,"20",13,9.1
"Abrams, CJ","682928","153","16.4",33.3,"110.8","89.7","100.4","94","87.1","426","166","391","62",40.5,"17",11.1,7.5
"Alvarez, Yordan","670541","153","19.3",45.8,"117.8","93.9","105.2","96.3","90.5","424","215","393","79",51.6,"26",17,11.4
"Nimmo, Brandon","607043","153","9.7",35.3,"109","91.9","101.8","96.7","87","436","175","407","79",51.6,"18",11.8,8.1
"Langeliers, Shea","669127","153","20.4",35.9,"114.4","91.8","103.2","95.3","90.3","467","182","415","69",45.1,"22",14.4,10
"Hicks, Liam","689414","153","15.7",30.1,"107.5","87.3","98","90.6","86","431","169","378","55",35.9,"8",5.2,4.2
"Freeman, Freddie","518692","152","11",36.2,"110.3","91.9","101.5","96.4","87","438","174","401","72",47.4,"18",11.8,8.3
"Bohm, Alec","664761","152","11.6",36.2,"108.8","90","99.7","93.2","89.3","409","155","371","64",42.1,"5",3.3,2.5
"Perdomo, Geraldo","672695","150","12.2",32,"106.3","87.7","97.5","89.9","86.2","398","146","382","52",34.7,"6",4,2.9
"Pasquantino, Vinnie","686469","149","19.9",33.6,"108.1","88.9","98.9","93.6","86","422","178","398","53",35.6,"12",8.1,5.6
"Soderstrom, Tyler","691016","148","14.7",28.4,"113.2","90","101.3","94.5","87.1","420","164","393","65",43.9,"16",10.8,7.5
"Tucker, Kyle","663656","148","17.2",35.8,"107.2","89.1","99.1","91.1","87.1","435","177","397","63",42.6,"8",5.4,3.6
"Alonso, Pete","624413","148","15.4",32.4,"114.6","95.1","103.4","97.7","92.2","416","186","391","81",54.7,"20",13.5,8.8
"Rocchio, Brayan","677587","148","10.7",31.1,"109.6","86.2","97.5","88.6","86.9","402","142","381","48",32.9,"5",3.4,2.6
"Adames, Willy","642715","147","21.6",37.4,"108.1","88.8","99.4","91.5","85.8","402","182","376","61",41.5,"14",9.5,6.3
"Bogaerts, Xander","593428","146","8.8",31.5,"110.4","87.8","99.2","92.1","84.2","424","151","392","53",36.3,"10",6.8,5
"Keaschall, Luke","807712","146","16.7",33.6,"105.9","84.2","96","89.2","81.8","394","165","367","38",26,"5",3.4,2.5
"Vargas, Miguel","678246","145","19.6",40.7,"112.9","89.9","101.1","95.2","82.5","428","196","393","65",44.8,"22",15.2,10
"Baldwin, Drake","686948","145","12.1",42.1,"110.7","92.8","103.7","98.9","87","438","183","402","78",53.8,"27",18.6,12.5
"Tatis Jr., Fernando","665487","145","0.8",31.7,"113.5","90.8","104.4","96.3","86.9","393","137",,"79",54.5,"15",10.3,6.8
"Harris II, Michael","671739","144","11.4",27.8,"114.9","93.3","105.3","97.2","91.2","425","166","400","80",55.6,"23",16,12.2
"Chapman, Matt","656305","144","9.2",21.5,"113","87.5","99.6","93.8","86.4","386","130","349","48",33.3,"7",4.9,3.2
"De La Cruz, Elly","682829","144","12.9",37.5,"116.3","94.1","105","95.2","92.6","442","175","394","75",52.1,"21",14.6,9.1
"Frelick, Sal","686217","144","8.3",27.8,"107.2","85.3","96.2","87.9","84.8","407","130","402","36",25,"4",2.8,2.2
"Wilson, Jacob","805779","143","7.3",32.2,"105.4","84.3","96.2","86.7","83.5","386","135","368","43",30.1,"3",2.1,1.8
"Paredes, Isaac","670623","142","25.1",35.9,"106","87.7","96.8","90.9","85.5","383","190","372","40",28.2,"7",4.9,3.5
"Lee, Brooks","686797","142","12.2",35.9,"108","87.2","96.4","91.8","82.9","383","160","364","40",28.2,"6",4.2,3.1
"Varsho, Daulton","662139","142","14.1",38,"110.4","86.4","98.8","91.3","83","405","166","387","56",39.4,"9",6.3,4.5
"Arozarena, Randy","668227","142","6.8",35.2,"113","91.1","100.4","94.7","88.7","426","149","379","61",43,"10",7,4.4
"Young, Cole","702284","142","17.2",36.6,"111.3","88.2","99.2","92.5","86.1","423","168","395","56",39.4,"9",6.3,4.3
"Ward, Taylor","621493","141","13.2",35.5,"109.5","88.9","98.9","92.4","85.9","404","171","390","53",37.6,"6",4.3,2.5
"Devers, Rafael","646240","140","11.3",32.1,"112.4","91","101.9","95.4","87.9","441","169","402","66",47.1,"14",10,6.4
"Riley, Austin","663586","140","17.9",31.4,"111.9","90.9","102.1","94.8","87.8","438","171","409","64",45.7,"14",10,6.3
"Bell, Josh","605137","140","14.8",35,"112.3","89.9","100.2","94.2","85.6","429","178","397","60",42.9,"14",10,6.9
"Gonzales, Nick","693304","140","5.9",32.1,"109.7","86.9","98.7","91.6","83.4","373","138",,"57",40.7,"2",1.4,1.1
"Busch, Michael","683737","139","14.8",33.1,"108.7","88.5","99.6","92.9","83.6","427","173","396","61",43.9,"18",12.9,7.9
"Young, Jacob","696285","139","11.1",38.1,"110.1","88.7","98.5","90.1","88.1","403","170","390","49",35.3,"8",5.8,4.4
"Steer, Spencer","668715","139","18.7",43.2,"107.2","90","99.4","93.5","86.9","411","191","392","52",37.4,"19",13.7,9.6
"Giménez, Andrés","665926","139","10",26.6,"108.9","85.7","95.4","89.4","84.2","406","140","382","34",24.5,"5",3.6,2.7
"Meidroth, Chase","805367","139","7.5",30.9,"107.7","87.8","97.6","91.5","85.4","417","137","380","54",38.8,"7",5,3.3
"Walker, Jordan","691023","138","14.6",34.8,"115.6","94.5","105.8","96.4","94.6","459","183","406","72",52.2,"23",16.7,10.7
"McNeil, Jeff","643446","138","11.4",39.1,"105","86.4","96.7","89.9","84.3","395","147","380","46",33.3,"2",1.4,1.1
"Burger, Jake","669394","137","12.8",32.8,"113.6","90.6","102.9","94.7","88.8","438","164","393","68",49.6,"14",10.2,6.8
"Marsh, Brandon","669016","137","11.2",42.3,"110.1","89.8","100.1","92.6","88.4","454","168","398","64",46.7,"8",5.8,4.3
"Martínez, Angel","682657","137","14.2",32.8,"110.1","88.1","100.2","91.3","86.2","407","156","388","50",36.8,"12",8.8,6.6
"Marsee, Jakob","805300","137","20.9",29.2,"110.9","87.4","98.4","91.7","86","398","175","374","51",37.2,"5",3.6,2.2
"Reynolds, Bryan","668804","136","3.2",29.4,"113.7","90.5","101.6","94.6","87.7","443","138","415","58",42.6,"10",7.4,4.4
"Neto, Zach","687263","135","22.4",35.6,"109.6","89.9","99.3","94.8","81.5","443","191","399","53",39.3,"17",12.6,6.9
"Schmitt, Casey","669477","135","20.7",35.6,"112.3","89.7","101","92.9","87.5","410","184","388","62",45.9,"20",14.8,10.9
"McLain, Matt","680574","135","20.3",36.3,"110.5","88.1","98.4","90.3","86.7","421","186","398","50",37,"10",7.4,4.8
"Lowe, Brandon","664040","135","16.8",37.8,"111.1","89.6","101.6","96.1","83.6","444","191","397","63",46.7,"17",12.6,8.2
"Stott, Bryson","681082","135","16.7",32.6,"109.6","89.7","99.1","93","88","412","174","390","53",39.3,"8",5.9,4.5
"Ohtani, Shohei","660271","135","13",40,"114.6","93.1","102.5","96.5","89.2","438","183","400","66",48.9,"22",16.3,9.6
"Machado, Manny","592518","135","10.6",29.6,"109.6","90.2","101.1","94.4","89","436","153","396","58",43,"9",6.7,4.3
"Merrill, Jackson","701538","135","12.6",34.1,"108.7","89.6","100.4","95.8","83.9","436","162","408","63",46.7,"12",8.9,5.9
"Crow-Armstrong, Pete","691718","135","18.2",28.1,"111.5","90.9","101.9","94.3","89.8","410","158","386","63",46.7,"12",8.9,5.6
"Benge, Carson","701807","135","9.6",40,"108.9","90.2","100.9","93.7","88","436","162","403","60",44.4,"11",8.1,5.8
"Buxton, Byron","621439","135","23.8",33.3,"110.4","89.7","101.3","95.5","82.7","438","203","395","62",45.9,"27",20,13.2
"García Jr., Luis","671277","134","13",30.6,"110.9","92.3","102","95.3","91.9","405","156","388","63",47,"8",6,4.8
"Winn, Masyn","691026","133","13.8",33.1,"108.5","86.7","97.1","88.8","87.5","373","149","373","39",29.3,"4",3,2.1
"Dingler, Dillon","693307","132","14.6",40.2,"110.8","90","101.6","96.2","83.5","443","180","399","65",49.2,"18",13.6,9.2
"Arenado, Nolan","571448","132","19.2",38.6,"107.5","85.6","97.2","89.9","83.7","411","174","401","42",31.8,"9",6.8,4.8
"Aranda, Jonathan","666018","132","15",37.1,"107.5","89.8","99.8","92.8","85.8","415","181","396","56",42.4,"13",9.8,6
"Trout, Mike","545361","132","20.9",33.3,"114.6","91.4","103.7","95.8","87.1","446","204","407","64",48.5,"27",20.5,11.3
"Greene, Riley","682985","132","15.5",40.9,"112.4","90.5","102.7","96.1","84.9","417","184","409","66",50,"17",12.9,7.6
"Turang, Brice","668930","131","8.2",38.9,"109.6","91.3","101.4","96.9","85.4","433","167","400","61",46.6,"11",8.4,5.1
"Duran, Jarren","680776","131","15.4",26,"114.7","90.2","102","95.2","90.1","424","150","387","53",40.5,"14",10.7,6.8
"Carroll, Corbin","682998","130","13.3",33.8,"111.8","91.7","102.2","96.4","88","448","176","417","64",49.2,"19",14.6,9.1
"Altuve, Jose","514888","130","8.3",33.1,"107.3","86.3","98.4","93.8","81.8","390","143","373","48",36.9,"8",6.2,4.3
"Wood, James","695578","130","9.6",39.2,"116.3","96.2","106.8","100.8","90.4","442","198","406","77",59.2,"33",25.4,13
"Swanson, Dansby","621020","130","14.3",27.7,"110.3","89.9","99.8","95.3","84.6","430","164","398","58",44.6,"11",8.5,5.6
"Rafaela, Ceddanne","678882","129","9.3",38,"108.6","87.1","98.2","91.7","82.2","379","162","364","50",38.8,"10",7.8,5.3
"Grisham, Trent","663757","129","17.1",31,"111.6","91.1","100.8","95.3","88.9","412","187","381","61",47.3,"18",14,9.2
"Cruz, Oneil","665833","128","6.1",32,"119","95.9","107","100.4","93.6","444","163","410","78",60.9,"22",17.2,9.5
"Tovar, Ezequiel","678662","128","13.9",38.3,"108.9","87.5","99","93.7","80.8","413","166","401","46",35.9,"8",6.3,4.2
"O'Hearn, Ryan","656811","127","12",30.7,"108.1","90.3","99.9","94","87","413","162","392","57",44.9,"9",7.1,4.9
"Contreras, Willson","575929","127","14.9",33.9,"113.2","90.1","102.9","95.6","86.6","449","170","410","56",44.1,"20",15.7,9.5
"Vientos, Mark","668901","127","13.7",33.9,"110.2","90.6","101.2","93.3","89.4","434","164","406","59",46.5,"13",10.2,7.6
"Chisholm Jr., Jazz","665862","127","16.9",29.1,"110.9","88.7","99.1","93.1","84.2","413","162","377","46",36.2,"7",5.5,3.3
"Crawford, J.P.","641487","127","11.9",36.2,"107.8","88.2","98.6","93.8","86.2","395","149","376","46",36.2,"10",7.9,5.3
"Horwitz, Spencer","687462","125","15.2",28,"108","86.4","97","90.6","85","409","154","380","39",31.5,"5",4,2.8
"Mullins, Cedric","656775","125","29.2",28,"107.9","87.7","97.4","92.9","84","403","182","379","38",30.9,"2",1.6,1.2
"Judge, Aaron","592450","125","15.2",35.2,"116.2","93.8","105.3","100.6","87","456","198","404","69",55.2,"29",23.2,12.4
"Rice, Ben","700250","124","13.3",40.3,"110.9","92.6","102.8","96.4","88.5","427","183","389","66",53.2,"23",18.5,11.6
"Nuñez, Nasim","683083","124","9.2",29.8,"105.8","84.5","94","88.7","82","355","135",,"23",18.5,"0",0,0
"Andujar, Miguel","609280","124","7.5",29.8,"109","88.8","100.3","93","87.8","412","143","394","49",39.5,"6",4.8,3.9
"Rengifo, Luis","650859","124","4.7",29,"107.3","87.6","98.1","90.9","85.7","373","131",,"46",37.1,"7",5.6,4.5
"Durbin, Caleb","702332","124","8",21.8,"106","84.8","96.2","90.8","83.7","386","111","386","35",28.2,"2",1.6,1.2
"Montgomery, Colson","695657","123","20.2",34.1,"114.4","89.8","101.8","93.6","87.9","442","184","398","52",42.3,"17",13.8,7.9
"Sánchez, Jesús","660821","123","11",34.1,"112.3","90.9","101.1","94.1","89.2","422","164","400","56",45.5,"9",7.3,5.5
"García, Adolis","666969","123","13.8",38.2,"112.1","92.1","101.6","94.3","91.4","421","172","388","60",48.8,"9",7.3,4.3
"Jackson, Jeremiah","669236","122","6.4",30.3,"110.9","89.3","101.1","93.1","86.9","427","146","396","49",40.2,"11",9,6.9
"Hernández, Teoscar","606192","122","12.5",34.4,"110.7","89.5","100.4","93.4","85.6","414","164","383","53",43.4,"14",11.5,7.1
"Okamoto, Kazuma","672960","121","18.4",33.9,"112.6","93.2","103.6","97.9","89.2","453","185","411","64",52.9,"18",14.9,8.6
"Johnston, Troy","687859","121","12",45.5,"106.3","88.8","98.3","91.8","84.5","423","172","415","46",38,"2",1.7,1.1
"Griffin, Konnor","804606","121","4.4",31.4,"113.2","87.4","99.7","93.4","83.4","414","140","401","40",33.1,"10",8.3,5.4
"Smith, Will","669257","121","20.8",43.8,"110.8","89.8","99.8","92.7","84.2","418","214","402","49",40.5,"16",13.2,9.6
"Soler, Jorge","624585","120","15",34.2,"112.7","88.6","101.7","92.6","85","432","168","403","52",43.3,"14",11.7,6.7
"Bauers, Jake","641343","120","8.5",30,"112.4","92.4","102.9","98","88.3","428","161","402","63",52.5,"14",11.7,8
"Ramos, Heliot","671218","119","7.9",33.6,"111.5","92","103.6","97","88.1","437","153","399","58",48.7,"16",13.4,9.1
"Smith, Cam","701358","118","11.6",32.2,"114.7","88.2","101.7","93.7","84.3","462","160","406","51",43.2,"16",13.6,8.1
"Crawford, Justin","702222","118","-0.5",26.3,"106.9","87.4","98.5","92.1","85.7","403","117","382","45",38.1,"2",1.7,1.2
"Gorman, Nolan","669357","117","21.7",36.8,"111.9","89.5","101.2","94.3","80.8","443","196","409","53",45.3,"11",9.4,5.7
"Kurtz, Nick","701762","117","13.2",39.3,"115.9","94.7","106.3","100","89.8","442","176","411","68",58.1,"19",16.2,7.9
"Church, Nathan","701675","115","12",36.5,"110.1","86.1","98.2","92.1","83.4","407","151","387","38",33,"11",9.6,7.1
"Carter, Evan","694497","115","19.1",31.3,"108.2","88.4","99.6","92.3","86.2","404","181","371","45",39.1,"10",8.7,5.5
"Keith, Colt","690993","114","13.8",36,"109.6","88.9","99.5","91.3","87.9","414","161",,"44",38.6,"6",5.3,3.8
"Martin, Austin","668885","114","12.8",33.3,"105.5","86","96.3","89.5","84.1","406","162","392","35",30.7,"3",2.6,1.8
"Muncy, Max","571970","114","14.3",35.1,"110.1","91.8","102.8","97.1","85.8","452","189","407","59",51.8,"21",18.4,11.1
"House, Brady","691781","114","5.5",28.9,"113.4","89","101.5","93.1","85.2","425","148","391","49",43,"12",10.5,6.8
"Goodman, Hunter","696100","113","18",33.6,"111.7","91","102.9","96.2","83.8","435","186","400","52",46,"15",13.3,7.5
"Friedl, TJ","670770","113","16.8",27.4,"106.4","88.1","97.5","89.5","88.2","397","146","364","33",29.2,"3",2.7,1.8
"Soto, Juan","665742","113","14.8",29.2,"114.2","93","103.2","97.9","87.8","449","179","405","57",50.4,"22",19.5,13.8
"Caballero, José","676609","113","8.7",28.3,"108.5","82.9","96.8","92.1","77.4","397","114","365","33",29.2,"4",3.5,2.6
"Acuña Jr., Ronald","660670","113","17.8",31.9,"112.3","89.7","101.7","95.9","84.8","411","171","411","50",44.2,"14",12.4,7.8
"Schwarber, Kyle","656941","112","24.1",37.5,"113.2","93.2","104","97.7","86.6","460","215","404","56",50,"28",25,12.4
"Sheets, Gavin","657757","112","13.9",39.3,"110.1","89.7","100.6","94.2","87.1","434","176","402","52",46.4,"11",9.8,6.7
"Mayer, Marcelo","691785","112","9",27.7,"109.1","86.9","98.4","90.8","85.2","385","143","382","44",39.3,"8",7.1,5.1
"Rutschman, Adley","668939","111","17.7",40.5,"110.3","89","100","92.2","86.3","419","189","399","51",45.9,"10",9,6.8
"Torkelson, Spencer","679529","111","19.5",46.8,"109.8","90.1","100.5","94.9","80.6","435","212","400","48",43.2,"15",13.5,7.4
"Vierling, Matt","663837","111","16.2",36.9,"106.9","87.1","98.7","91.6","84.7","400","177","370","40",36,"7",6.3,4.6
"Moniak, Mickey","666160","111","25.3",32.4,"109.1","89.7","100.2","93.3","88.3","439","206","417","46",41.4,"15",13.5,9.1
"Baty, Brett","683146","110","9.6",34.5,"111.7","90.2","100.6","95.2","86.4","451","164","415","44",40,"10",9.1,5.6
"Story, Trevor","596115","110","12.9",30,"109.6","88.9","99.3","92.2","87.2","424","146","412","46",41.8,"4",3.6,2.3
"Cortes, Carlos","666126","110","8.2",37.3,"110.4","90.9","101","93.6","89.5","409","157","393","49",44.5,"10",9.1,7
"Ozuna, Marcell","542303","109","23.6",38.5,"111.2","89.6","100","94.2","85.7","438","195","408","44",40.4,"9",8.3,5
"Murakami, Munetaka","808959","109","13.5",29.4,"114.1","93.9","104.8","100.3","86.2","451","190","411","63",57.8,"22",20.2,9.7
"Happ, Ian","664023","109","16.7",34.9,"111.5","89.7","101.8","95.1","84.1","431","180","400","47",43.1,"18",16.5,8.2
"Seager, Corey","608369","108","12.6",34.3,"110.3","91.1","102","95.7","86.8","422","173","394","49",45.4,"17",15.7,9.3
"Karros, Kyle","691720","108","11.3",42.6,"111.8","89","99.3","90.2","88.1","448","163","448","41",38,"5",4.6,2.9
"Benintendi, Andrew","643217","107","19.7",40.2,"106.4","88.8","99.2","93","80.1","410","194","396","51",47.7,"11",10.3,6.6
"Laureano, Ramón","657656","107","12",36.4,"107.3","89.1","100.2","94.5","83.7","447","179","405","47",43.9,"15",14,8.1
"Raleigh, Cal","663728","106","23.1",32.1,"109.9","87.5","98.8","93","76.9","418","202","390","33",31.1,"13",12.3,7.2
"Caglianone, Jac","695506","106","6.3",36.8,"116.1","94.4","106.7","100.1","88.6","437","165","408","62",58.5,"17",16,9.9
"Duran, Ezequiel","677649","106","13.6",34.9,"111.5","91.3","100.8","94","90.6","401","159","370","46",43.4,"7",6.6,4.5
"Fernandez, Jose","699912","105","13.7",28.6,"110.9","88.3","100.7","93.5","88.1","409","140","409","43",41,"4",3.8,2.8
"Norby, Connor","681393","104","17.6",31.7,"105.1","86.8","97.2","91.6","83.5","418","170","396","36",34.6,"8",7.7,4.4
"Fortes, Nick","663743","103","6.7",25.2,"108.9","87.3","101","92.6","87.7","408","119","408","46",44.7,"1",1,0.8
"Basallo, Samuel","694212","103","15.4",34,"111.8","93","104.5","96.7","89.4","437","174","404","51",49.5,"11",10.7,6.9
"McCarthy, Jake","664983","103","15.3",35.9,"107.4","83.8","95.3","88.9","80.4","448","155","425","22",21.4,"6",5.8,4.5
"Suzuki, Seiya","673548","103","18.9",35.9,"112.6","88.4","100.1","92.9","85.7","455","175","414","42",40.8,"7",6.8,4.2
"Peraza, Oswald","672724","102","13.5",39.2,"110.3","86.1","98.6","91.3","81.1","418","163","387","32",31.4,"9",8.8,5.9
"Jensen, Carter","695600","102","20.2",28.4,"113.7","89.7","101.4","91.5","90","425","176","387","42",41.2,"9",8.8,5.1
"Yastrzemski, Mike","573262","102","16.2",27.5,"106.2","90.2","98.9","92.6","88.7","398","171","374","38",37.3,"5",4.9,3.2
"Isbel, Kyle","664728","101","13.3",33.7,"107.8","87.6","98.2","91.3","86.7","406","146","390","33",32.7,"4",4,2.7
"Clemens, Kody","665019","101","16",32.7,"107.4","91.9","101","95.1","88.4","419","173","402","42",41.6,"12",11.9,7.8
"Springer, George","543807","101","15.8",26.7,"108.8","87.5","99","93.1","84.5","416","149","387","39",38.6,"8",7.9,5.4
"Jeffers, Ryan","680777","101","21",37.6,"113.4","91.2","102.1","95","88.9","432","185","402","44",43.6,"16",15.8,10.8
"Hayes, Ke'Bryan","663647","100","15.8",39,"106.6","90.5","99.6","92.6","88.6","391","184","365","39",39,"9",9,7
"Scott II, Victor","687363","100","7.1",30,"105.4","87.8","97.1","92","84.7","415","131","406","28",28,"1",1,0.7
"Collins, Isaac","686555","99","17.5",36.4,"110.9","88.9","100.3","92.7","88","400","184","377","42",42.4,"9",9.1,5.2
"Kelly, Carson","608348","99","14.2",30.3,"108.4","89.8","99.6","91.6","90.3","422","155","414","40",40.4,"8",8.1,5.6
"Peters, Tristan","671976","99","17.4",30.3,"105.8","87.3","97.6","91.4","86.2","390","145","363","25",25.3,"5",5.1,3.6
"Larnach, Trevor","663616","97","11.4",35.1,"108.5","86.6","98","92.2","83.4","402","159","381","32",33,"6",6.2,4.1
"Correa, Carlos","621043","97","7.2",36.1,"113.1","89.2","101.7","94.2","85","411","153","384","40",41.2,"10",10.3,7.1
"Pérez, Wenceel","672761","97","14.2",23.7,"106.6","87.8","98.1","92.6","85.4","415","156","388","35",36.1,"6",6.2,4.8
"Torres, Gleyber","650402","96","4.9",36.5,"103.9","83","95","88.1","78","397","146","376","25",26,"6",6.3,4.2
"Freeman, Tyler","671289","96","9.4",35.4,"106.4","86.8","96.9","90","83.8","404","143","361","28",29.2,"0",0,0
"Caratini, Victor","605170","95","10.9",40,"107.2","88.5","98.1","92.5","85.5","423","162","415","35",36.8,"5",5.3,3.5
"Castro, Willi","650489","95","17",29.5,"108.7","89.3","100.1","91.4","87.2","436","169","406","43",45.3,"5",5.3,3.2
"Hamilton, David","666152","95","12",18.9,"109.9","85","96.3","89.4","82.4","379","123",,"25",26.6,"2",2.1,1.4
"Antonacci, Sam","803011","95","10.8",40,"108.4","88.6","98.8","91.3","88.2","407","145",,"36",37.9,"8",8.4,6.1
"Sanoja, Javier","691594","95","12.8",31.6,"106.2","88.2","98.3","90.4","89.1","378","149","375","33",34.7,"2",2.1,1.7
"DeLuca, Jonny","676356","94","12.6",29.8,"109","85.5","97.7","89.5","85.4","438","146","416","28",29.8,"3",3.2,2.4
"Schneemann, Daniel","682177","94","11.8",41.5,"107.1","88","98.4","92.2","82.4","424","177","396","34",36.6,"7",7.4,4.5
"Realmuto, J.T.","592663","94","9.6",31.9,"107.3","89","98.5","92","85","401","167","401","39",41.5,"2",2.1,1.6
"Butler, Lawrence","671732","94","7.9",29.8,"112.7","90.4","102.4","94.2","88.4","404","149","378","43",45.7,"6",6.4,3.9
"Smith, Dominic","642086","94","17",40.4,"109.1","90.1","99.5","94.8","81.1","430","200","397","40",42.6,"9",9.6,7.6
"Ballesteros, Moisés","694208","92","12.1",38,"111.4","91.2","101.5","97.2","85.6","427","173","390","46",50,"11",12,8.4
"Taveras, Leody","665750","92","15.1",34.8,"110","87.2","98.1","89.8","85.4","419","162","409","28",30.4,"4",4.3,2.8
"Ortiz, Joey","687401","91","7",18.7,"110.8","86","97.6","92.2","83.6","395","124","395","31",34.1,"3",3.3,2.3
"McMahon, Ryan","641857","91","13.8",27.5,"110.5","90.8","101.8","94","88.9","383","166","363","44",48.4,"8",8.8,5.3
"Mead, Curtis","678554","91","13.4",29.7,"109.6","88.8","100.7","92.4","85.6","404","164","396","41",45.1,"8",8.8,6.1
"Rooker, Brent","667670","90","18.6",33.3,"111.4","89.9","101.3","93.6","86.2","422","200","388","37",41.1,"13",14.4,8.4
"Walls, Taylor","670764","90","18.9",25.6,"101.9","82.4","92.7","87.7","78.8","364","150",,"13",14.4,"2",2.2,1.4
"Williamson, Ben","810938","89","5",36,"109.2","89.4","99.5","91.4","88","371","141",,"35",39.3,"1",1.1,0.8
"Manzardo, Kyle","700932","89","16.1",36,"108.4","89.7","99.4","94.6","83.9","454","178","399","38",42.7,"13",14.6,8.3
"Ruiz, Keibert","660688","89","16.3",34.8,"106.3","90.1","98.9","92.9","88.3","386","175","370","37",41.6,"6",6.7,5.6
"Grissom, Vaughn","687093","89","11.2",28.1,"108.6","90.7","100.9","94.4","87.3","406","158","396","41",46.1,"5",5.6,4.4
"Julien, Edouard","666397","88","8",40.9,"109.1","90.9","99.9","95.3","88","403","157","389","43",48.9,"7",8,4.8
"Lowe, Josh","666139","88","18.5",29.5,"109.2","88.6","98.3","91.6","85.7","426","182","384","30",34.1,"7",8,5.2
"Yoshida, Masataka","807799","87","7",24.1,"108.6","88.2","99.4","90.7","88.4","393","135","393","36",41.4,"2",2.3,1.8
"Diaz, Yainer","673237","87","5.9",23,"109.6","87.8","98.1","91.6","86.3","387","123","380","25",28.7,"3",3.4,2.8
"Pederson, Joc","592626","87","15.6",32.2,"110.6","91.8","101.5","94","89.2","415","177","385","42",48.3,"6",6.9,4.2
"Gelof, Zack","680869","86","16.9",29.1,"108.1","90.6","100.1","96.5","86.5","429","159","396","38",44.2,"8",9.3,6.4
"Matthews, Brice","694728","86","10.9",31.4,"111.1","88.6","100.6","95.4","84.5","434","152","398","34",39.5,"7",8.1,5
"Wells, Austin","669224","86","16.8",26.7,"110.5","90.2","100.8","94","87.2","396","169","377","40",46.5,"6",7,4.2
"Ramírez, Agustín","682663","86","6.3",26.7,"114.9","89.2","101.9","92.6","89.6","418","129","415","35",40.7,"4",4.7,3.1
"Stephenson, Tyler","663886","86","23",34.9,"107","90.6","99.7","94.7","85.4","406","209","388","37",43,"10",11.6,6.9
"Mayo, Coby","691723","86","19.2",26.7,"116.5","91.1","104.1","95.9","87.7","452","172","417","39",45.3,"7",8.1,4.9
"Vivas, Jorbit","678391","85","13.8",27.1,"108.5","82.7","94.4","86.3","80.8","380","133","364","20",23.5,"2",2.4,1.7
"Alvarez, Francisco","682626","85","8.8",29.4,"111.7","90.3","101.8","96.2","86.1","429","151","415","36",42.4,"14",16.5,10.9
"Sosa, Lenyn","672820","85","19.7",35.3,"107.7","89.4","99.4","91.7","89","415","168","415","32",37.6,"5",5.9,4.6
"Canzone, Dominic","686527","85","14.7",36.5,"114.1","92.8","103.4","97.5","88.6","444","176","402","40",47.1,"12",14.1,9.5
"Raley, Luke","670042","85","13.8",41.2,"113.8","91.7","103.2","96.9","85.9","434","186","382","44",51.8,"18",21.2,12.4
"Pagés, Pedro","686780","84","12.9",27.4,"108.9","86.2","98.5","91","82.9","419","158","403","29",34.5,"5",6,4.2
"Massey, Michael","686681","83","16.3",28.9,"107.2","91","99.1","94.2","85.7","412","195","402","36",43.4,"7",8.4,6.5
"Vázquez, Christian","543877","82","11.7",30.5,"107.4","87.3","96.3","88.9","86.8","385","143","373","22",26.8,"2",2.4,1.9
"Davis, Henry","680779","81","18.5",23.5,"112.3","90.4","101","95.2","90.1","415","144","392","30",37,"7",8.6,6
"Kim, Hyeseong","808975","81","9.8",43.2,"103.9","85","94.7","91.1","79.6","372","158","372","17",21,"3",3.7,2.4
"Lowe, Nathaniel","663993","81","12.8",46.9,"112.7","90.7","102.8","94.5","86.5","438","185","399","39",48.1,"12",14.8,9.8
"Hoskins, Rhys","656555","80","22.9",35,"112.3","88.2","100.2","95.8","78.4","411","180","378","36",45,"9",11.3,6
"Moreno, Gabriel","672515","80","14.5",38.8,"110.2","88.8","99.6","93.6","83.3","427","176","413","34",42.5,"9",11.3,8
"Taylor, Tyrone","621438","80","21.2",32.5,"107.6","86.3","97.5","90.7","84.5","419","178","401","25",31.3,"5",6.3,5
"Shaw, Matt","807713","79","15.5",36.7,"107.9","86.4","97.1","90.8","83.8","396","172","357","28",35.4,"4",5.1,3.8
"Stowers, Kyle","669065","78","16.8",29.5,"110.1","90.3","101.5","95.6","85.6","395","165","378","39",50,"6",7.7,4.7
"Gilbert, Drew","687551","78","16.9",26.9,"105.1","83.8","96.2","91.1","82.7","392","135","380","23",29.5,"2",2.6,1.9
"McKinstry, Zach","656716","78","12.3",30.8,"104.2","83.4","94.2","88.7","81.3","399","147","399","16",20.5,"1",1.3,1
"Beavers, Dylan","687637","77","15.5",33.8,"109.6","87.4","99.3","92.9","82.1","411","165","406","30",39,"4",5.2,3.4
"Acuña, Luisangel","682668","77","2.3",18.2,"109.8","89.1","99.2","92.6","88","377","120",,"29",37.7,"2",2.6,1.9
"Anthony, Roman","701350","76","8.3",40.8,"112.3","92.3","102.1","95","89.7","391","152","391","36",47.4,"7",9.2,5.4
"Bailey, Patrick","672275","76","12.3",30.3,"106.3","90","98.2","92","90.2","407","154","407","28",36.8,"5",6.6,4.5
"Quero, Edgar","700337","76","8.2",21.1,"106.5","89.6","97.5","89.1","90.2","407","134","407","22",28.9,"1",1.3,0.8
"Mitchell, Garrett","669003","75","4.8",26.7,"115.5","92.5","104.9","98.2","89.8","420","137","413","39",52,"10",13.3,6.4
"Gurriel Jr., Lourdes","666971","75","11.9",32,"105.8","87.5","97.9","92.4","84.2","381","170","379","27",36,"5",6.7,4.9
"Lindor, Francisco","596019","74","14.8",31.1,"111.3","90.9","100.3","94.9","87.8","410","173","406","32",43.2,"7",9.5,6.7
"Hernaiz, Darell","687231","74","17.8",32.4,"108.5","84.7","95.2","85.4","87","396","157","396","17",23,"1",1.4,1
"O'Hoppe, Logan","681351","74","16.5",29.7,"114.3","86.6","99.3","90.5","84.8","427","163","427","28",37.8,"7",9.5,5.9
"Cronenworth, Jake","630105","74","7.1",28.4,"108.6","87.4","98.1","91.1","86.3","399","134","399","24",32.4,"4",5.4,3.5
"Alexander, Blaze","677942","74","10",36.5,"112.9","92.4","100.8","92.3","92.7","384","148",,"36",48.6,"3",4.1,2.6
"Castellanos, Nick","592206","74","13.7",41.9,"108.7","88","98.5","92.6","79.2","405","191","394","28",37.8,"7",9.5,6.3
"Jansen, Danny","643376","73","22.2",20.5,"107.3","88.5","98.2","93.1","87.5","409","160","398","26",35.6,"4",5.5,3.3
"Smith, Josh","669701","73","17.8",34.2,"108.1","87.9","98.6","90.4","86","383","180",,"26",35.6,"4",5.5,3.7
"Rojas, Miguel","500743","73","12.9",34.2,"108.3","86.2","97.4","91.4","83.2","401","138","401","22",30.1,"3",4.1,3.4
"Thomas, Alek","677950","72","11.7",36.1,"108","89.9","100.5","95.1","87.2","415","162","408","31",43.1,"6",8.3,6
"Mangum, Jake","663968","72","2.4",20.8,"104.2","83.3","95","90.7","80.9","370","99",,"19",26.4,"0",0,0
"Doyle, Brenton","686668","71","6.7",25.4,"109.4","87.8","99.1","93.5","84.1","408","139","408","25",35.2,"4",5.6,3.3
"Caissie, Owen","683357","71","14.3",49.3,"112.6","91.1","102.4","95.4","86.3","403","196","394","31",43.7,"9",12.7,6.3
"Donovan, Brendan","680977","70","14.8",38.6,"109.6","85.9","96.9","90.5","82.3","381","162","348","23",32.9,"3",4.3,3
"Freeland, Alex","690976","69","7.1",36.2,"106.8","88.7","99.4","92.4","85.9","413","146","388","25",36.2,"6",8.7,5.4
"Straw, Myles","664702","69","15.9",30.4,"107.2","86.3","96.4","90","84.6","401","160","389","17",24.6,"4",5.8,4.3
"Narváez, Carlos","665966","69","14.6",37.7,"109.9","91.2","99.3","92.3","90.9","396","171","386","26",37.7,"5",7.2,4.4
"Fermin, Freddy","666023","69","13.6",29,"104.3","85.7","95.9","89.7","82.4","413","146",,"18",26.1,"0",0,0
"Bleday, JJ","668709","69","21.1",43.5,"112.6","91.6","102.5","95.4","91.3","403","214","386","35",50.7,"9",13,8.9
"Del Castillo, Adrian","680728","69","16.7",31.9,"106.7","88.2","98.5","94.4","82","420","185","403","27",39.1,"5",7.2,4.4
"Bazzana, Travis","683953","68","11.7",32.4,"108.1","88.6","98.2","90.2","88","427","161","399","23",34.8,"3",4.4,3
"Lewis, Royce","668904","68","14.6",33.8,"111.6","87.9","100.3","92.7","87.7","390","161","382","28",41.2,"8",11.8,6.7
"Robert Jr., Luis","673357","68","14.7",20.6,"112.4","90.2","102.2","94.4","88.7","412","144","400","29",42.6,"2",2.9,2
"France, Ty","664034","68","9.9",36.8,"109.6","90.7","101.9","93.7","90","427","150","391","33",48.5,"10",14.7,11.1
"Hernández, Heriberto","681715","68","11",32.4,"109.9","90.6","101.2","97.1","86","439","154","428","31",45.6,"5",7.4,5
"Bader, Harrison","664056","67","12.4",32.8,"109.3","88.9","99","94.6","85.3","425","155","382","26",38.8,"6",9,6.1
"Wallner, Matt","670242","67","8.1",26.9,"110.3","88.4","101.4","95.6","83.3","424","154","415","27",40.3,"7",10.4,5.2
"Moncada, Yoán","660162","66","15.8",33.3,"110.4","90.3","101","92.2","87.7","388","179","373","27",40.9,"5",7.6,3.8
"Betts, Mookie","605141","66","18.6",42.4,"105.6","91.2","98.8","93.7","87.6","414","204","387","26",39.4,"7",10.6,8.4
"Rivas, Leo","660844","66","20.2",30.3,"100","86.2","93.4","89.6","81.7","381","175",,"9",13.6,"1",1.5,0.8
"Monasterio, Andruw","655316","66","19.5",39.4,"107.5","87.8","98.5","91.6","88.9","388","165","388","26",39.4,"4",6.1,4.5
"Sánchez, Gary","596142","66","18.3",22.7,"111.9","87.7","100.2","95.4","84.2","414","164","405","23",34.8,"7",10.6,6.3
"Tena, José","677588","65","12.1",38.5,"114","92.9","104","96.7","89.7","403","170","398","35",53.8,"7",10.8,6.5
"Thomas, Lane","657041","65","25.9",38.5,"107.6","85.3","97.1","89.3","86.2","407","176","407","23",35.4,"2",3.1,1.9
"Palacios, Richie","680700","65","11.9",35.4,"106.5","86.4","95.8","90.8","85.6","390","152","382","16",24.6,"3",4.6,2.9
"O'Neill, Tyler","641933","64","24.8",29.7,"110.9","88.4","99","91.2","84.8","402","190","397","24",37.5,"3",4.7,2.9
"Carpenter, Kerry","681481","64","20.7",35.9,"110.3","92","100.2","94.6","89.7","425","195","382","32",50,"7",10.9,6
"Rosario, Amed","642708","64","13",31.3,"112.1","90.9","101.6","95.9","87.5","416","173","405","25",39.1,"7",10.9,7.9
"Suárez, Eugenio","553993","63","19.3",38.1,"109.6","84.9","96.5","89.6","81.3","431","167","397","12",19,"5",7.9,4.8
"Sosa, Edmundo","624641","63","5.4",33.3,"111.6","87.2","99.7","95.6","85.2","442","125","419","24",38.1,"3",4.8,3.4
"Báez, Javier","595879","63","10.2",46,"104","84.7","96.1","87.5","84.3","403","151","379","18",28.6,"2",3.2,2.4
"Goldschmidt, Paul","502671","63","13.7",36.5,"109.8","90.2","101.5","96.8","85.5","419","171","397","31",49.2,"11",17.5,11.2
"Naylor, Bo","666310","63","18.9",30.2,"108.9","89.6","99.9","94.1","84.8","397","187","395","26",42.6,"7",11.1,7.8
"Lockridge, Brandon","663604","61","1.2",19.7,"110.4","86.2","98.9","87.4","85.9","369","97",,"20",32.8,"1",1.6,1
"Langford, Wyatt","694671","61","13.2",26.2,"109","90.8","99.8","92.9","91.2","395","142","365","23",37.7,"3",4.9,3.6
"Stanton, Giancarlo","519317","61","21.5",37.7,"116.3","94.1","104.8","97.8","92.2","446","187","410","27",44.3,"11",18,11.5
"Beck, Jordan","687597","61","14.2",29.5,"108.1","85.3","96.3","88","82.1","404","157","359","16",26.2,"2",3.3,2.3
"Torrens, Luis","620443","61","6.4",29.5,"106.4","89","98.6","93.3","87.3","377","126",,"26",42.6,"0",0,0
"Valenzuela, Brandon","678218","61","17.1",37.7,"111.4","89.2","99.8","92.5","88.1","412","167","392","24",39.3,"5",8.2,5.2
"Pauley, Graham","688363","60","21.7",30,"105.1","83.4","94.1","89.7","78.2","384","162","362","11",18.3,"2",3.3,2.3
"Millas, Drew","686452","60","9.2",35,"104.9","81.5","92.9","85.2","77.7","398","136","398","12",20,"2",3.3,2.2
"Yorke, Nick","694377","60","6.7",26.7,"113.5","89.3","102","91.4","89.1","394","138","394","29",48.3,"3",5,3.5
"Sullivan, Brett","664954","59","16.5",22,"102.8","85.2","95.6","92","79.7","377","141",,"15",25.4,"0",0,0
"Cowser, Colton","681297","59","6.1",30.5,"113.3","86.3","99.3","93","79.8","440","147","417","19",32.2,"6",10.2,5.7
"Muncy, Max","691777","57","10.5",35.1,"111.4","92.5","103.6","97.8","88.7","404","154","383","32",56.1,"7",12.3,6.7
"Amaya, Miguel","665804","57","20.8",28.1,"105.7","86.7","96.4","89.5","85.4","390","152","384","15",26.3,"4",7,4.5
"Fraley, Jake","641584","57","22.8",45.6,"107.8","83.9","94.9","90.2","74.1","401","191","400","12",21.1,"5",8.8,5.6
"Rushing, Dalton","687221","56","16.5",33.9,"109.3","88.4","101.6","96.8","78.4","421","184","399","25",44.6,"6",10.7,6.6
"Barrosa, Jorge","678489","56","12.4",35.7,"104.1","86.2","94.4","91.1","78.9","382","149","351","12",21.4,"4",7.1,4.3
"Peña, Jeremy","665161","55","20.1",36.4,"110","84.7","96","87.2","84.2","368","177",,"14",25.5,"1",1.8,1.4
"Hedges, Austin","595978","55","5.7",21.8,"106.9","86.8","98","88","87","381","117","381","19",34.5,"0",0,0
"Heineman, Tyler","623168","55","12.9",18.2,"103","83.4","93","85.7","82.7","391","123","391","9",16.4,"1",1.8,1.4
"Piñango, Yohendrick","682818","55","6.3",36.4,"114.8","90.1","101.2","92.7","88.5","403","159","348","22",40,"3",5.5,4.2
"Yelich, Christian","592885","55","3.3",20,"111.1","88","99.7","90.9","86.9","421","118","409","19",34.5,"4",7.3,4.5
"Higashioka, Kyle","543309","55","14.7",32.7,"107.1","88.6","98.9","92.8","84.4","406","168","392","21",38.2,"6",10.9,6.8
"Vilade, Ryan","668723","55","19.9",34.5,"108.4","89.3","99.2","90.6","90.6","413","185","402","21",38.2,"2",3.6,2.6
"White, Eli","642201","53","4",34,"108.9","87.2","98.6","93.4","83.1","370","127","355","18",34,"4",7.5,5.7
"Chourio, Jackson","694192","53","14.5",35.8,"113.3","92.5","103.2","99.8","85.4","405","181","400","26",49.1,"10",18.9,12.5
"Heim, Jonah","641680","52","14.4",28.8,"106","85.3","95.8","88.4","84.6","425","161","425","13",25,"2",3.8,2.9
"Myers, Dane","667472","52","21.6",42.3,"107.2","90.3","99.1","92.1","89.3","411","215","378","17",32.7,"6",11.5,6.8
"Frazier, Adam","624428","51","13.9",31.4,"104.1","83.8","93.6","85.2","83","398","144","398","9",17.6,"1",2,1.2
"Shewmake, Braden","669699","51","14.4",27.5,"107.1","89.4","97.8","92.4","86.3","403","154","376","17",33.3,"3",5.9,4.8
"McCutchen, Andrew","457705","50","23.6",30,"106","87.2","97.1","91.6","85.3","407","179","347","14",28,"3",6,3.8
"Osuna, Alejandro","696030","50","6.3",32,"107.7","89","99.3","92.7","88.6","372","131",,"20",40,"0",0,0
"Gray, Tristan","656484","50","11.5",42,"111.3","88.5","100.8","91.5","85.2","401","164","390","19",38,"5",10,6
"Fry, David","681807","50","16.3",28,"106.7","86.3","97.6","91.3","83.7","406","151","376","17",34,"3",6,3.5
"Triolo, Jared","669707","49","3.3",20.4,"108.6","85.2","97.3","87.7","83.3","357","130",,"16",32.7,"1",2,1.4
"Benson, Will","666181","49","25.1",30.6,"111.9","91.5","100.7","92.6","93.8","414","215","407","19",38.8,"6",12.2,6.3
"Loftin, Nick","679845","48","15",33.3,"110.8","86.7","97.4","89.7","86.2","376","160",,"17",35.4,"3",6.3,4.5
"Conforto, Michael","624424","47","18.8",40.4,"109.3","94.8","103.3","97.2","91.1","414","202","409","25",53.2,"6",12.8,7.5
"Refsnyder, Rob","608701","47","20.7",27.7,"109.6","87.4","98.7","93.6","79.6","412","174","399","18",38.3,"4",8.5,5.1
"Urías, Ramón","602104","46","17.7",30.4,"106.8","89.5","98.9","93.9","88","414","171","412","17",37,"5",10.9,7.4
"Lee, Hao-Yu ","701678","46","17.4",41.3,"110.6","88.7","98.3","93.7","79.6","402","207","402","15",32.6,"5",10.9,7.1
"Marchán, Rafael","665561","46","26.2",26.1,"103.7","85.7","94.6","88.9","86.1","397","179","378","10",21.7,"1",2.2,1.6
"Lukes, Nathan","664770","46","15.7",28.3,"107.5","86.9","98.5","92.3","85","362","148",,"17",37,"0",0,0
"Saggese, Thomas","695336","45","11.4",33.3,"109.7","88.7","99.8","92.6","84.5","385","160",,"17",37.8,"3",6.7,4.1
"Polanco, Jorge","593871","45","10.9",40,"108.7","87.3","98.2","90.6","85","379","168","346","15",33.3,"2",4.4,3.3
"Fermín, José","665877","45","26",17.8,"105.1","85.3","96.1","91.7","83.8","379","151","372","15",33.3,"1",2.2,1.5
"Wong, Connor","657136","44","12.6",25,"107.9","88","99.7","90.8","87.8","385","153",,"17",38.6,"1",2.3,1.5
"McCann, James","543510","44","5.4",22.7,"109.8","90.6","100.7","95.9","88.1","399","127",,"20",45.5,"3",6.8,4.8
"Pereira, Everson","677592","44","12.7",40.9,"108.4","87.8","100.3","94.6","83.3","416","166","407","19",43.2,"5",11.4,7
"Tawa, Tim","694374","44","11.2",25,"104.1","87.9","97","90.6","89","363","146","363","14",31.8,"1",2.3,1.5
"Perkins, Blake","663368","43","14.8",16.3,"106.4","84.4","96.5","92.8","80","397","135",,"14",32.6,"2",4.7,3
"Grichuk, Randal","545341","43","16.1",46.5,"110.9","91.5","102","92.6","90.2","411","196","379","20",46.5,"8",18.6,13.3
"Kiner-Falefa, Isiah","643396","43","9.3",37.2,"108.1","82.4","92.4","85.9","78.5","382","135",,"8",18.6,"1",2.3,1.8
"Melendez, MJ","669004","42","19.7",26.2,"111.9","94","102.7","97.6","88","388","208","373","25",59.5,"6",14.3,7.1
"Vaughn, Andrew","683734","42","5.2",38.1,"104.9","87.8","97.7","91.3","85.1","403","142","403","15",35.7,"2",4.8,3.6
"Meyers, Jake","676694","41","11.8",36.6,"106.5","86.1","96.2","89.8","83.9","393","168","391","12",29.3,"5",12.2,8.6
"Wiemer, Joey","686894","41","2.2",29.3,"110.5","88.8","100.5","96.9","83.1","398","141","392","16",39,"4",9.8,4.8
"Hill, Derek","656537","41","14.9",31.7,"105.9","89.3","98.9","91.4","87.5","417","148","414","15",36.6,"4",9.8,6
"Schneider, Davis","676914","41","24.6",26.8,"111.1","86.7","99.7","95","78.3","393","184","366","17",41.5,"4",9.8,4.5
"Loperfido, Joey","694388","40","7.6",35,"105.7","90","98.9","94","87.7","334","122",,"16",40,"2",5,3
"Garver, Mitch","641598","40","15.8",17.5,"110.5","91.2","102","94.6","85.9","406","182","388","23",57.5,"3",7.5,3.7
"Call, Alex","669743","40","14.4",25,"104","85.4","93.6","86.9","87.7","349","128",,"8",20,"0",0,0
"Mateo, Jorge","622761","39","9.8",41,"112.2","88.6","101.2","90.9","85.7","407","159","380","17",43.6,"4",10.3,6.3
"Jones, Jahmai","663330","39","13.5",35.9,"111.7","92","102.3","95.1","89.5","423","177","410","19",48.7,"5",12.8,7.5
"Escarra, J.C.","641555","39","9.7",35.9,"109","89.9","99.9","91.5","88.5","371","142",,"14",35.9,"2",5.1,3.6
"Bart, Joey","663698","38","15.2",39.5,"109.5","86.9","99.4","91","83","403","184","382","14",36.8,"3",7.9,4.8
"Harris, Dustin","687957","38","15.8",44.7,"103.9","83.7","93.7","87.5","79.2","373","159",,"6",15.8,"0",0,0
"Espinal, Santiago","669289","37","13.4",40.5,"101.4","86","96.6","88.8","84.4","383","161","383","13",35.1,"1",2.7,2.3
"Campusano, Luis","669134","37","11.9",37.8,"110","86.5","101","97.5","74.5","421","171","406","18",48.6,"4",10.8,6.9
"Feduccia, Hunter","676439","37","16.3",37.8,"107.2","88.6","96.9","91.5","82.9","421","179","421","10",27.8,"1",2.7,1.5
"Marte, Starling","516782","36","7.9",33.3,"109.2","90.1","100.8","91.3","90.3","373","157",,"12",33.3,"3",8.3,5.3
"Romo, Drew","691011","36","6.4",27.8,"108.6","83.9","97.6","89.6","79.8","397","136","373","11",30.6,"4",11.1,6.9
"Jiménez, Leo","677870","36","4.5",33.3,"107.9","90.6","99.9","90.4","91.6","414","130",,"15",41.7,"3",8.3,5.8
"India, Jonathan","663697","35","28.3",28.6,"105.5","85.7","96.5","90.9","82.5","397","172","389","11",31.4,"2",5.7,3.4
"Morel, Christopher","666624","35","22.5",31.4,"109.4","88.4","100.2","90.1","93.8","355","152",,"15",42.9,"1",2.9,1.7
"Waldschmidt, Ryan","814439","35","15.1",57.1,"107","85.1","97.1","88.5","79.9","410","198",,"13",37.1,"4",11.4,7
"Outman, James","681546","34","19.4",32.4,"103.3","84.7","94.9","93.1","78.2","348","155",,"9",26.5,"0",0,0
"Brito, Juan","682877","34","14.2",29.4,"107.2","84.3","97.2","91.5","85.6","394","130",,"11",32.4,"1",2.9,1.8
"Susac, Daniel","691740","34","14.9",41.2,"104.7","88.7","99.1","90","87.2","404","169",,"12",35.3,"2",5.9,4.1
"Kelenic, Jarred","672284","33","14.8",42.4,"110.8","95.5","103.5","96","94.7","446","206","446","18",54.5,"8",24.2,13.6
"Rogers, Jake","668670","33","35.9",33.3,"106.2","86.6","97.3","91.8","74.7","373","208",,"12",36.4,"3",9.1,5.6
"Mack, Joe","691788","32","7.2",31.3,"106.3","89","98.7","93.1","87.7","341","121",,"12",37.5,"1",3.1,1.9
"Clarke, Denzel","672016","32","2.6",12.5,"112.7","91.9","103.2","94.3","93.3","303","77",,"15",46.9,"1",3.1,1.7
"Allen, Nick","669397","31","11.8",16.1,"105.8","87.3","97.5","84.3","90.5","367","118","367","11",35.5,"0",0,0
"Rodriguez, Jesus","683679","30","5.7",40,"101.5","86.8","96.1","86.1","87.3","350","137","339","9",30,"0",0,0
"Hays, Austin","669720","30","-1.3",30,"111.9","87","100.1","93.5","82.7","353","110","353","15",50,"1",3.3,2.3
"Wynns, Austin","642851","30","23.5",30,"109.3","85.4","97.1","92.6","77.7","390","167",,"8",26.7,"2",6.7,4.7
"Foscue, Justin","679822","30","14.5",56.7,"106.9","92.6","100.8","94.9","89.3","429","204","392","16",53.3,"4",13.3,8.2
"Teodosio, Bryce","669326","30","6.4",13.3,"107.2","83.5","96.1","89.5","81.7","387","114",,"7",23.3,"2",6.7,3.9
"Valera, George","671655","29","9.6",20.7,"108.3","90.2","98.4","92","91.6","375","111",,"10",34.5,"0",0,0
"Cole, Zach","805904","29","16.1",24.1,"113.9","92.8","102.6","97.4","88","391","166","376","15",51.7,"5",17.2,9.6
"Gasper, Mickey","681508","29","17.8",31,"105.9","91.5","100.1","90.2","93.4","378","179",,"14",48.3,"2",6.9,5.1
"Reyes, Felix","694025","29","6.4",37.9,"110.3","89.2","98.9","91.3","87.4","348","157","348","8",27.6,"2",6.9,5.3
"Slater, Austin","596103","29","11.9",34.5,"101.5","85.7","93.3","89.3","82.6","352","157",,"4",13.8,"1",3.4,2
"d'Arnaud, Travis","518595","28","14.2",39.3,"104.2","87.7","97.6","93.5","83.5","396","165","396","9",32.1,"4",14.3,10
"Dunn, Blake","694362","28","15.3",42.9,"107.9","89.9","100.4","98.9","84.6","405","169","393","9",32.1,"2",7.1,5
"Rivero, Sebastián","665861","27","19.4",11.1,"106.3","83.4","92.9","79.7","87.7","249","112",,"3",11.1,"0",0,0
"Kreidler, Ryan","668952","27","13.7",37,"108.9","88.2","99","92.7","86.7","438","160","413","9",33.3,"3",11.1,6.7
"Pozo, Yohel","650968","27","14.2",25.9,"104.9","86.8","96","89.2","88","302","119",,"7",25.9,"0",0,0
"Eldridge, Bryce","805811","27","17.6",33.3,"113.4","93.2","102.8","94.2","91.2","413","166","364","16",59.3,"1",3.7,2.3
"Bolte, Henry","703607","27","7.7",18.5,"112.2","90.2","102.9","91.7","89.8","389","137",,"13",48.1,"0",0,0
"Encarnacion, Jerar","666464","26","5.4",38.5,"112.3","87.5","99.3","92.2","83","350","142",,"9",34.6,"2",7.7,5.7
"Thomas, Colby","687515","26","17.2",30.8,"108.1","90.7","99.7","92.7","88.7","400","189","400","9",34.6,"3",11.5,8.1
"Ewing, A.J.","805999","26","12.8",42.3,"110.5","88","100.9","90.7","85.8","405","185","405","11",42.3,"3",11.5,6
"Meadows, Parker","678009","26","13.3",30.8,"105","85.3","94.5","89.3","81.1","361","147",,"5",19.2,"1",3.8,2.6
"Domínguez, Jasson","691176","26","11.4",26.9,"110.8","91.9","101.4","92.9","94.7","348","128","348","11",42.3,"0",0,0
"Trevino, Jose","624431","26","10.8",23.1,"101.5","84.7","94.6","87.8","84.3","351","116",,"7",26.9,"0",0,0
"Wilson, Weston","642215","25","23.1",36,"110.3","86.8","98.6","94.7","84.3","363","159","363","9",36,"1",4,2.4
"Kim, Ha-Seong","673490","25","10.2",12,"108.1","86.3","97.2","88.9","86.7","398","107",,"7",28,"1",4,2.6
"Haggerty, Sam","664059","25","15.5",24,"105.5","85.7","93.9","89.5","86.5","336","132",,"2",8,"0",0,0
"Ruiz, Esteury","665923","25","29.4",36,"105.1","88.5","97.5","93","72.9","396","207","389","8",32,"2",8,5.1
"Jiménez, Eloy","650391","25","5.6",32,"102.5","89.2","99","93.4","86.7","390","149",,"11",44,"1",4,2.9
"Dezenzo, Zach","701305","24","12.7",45.8,"106","84.9","97.4","92","76.4","359","177","359","8",33.3,"4",16.7,9.8
"Murray, Tanner","695020","23","25.6",26.1,"108.6","90.7","100.1","98.2","88.5","395","159","368","10",43.5,"2",8.7,6.1
"Joe, Connor","656582","22","17.5",40.9,"107.7","92.1","100.6","91.7","93.5","398","188","398","10",45.5,"2",9.1,5.1
"Ibáñez, Andy","628451","22","13.6",22.7,"105.1","86.3","94.9","90.4","79.1","355","188",,"4",18.2,"0",0,0
"McGuire, Reese","624512","21","18.8",33.3,"96","74.3","87.9","77.2","74.9","330","148",,"2",9.5,"0",0,0
"Trammell, Taylor","666211","20","3.1",30,"111.8","91.7","102.2","94.4","89.4","385","147",,"9",45,"1",5,3
"Mauricio, Ronny","677595","20","4.9",30,"111.3","89.7","101.2","94.6","86.8","421","157","421","7",35,"2",10,6.3
"Johnson, Bryce","669369","20","19",15,"96.2","79.7","90","82.8","77","280","113",,"2",10,"0",0,0
"Black, Tyler","672012","20","12.6",25,"99.5","83.6","94.2","84.5","81.8","347","141",,"3",15,"0",0,0
"Sogard, Nick","686765","19","13.7",36.8,"101.1","83.4","94.4","87.5","78.2","316","140",,"5",26.3,"0",0,0
"Marte, Noelvi","682622","19","-0.8",5.3,"106","84.9","97.4","88.5","84.8","255","58",,"6",31.6,"0",0,0
"Haase, Eric","606992","18","17.3",44.4,"103.6","83","93.5","90.7","76.6","397","164","389","4",22.2,"3",16.7,11.5
"Brennan, Will","686823","18","15.3",22.2,"103.1","84.6","96","89.6","86","349","139",,"5",27.8,"0",0,0
"Crews, Dylan","686611","18","10.3",33.3,"106.4","89","95.7","90.4","88.9","396","146","396","4",22.2,"1",5.6,4
"Arias, Gabriel","672356","18","4.9",22.2,"111.6","94.6","103.8","102","91.1","407","122","383","9",50,"3",16.7,9.4
"Halpin, Petey","690984","18","25",27.8,"107.3","86.3","96.3","88.2","86.3","370","186",,"4",22.2,"1",5.6,4
"Young, Jared","676724","18","-2.6",22.2,"113.5","88.7","104","90","88.2","357","97",,"9",50,"3",16.7,13
"Kirk, Alejandro","672386","18","4.7",33.3,"105.6","85.5","100.1","87.8","85.3","394","103","394","8",44.4,"1",5.6,4.5
"Díaz, Elias","553869","17","15",35.3,"110","88.4","100.3","95","81.9","405","174","389","7",41.2,"3",17.6,13
"Williams, Carson","700246","17","22.1",23.5,"110.1","83.2","96.4","91.1","86.9","312","140",,"3",17.6,"0",0,0
"Short, Zack","670097","16","29.4",31.3,"102.8","91.1","97","94.2","89.9","377","201",,"4",25,"1",6.3,3.6
"Conine, Griffin","665052","16","6.4",56.3,"114.4","90.1","106.7","102.8","77.5","405","183","404","10",62.5,"4",25,16
"Workman, Gage","669398","16","10.9",68.8,"109","96.9","104.7","100.4","89.2","382","220","381","10",62.5,"5",31.3,15.6
"Thompson, Sterlin","694514","16","3.6",12.5,"107","85.7","97.6","92.6","83.4","352","101",,"6",37.5,"0",0,0
"Santana, Carlos","467793","16","29.5",25,"107.2","87.8","98.4","87.5","91.5","364","174",,"7",43.8,"0",0,0
"Volpe, Anthony","683011","16","25.7",37.5,"104.5","89.1","98","94.7","91.6","344","189",,"6",37.5,"0",0,0
"Hinds, Rece","677956","16","26.1",25,"109.5","87.1","98.3","85.2","94.6","292","165",,"4",25,"0",0,0
"Barger, Addison","680718","16","16.7",25,"108.1","89","101.1","88.8","89.2","362","177",,"8",50,"0",0,0
"Song, Sung-Mun","823550","16","6.3",25,"102.9","86.3","96.9","93.6","81.5","375","139",,"5",31.3,"2",12.5,8
"Prieto, César","693409","15","10.4",20,"108.9","91.2","101.5","96.7","90.8","378","150",,"7",46.7,"1",6.7,5.9
"Pereda, Jhonny","640902","15","25.8",53.3,"106.7","90.9","101.6","95.1","74.6","392","243","392","8",53.3,"1",6.7,4.5
"Emerson, Colt","806068","15","16.6",46.7,"103.3","87.7","97.3","92.6","85.4","363","182","344","6",40,"0",0,0
"Kemp, Otto","805249","15","27",33.3,"101.5","81.5","89.9","86.9","70.9","335","175",,"2",13.3,"0",0,0
"Kayfus, CJ","692216","14","24.1",14.3,"104.5","92.8","101.2","97.4","87.9","357","202","352","7",50,"3",21.4,12
"Stubbs, Garrett","596117","14","10",28.6,"103.5","90.8","99.1","89.4","92.7","323","133",,"6",42.9,"0",0,0
"Matos, Luis","682641","13","19.8",7.7,"104.5","84.1","94.6","95.9","86.5","379","103",,"3",23.1,"0",0,0
"Jones, Greg","675659","13","-1.8",23.1,"109.1","85.7","98.3","84.5","86.4","287","98",,"4",30.8,"0",0,0
"Rodríguez, Endy","682848","13","26.3",46.2,"103.5","89.4","95.9","90.3","84.6","366","223",,"4",30.8,"1",7.7,4
"Cook, Billy","695257","13","13.6",15.4,"103.7","84.5","94.1","94.5","74.8","338","115",,"2",15.4,"0",0,0
"Higgins, P.J.","664731","13","23",53.8,"98.3","80.6","88.7","79.9","91.9","301","141",,"1",7.7,"0",0,0
"León, Sandy","506702","12","20.5",16.7,"98.2","83.7","93.1","91.9","77.9","342","139",,"2",16.7,"0",0,0
"Durán, Rodolfo","660710","12","26.5",41.7,"108.3","91.8","103.4","97.4","87.6","387","235","386","6",50,"3",25,14.3
"Salazar, César","663967","12","7.6",25,"101.3","86.7","95.8","90.9","83.1","320","120",,"4",33.3,"0",0,0
"Mountcastle, Ryan","663624","12","8.8",33.3,"111","90","103.1","91.1","89.3","345","152",,"5",41.7,"0",0,0
"Koss, Christian","683766","12","19.1",8.3,"100.1","83.5","92.5","90.5","76.5","280","131",,"2",16.7,"0",0,0
"Lawlar, Jordan","691783","12","23.4",33.3,"106.5","90.4","101.7","92.6","86.2","424","209","424","5",41.7,"1",8.3,5
"Garcia, Jhostynxon","691373","12","19.1",41.7,"109.7","80.4","96.7","91","79.4","221","130",,"3",25,"0",0,0
"Azócar, José","640492","12","5.6",33.3,"102.3","86.8","95.8","91.2","83.2","330","134",,"3",25,"0",0,0
"Jones, Spencer","682987","12","18.1",33.3,"111.1","97.2","105.7","94.8","99.5","364","178",,"9",75,"0",0,0
"Johnson, Daniel","669288","11","21.8",18.2,"107.2","92.7","100.7","89.2","100.3","309","136",,"5",45.5,"0",0,0
"Farmer, Kyle","571657","11","7",36.4,"96.7","81.6","93.2","87.1","76.9","348","126",,"3",27.3,"0",0,0
"Chaparro, Andrés","665953","11","16.7",36.4,"105.9","92.7","102.6","91.9","100.7","390","207",,"6",54.5,"1",9.1,5.3
"Robles, Victor","645302","11","15.5",27.3,"102.5","81.2","90.5","88.4","77","318","124",,"2",18.2,"1",9.1,6.7
"Arcia, Orlando","606115","10","7.3",50,"98.2","82.1","92.4","82","87.6","295","111",,"1",10,"0",0,0
"Candelario, Jeimer","600869","10","18.2",30,"102.3","91.8","98.5","90.1","94.3","323","185",,"4",40,"0",0,0
"Schuemann, Max","680474","10","26.4",30,"104.1","85.2","97.6","85","86.3","380","139",,"4",40,"0",0,0
"Senger, Hayden","663584","9","-3.8",22.2,"102.8","84.5","98.3","98.3","70.6","336","110",,"2",22.2,"0",0,0
"Tromp, Chadwick","644433","9","7",22.2,"105","85.2","98.1","83.1","88.2","249","67",,"3",33.3,"0",0,0
"Holliday, Jackson","702616","8","30.1",37.5,"105.8","93.3","99","94.5","90.8","337","239","337","3",37.5,"1",12.5,7.7
"Fulford, Braxton","690924","8","30.6",12.5,"103.8","88.9","97","85.7","100.8","376","178","376","3",37.5,"0",0,0
"Murphy, Sean","669221","8","1.9",12.5,"107","80.3","97.5","94.3","71.9","276","103",,"2",25,"0",0,0
"Helman, Michael","680737","8","29.3",25,"93.9","85.4","90.1","84.1","89.6","364","180",,"0",0,"0",0,0
"Whitcomb, Shay","694376","8","41.4",37.5,"106","87.6","96.9","88.2",,"407","245","407","2",25,"1",12.5,5.6
"Torres, Bryan","663494","7","9.3",57.1,"99.8","86.9","96","91.5","77.9","377","187","377","2",28.6,"0",0,0
"Wisdom, Patrick","621550","7","39.3",28.6,"103.8","96.9","101.9","100.9","101","360","181",,"5",71.4,"1",14.3,8.3
"Pham, Tommy","502054","6","10.5",16.7,"106","91.7","100.6","87.4","96.1","309","160",,"2",33.3,"0",0,0
"Oliva, Jared","666931","6","13.6",16.7,"105.4","93.6","101.1","88.6","98.7","297","148",,"4",66.7,"0",0,0
"Meckler, Wade","685133","6","-19.6",33.3,"105.8","78.3","96.1","98.3","68.3","403","120","403","1",16.7,"1",16.7,12.5
"Moore, Dylan","664238","6","41.6",50,"101.3","91.3","96.9","94.2",,"346","253",,"2",33.3,"0",0,0
"Stevens, Chad","677060","6","23.4",33.3,"100.2","84.1","96.1","88","64.7","371","249",,"2",33.3,"0",0,0
"Ward, Ryan","669899","5","35.4",60,"94","84.1","88.9","83.6",,"361","228",,"0",0,"0",0,0
"Jung, Jace","690291","5","23.3",80,"107.1","85.5","94.8","90.5","65.8","295","239",,"1",20,"0",0,0
"Walton, Donovan","622268","5","10.5",60,"103.8","85.1","99.8","100","75.1","329","150",,"3",60,"0",0,0
"Siri, Jose","642350","5","23.4",40,"107.2","88","99.1","98","58.5","296","166",,"2",40,"0",0,0
"Garcia, Aramis","605244","4","21.7",50,"102.6","89.2","94.9","90.7","84.6","353","214",,"1",25,"0",0,0
"Rodríguez, Johnathan","671286","4","13.8",50,"100.5","89.1","100.4","96.5","66.9","377","241",,"2",50,"0",0,0
"Troy, Tommy","694371","4","17.2",50,"106.8","99.5","103.9","99","101","364","250",,"3",75,"0",0,0
"Tolbert, Tyler","686475","4","-26.5",0,"102.8","80.7","100.6",,"80.7","54","25",,"2",50,"0",0,0
"Williams, Alika","675961","4","13.2",25,"95.5","87.4","95.5","89.8","95.5","333","140",,"2",50,"0",0,0
"Smith, Pavin","656976","4","39.6",0,"105.6","92.1","101.1","91.5","105.6","350","187",,"2",50,"0",0,0
"Bruján, Vidal","660644","4","44.5",0,"90.9","72.2","78.6","90.9",,"351","181",,"0",0,"0",0,0
"Wilson, Will","669717","4","0.8",50,"106.3","87.8","95.5","95.5","80.2","384","172","384","1",25,"1",25,16.7
"Ramírez, Pedro","699393","4","4.6",25,"101.4","88.4","99","85.9","89.3","309","137",,"2",50,"0",0,0
"Stefanic, Michael","683021","4","-9.5",25,"91.5","88.8","90.6","88","89","228","63",,"0",0,"0",0,0
"De Los Santos, Deyvison","691277","4","-8.2",50,"106.2","92.9","99.6","99.6","86.2","388","134",,"1",25,"1",25,14.3
"Kingery, Scott","664068","4","30.9",0,"90.7","77.1","87.7","76.8","64.1","293","168",,"0",0,"0",0,0
"Huff, Sam","669087","4","22.5",25,"104.6","100.2","104.5","98.7","104.6","353","261",,"3",75,"1",25,11.1
"Ritter, Ryan","690022","4","29.6",50,"96","90.6","93.4","90.6",,"353","290",,"1",25,"0",0,0
"Valdez, Esmerlyn","699013","3","20",33.3,"105","87.2","99.6","99.6","62.2","345","229","345","1",33.3,"0",0,0
"Jarvis, Jim","805347","3","11.5",33.3,"101.8","91.2","95.9","89.9","91.8","308","165",,"1",33.3,"0",0,0
"Lopez, Nicky","670032","3","-20.2",0,"98.5","88.3","98.5",,"88.3","65","23",,"1",33.3,"0",0,0
"Harris, Brett","695391","2","11.8",0,"80.4","70.9","80.4","80.4","61.3","277","144",,"0",0,"0",0,0
"Gonzalez, Gabriel","694224","2","11.6",0,"66.6","63.1","66.6",,"66.6","55","29",,"0",0,"0",0,0
"Bericoto, Victor","682674","2","17.8",0,"96.7","81.1","96.7",,"96.7","157","82",,"1",50,"0",0,0
"Carlson, Dylan","666185","2","6.4",50,"88.2","84.4","88.2","80.7","88.2","286","148",,"0",0,"0",0,0
"Martinez, Omar","683079","2","16.8",0,"99.6","88.8","99.6","78.1","99.6","273","146",,"1",50,"0",0,0
"Baker, Luken","663609","2","28.6",0,"106.8","92.2","106.8","92.2",,"244","214",,"1",50,"0",0,0
"Quero, Jeferson","691620","1","2.1",0,"85.6","85.6","85.6",,"85.6","58","58",,"0",0,"0",0,0
"Jackson, Alex","656577","1","3.4",0,"65.5","65.5","65.5",,"65.5","51","51",,"0",0,"0",0,0
"Morabito, Nick","703492","1","16.5",100,"77.1","77.1","77.1","77.1",,"164","164",,"0",0,"0",0,0